time,battery,temp,DO,Q,serial,brand,model,treatment,day
1690274460,3.5,34.618,8.407,0.925,455549,pme,miniDOT,hand_cleaned,4
1690275060,3.5,34.734,8.437,0.925,455549,pme,miniDOT,hand_cleaned,4
1690275660,3.5,34.877,8.492,0.925,455549,pme,miniDOT,hand_cleaned,4
1690276260,3.51,34.939,8.693,0.924,455549,pme,miniDOT,hand_cleaned,4
1690276860,3.5,35.073,8.786,0.924,455549,pme,miniDOT,hand_cleaned,4
1690277460,3.51,34.832,8.414,0.924,455549,pme,miniDOT,hand_cleaned,4
1690278060,3.51,34.671,8.373,0.924,455549,pme,miniDOT,hand_cleaned,4
1690278660,3.51,34.635,8.356,0.925,455549,pme,miniDOT,hand_cleaned,4
1690279260,3.51,34.591,8.38,0.924,455549,pme,miniDOT,hand_cleaned,4
1690279860,3.51,34.662,8.404,0.925,455549,pme,miniDOT,hand_cleaned,4
1690280460,3.51,34.653,8.323,0.925,455549,pme,miniDOT,hand_cleaned,4
1690281060,3.51,34.635,8.229,0.925,455549,pme,miniDOT,hand_cleaned,4
1690281660,3.52,34.743,8.237,0.924,455549,pme,miniDOT,hand_cleaned,4
1690282260,3.51,34.877,8.401,0.924,455549,pme,miniDOT,hand_cleaned,4
1690282860,3.51,35.002,8.484,0.924,455549,pme,miniDOT,hand_cleaned,4
1690283460,3.51,35.19,8.839,0.923,455549,pme,miniDOT,hand_cleaned,4
1690284060,3.51,35.217,8.883,0.923,455549,pme,miniDOT,hand_cleaned,4
1690284660,3.52,35.495,9.293,0.922,455549,pme,miniDOT,hand_cleaned,4
1690285260,3.52,35.558,9.254,0.921,455549,pme,miniDOT,hand_cleaned,4
1690285860,3.52,35.594,9.429,0.921,455549,pme,miniDOT,hand_cleaned,4
1690286460,3.52,35.648,9.482,0.922,455549,pme,miniDOT,hand_cleaned,4
1690287060,3.52,35.819,9.763,0.92,455549,pme,miniDOT,hand_cleaned,4
1690287660,3.52,35.81,9.824,0.921,455549,pme,miniDOT,hand_cleaned,4
1690288260,3.52,35.846,9.784,0.92,455549,pme,miniDOT,hand_cleaned,4
1690288860,3.52,35.918,9.921,0.919,455549,pme,miniDOT,hand_cleaned,4
1690289460,3.52,36.035,10.018,0.92,455549,pme,miniDOT,hand_cleaned,4
1690290060,3.52,35.936,9.921,0.919,455549,pme,miniDOT,hand_cleaned,4
1690290660,3.52,35.801,9.709,0.92,455549,pme,miniDOT,hand_cleaned,4
1690291260,3.53,35.738,9.502,0.919,455549,pme,miniDOT,hand_cleaned,4
1690291860,3.53,35.567,9.161,0.921,455549,pme,miniDOT,hand_cleaned,4
1690292460,3.53,35.432,9.126,0.921,455549,pme,miniDOT,hand_cleaned,4
1690293060,3.53,35.378,9.05,0.922,455549,pme,miniDOT,hand_cleaned,4
1690293660,3.52,35.288,8.987,0.922,455549,pme,miniDOT,hand_cleaned,4
1690294260,3.52,35.235,8.915,0.923,455549,pme,miniDOT,hand_cleaned,4
1690294860,3.52,35.163,8.769,0.922,455549,pme,miniDOT,hand_cleaned,4
1690295460,3.53,35.109,8.609,0.924,455549,pme,miniDOT,hand_cleaned,4
1690296060,3.52,35.235,8.797,0.922,455549,pme,miniDOT,hand_cleaned,4
1690296660,3.53,35.181,8.801,0.923,455549,pme,miniDOT,hand_cleaned,4
1690297260,3.53,35.181,8.89,0.923,455549,pme,miniDOT,hand_cleaned,4
1690297860,3.53,34.984,8.403,0.923,455549,pme,miniDOT,hand_cleaned,4
1690298460,3.53,34.886,8.333,0.923,455549,pme,miniDOT,hand_cleaned,4
1690299060,3.53,34.921,8.428,0.924,455549,pme,miniDOT,hand_cleaned,4
1690299660,3.53,34.886,8.234,0.923,455549,pme,miniDOT,hand_cleaned,4
1690300260,3.53,34.984,8.705,0.924,455549,pme,miniDOT,hand_cleaned,4
1690300860,3.53,34.85,8.461,0.924,455549,pme,miniDOT,hand_cleaned,4
1690301460,3.53,34.662,8.196,0.924,455549,pme,miniDOT,hand_cleaned,4
1690302060,3.53,34.68,8.81,0.925,455549,pme,miniDOT,hand_cleaned,4
1690302660,3.53,34.519,8.426,0.924,455549,pme,miniDOT,hand_cleaned,4
1690303260,3.53,34.261,7.723,0.925,455549,pme,miniDOT,hand_cleaned,4
1690303860,3.53,34.163,7.3,0.925,455549,pme,miniDOT,hand_cleaned,4
1690304460,3.53,34.048,6.998,0.925,455549,pme,miniDOT,hand_cleaned,4
1690305060,3.53,34.039,7.111,0.926,455549,pme,miniDOT,hand_cleaned,4
1690305660,3.53,33.977,6.799,0.926,455549,pme,miniDOT,hand_cleaned,4
1690306260,3.53,33.923,7.154,0.927,455549,pme,miniDOT,hand_cleaned,4
1690306860,3.53,33.888,7.142,0.927,455549,pme,miniDOT,hand_cleaned,4
1690307460,3.53,33.799,6.667,0.926,455549,pme,miniDOT,hand_cleaned,4
1690308060,3.53,33.711,6.347,0.927,455549,pme,miniDOT,hand_cleaned,4
1690308660,3.53,33.711,6.483,0.927,455549,pme,miniDOT,hand_cleaned,4
1690309260,3.53,33.711,6.504,0.926,455549,pme,miniDOT,hand_cleaned,4
1690309860,3.53,33.684,6.522,0.927,455549,pme,miniDOT,hand_cleaned,4
1690310460,3.53,33.746,6.717,0.927,455549,pme,miniDOT,hand_cleaned,4
1690311060,3.53,33.755,6.916,0.928,455549,pme,miniDOT,hand_cleaned,4
1690311660,3.53,33.755,6.964,0.927,455549,pme,miniDOT,hand_cleaned,4
1690312260,3.53,33.764,7.213,0.927,455549,pme,miniDOT,hand_cleaned,4
1690312860,3.53,33.737,7.225,0.927,455549,pme,miniDOT,hand_cleaned,4
1690313460,3.53,33.746,7.193,0.928,455549,pme,miniDOT,hand_cleaned,4
1690314060,3.53,33.693,7.267,0.927,455549,pme,miniDOT,hand_cleaned,4
1690314660,3.53,33.657,7.235,0.927,455549,pme,miniDOT,hand_cleaned,4
1690315260,3.53,33.622,7.267,0.928,455549,pme,miniDOT,hand_cleaned,4
1690315860,3.53,33.613,7.167,0.927,455549,pme,miniDOT,hand_cleaned,4
1690316460,3.53,33.631,7.018,0.927,455549,pme,miniDOT,hand_cleaned,4
1690317060,3.53,33.675,6.567,0.927,455549,pme,miniDOT,hand_cleaned,4
1690317660,3.53,33.728,6.826,0.927,455549,pme,miniDOT,hand_cleaned,4
1690318260,3.53,33.746,7.045,0.927,455549,pme,miniDOT,hand_cleaned,4
1690318860,3.53,33.737,7.104,0.927,455549,pme,miniDOT,hand_cleaned,4
1690319460,3.53,33.808,6.866,0.927,455549,pme,miniDOT,hand_cleaned,4
1690320060,3.53,33.861,6.466,0.926,455549,pme,miniDOT,hand_cleaned,4
1690320660,3.53,33.79,6.342,0.926,455549,pme,miniDOT,hand_cleaned,4
1690321260,3.54,33.64,6.321,0.927,455549,pme,miniDOT,hand_cleaned,4
1690321860,3.54,33.56,6.511,0.927,455549,pme,miniDOT,hand_cleaned,4
1690322460,3.54,33.578,6.66,0.927,455549,pme,miniDOT,hand_cleaned,4
1690323060,3.54,33.569,6.854,0.927,455549,pme,miniDOT,hand_cleaned,4
1690323660,3.54,33.507,6.846,0.927,455549,pme,miniDOT,hand_cleaned,4
1690324260,3.54,33.498,6.812,0.928,455549,pme,miniDOT,hand_cleaned,4
1690324860,3.54,33.507,6.799,0.928,455549,pme,miniDOT,hand_cleaned,4
1690325460,3.54,33.516,6.2,0.927,455549,pme,miniDOT,hand_cleaned,4
1690326060,3.54,33.436,6.123,0.927,455549,pme,miniDOT,hand_cleaned,4
1690326660,3.54,33.18,6.339,0.928,455549,pme,miniDOT,hand_cleaned,4
1690327260,3.53,33.056,6.169,0.928,455549,pme,miniDOT,hand_cleaned,4
1690327860,3.53,32.995,6.015,0.928,455549,pme,miniDOT,hand_cleaned,4
1690328460,3.53,32.968,5.926,0.928,455549,pme,miniDOT,hand_cleaned,4
1690329060,3.53,32.924,5.767,0.928,455549,pme,miniDOT,hand_cleaned,4
1690329660,3.53,32.906,5.426,0.928,455549,pme,miniDOT,hand_cleaned,4
1690330260,3.53,32.889,5.304,0.928,455549,pme,miniDOT,hand_cleaned,4
1690330860,3.53,32.889,5.315,0.928,455549,pme,miniDOT,hand_cleaned,4
1690331460,3.53,32.915,5.352,0.928,455549,pme,miniDOT,hand_cleaned,4
1690332060,3.53,32.924,5.239,0.928,455549,pme,miniDOT,hand_cleaned,4
1690332660,3.53,32.898,5.618,0.929,455549,pme,miniDOT,hand_cleaned,4
1690333260,3.53,32.906,5.561,0.928,455549,pme,miniDOT,hand_cleaned,4
1690333860,3.53,32.898,5.438,0.928,455549,pme,miniDOT,hand_cleaned,4
1690334460,3.53,32.88,5.469,0.929,455549,pme,miniDOT,hand_cleaned,4
1690335060,3.53,32.88,5.498,0.928,455549,pme,miniDOT,hand_cleaned,4
1690335660,3.54,32.871,5.387,0.929,455549,pme,miniDOT,hand_cleaned,4
1690336260,3.53,32.818,5.252,0.928,455549,pme,miniDOT,hand_cleaned,4
1690336860,3.53,32.81,5.278,0.928,455549,pme,miniDOT,hand_cleaned,4
1690337460,3.54,32.81,5.252,0.929,455549,pme,miniDOT,hand_cleaned,4
1690338060,3.54,32.871,5.345,0.928,455549,pme,miniDOT,hand_cleaned,4
1690338660,3.53,32.898,5.576,0.928,455549,pme,miniDOT,hand_cleaned,4
1690339260,3.53,32.915,5.689,0.928,455549,pme,miniDOT,hand_cleaned,4
1690339860,3.53,32.915,5.595,0.928,455549,pme,miniDOT,hand_cleaned,4
1690340460,3.53,32.871,5.725,0.928,455549,pme,miniDOT,hand_cleaned,4
1690341060,3.53,32.836,5.784,0.929,455549,pme,miniDOT,hand_cleaned,4
1690341660,3.54,32.862,5.728,0.928,455549,pme,miniDOT,hand_cleaned,4
1690342260,3.53,32.871,5.715,0.929,455549,pme,miniDOT,hand_cleaned,4
1690342860,3.53,32.871,5.723,0.928,455549,pme,miniDOT,hand_cleaned,4
1690343460,3.53,32.88,5.642,0.928,455549,pme,miniDOT,hand_cleaned,4
1690344060,3.53,32.871,5.549,0.928,455549,pme,miniDOT,hand_cleaned,4
1690344660,3.53,32.88,5.707,0.929,455549,pme,miniDOT,hand_cleaned,4
1690345260,3.53,32.889,5.831,0.928,455549,pme,miniDOT,hand_cleaned,4
1690345860,3.53,32.915,5.879,0.928,455549,pme,miniDOT,hand_cleaned,4
1690346460,3.53,32.942,5.886,0.928,455549,pme,miniDOT,hand_cleaned,4
1690347060,3.53,33.021,5.921,0.928,455549,pme,miniDOT,hand_cleaned,4
1690347660,3.54,33.092,5.959,0.928,455549,pme,miniDOT,hand_cleaned,4
1690348260,3.54,33.127,5.989,0.928,455549,pme,miniDOT,hand_cleaned,4
1690348860,3.54,33.136,5.985,0.928,455549,pme,miniDOT,hand_cleaned,4
1690349460,3.54,33.074,5.983,0.928,455549,pme,miniDOT,hand_cleaned,4
1690350060,3.54,33.1,6.009,0.928,455549,pme,miniDOT,hand_cleaned,4
1690350660,3.54,33.136,6.002,0.928,455549,pme,miniDOT,hand_cleaned,4
1690351260,3.54,33.268,6.076,0.927,455549,pme,miniDOT,hand_cleaned,4
1690351860,3.54,33.339,6.05,0.927,455549,pme,miniDOT,hand_cleaned,4
1690352460,3.54,33.41,6.11,0.927,455549,pme,miniDOT,hand_cleaned,4
1690353060,3.54,33.542,6.299,0.927,455549,pme,miniDOT,hand_cleaned,4
1690353660,3.54,33.516,6.754,0.924,455549,pme,miniDOT,hand_cleaned,4
1690354260,3.54,33.551,6.497,0.926,455549,pme,miniDOT,hand_cleaned,4
1690354860,3.54,33.649,6.66,0.926,455549,pme,miniDOT,hand_cleaned,4
1690355460,3.54,33.746,6.65,0.926,455549,pme,miniDOT,hand_cleaned,4
1690356060,3.53,33.923,6.735,0.926,455549,pme,miniDOT,hand_cleaned,4
1690356660,3.53,33.923,6.851,0.921,455549,pme,miniDOT,hand_cleaned,4
1690357260,3.53,34.092,7.233,0.919,455549,pme,miniDOT,hand_cleaned,4
1690357860,3.53,34.199,7.611,0.922,455549,pme,miniDOT,hand_cleaned,4
1690358460,3.53,34.172,7.312,0.924,455549,pme,miniDOT,hand_cleaned,4
1690359060,3.53,34.172,7.277,0.925,455549,pme,miniDOT,hand_cleaned,4
1690359660,3.54,34.306,7.457,0.924,455549,pme,miniDOT,hand_cleaned,4
1690360260,3.54,34.386,7.479,0.924,455549,pme,miniDOT,hand_cleaned,4
1690360860,3.54,34.448,13.468,0.879,455549,pme,miniDOT,hand_cleaned,4
1690361460,3.54,34.439,14.761,0.91,455549,pme,miniDOT,hand_cleaned,4
1690362060,3.54,34.421,12.802,0.913,455549,pme,miniDOT,hand_cleaned,4
1690362660,3.54,34.413,11.552,0.918,455549,pme,miniDOT,hand_cleaned,4
1690363260,3.54,34.421,10.407,0.919,455549,pme,miniDOT,hand_cleaned,4
1690363860,3.54,34.511,9.746,0.92,455549,pme,miniDOT,hand_cleaned,4
1690364460,3.54,34.591,9.441,0.921,455549,pme,miniDOT,hand_cleaned,4
1690365060,3.54,34.805,9.38,0.921,455549,pme,miniDOT,hand_cleaned,4
1690365660,3.53,34.984,9.414,0.921,455549,pme,miniDOT,hand_cleaned,4
1690366260,3.53,35.145,9.596,0.921,455549,pme,miniDOT,hand_cleaned,4
1690366860,3.53,35.262,9.703,0.921,455549,pme,miniDOT,hand_cleaned,4
1690367460,3.54,35.441,9.772,0.92,455549,pme,miniDOT,hand_cleaned,4
1690368060,3.54,35.558,9.825,0.921,455549,pme,miniDOT,hand_cleaned,4
1690368660,3.54,35.603,9.897,0.921,455549,pme,miniDOT,hand_cleaned,4
1690369260,3.54,35.702,9.931,0.92,455549,pme,miniDOT,hand_cleaned,4
1690369860,3.54,35.783,9.947,0.919,455549,pme,miniDOT,hand_cleaned,4
1690370460,3.54,35.918,10.004,0.919,455549,pme,miniDOT,hand_cleaned,4
1690371060,3.54,35.864,10.335,0.919,455549,pme,miniDOT,hand_cleaned,4
1690371660,3.54,35.891,10.233,0.919,455549,pme,miniDOT,hand_cleaned,4
1690372260,3.54,35.891,10.042,0.918,455549,pme,miniDOT,hand_cleaned,4
1690372860,3.54,35.999,10.095,0.918,455549,pme,miniDOT,hand_cleaned,4
1690373460,3.54,36.008,10.002,0.919,455549,pme,miniDOT,hand_cleaned,4
1690374060,3.54,35.927,9.893,0.919,455549,pme,miniDOT,hand_cleaned,4
1690374660,3.54,35.891,9.864,0.92,455549,pme,miniDOT,hand_cleaned,4
1690375260,3.54,35.936,9.887,0.919,455549,pme,miniDOT,hand_cleaned,4
1690375860,3.54,35.873,9.942,0.919,455549,pme,miniDOT,hand_cleaned,4
1690376460,3.54,35.855,9.823,0.919,455549,pme,miniDOT,hand_cleaned,4
1690377060,3.54,35.846,9.858,0.92,455549,pme,miniDOT,hand_cleaned,4
1690377660,3.54,35.801,9.824,0.919,455549,pme,miniDOT,hand_cleaned,4
1690378260,3.54,35.666,9.763,0.919,455549,pme,miniDOT,hand_cleaned,4
1690378860,3.54,35.549,9.688,0.92,455549,pme,miniDOT,hand_cleaned,4
1690379460,3.54,35.468,9.641,0.921,455549,pme,miniDOT,hand_cleaned,4
1690380060,3.54,35.324,9.659,0.921,455549,pme,miniDOT,hand_cleaned,4
1690380660,3.54,35.315,9.669,0.921,455549,pme,miniDOT,hand_cleaned,4
1690381260,3.54,35.378,9.651,0.921,455549,pme,miniDOT,hand_cleaned,4
1690381860,3.54,35.217,9.614,0.922,455549,pme,miniDOT,hand_cleaned,4
1690382460,3.54,35.109,9.585,0.923,455549,pme,miniDOT,hand_cleaned,4
1690383060,3.54,34.957,10.017,0.923,455549,pme,miniDOT,hand_cleaned,4
1690383660,3.54,34.689,10.02,0.924,455549,pme,miniDOT,hand_cleaned,4
1690384260,3.54,34.573,9.903,0.925,455549,pme,miniDOT,hand_cleaned,4
1690384860,3.54,34.519,9.784,0.924,455549,pme,miniDOT,hand_cleaned,4
1690385460,3.54,34.395,9.646,0.925,455549,pme,miniDOT,hand_cleaned,4
1690386060,3.54,34.341,9.521,0.925,455549,pme,miniDOT,hand_cleaned,4
1690386660,3.54,34.315,9.413,0.925,455549,pme,miniDOT,hand_cleaned,4
1690387260,3.54,34.199,9.307,0.925,455549,pme,miniDOT,hand_cleaned,4
1690387860,3.54,34.03,9.211,0.925,455549,pme,miniDOT,hand_cleaned,4
1690388460,3.54,33.915,9.137,0.925,455549,pme,miniDOT,hand_cleaned,4
1690389060,3.54,33.808,9.034,0.925,455549,pme,miniDOT,hand_cleaned,4
1690389660,3.54,33.693,8.93,0.926,455549,pme,miniDOT,hand_cleaned,4
1690390260,3.54,33.595,8.865,0.927,455549,pme,miniDOT,hand_cleaned,4
1690390860,3.54,33.498,8.79,0.927,455549,pme,miniDOT,hand_cleaned,4
1690391460,3.54,33.436,8.705,0.927,455549,pme,miniDOT,hand_cleaned,4
1690392060,3.54,33.383,8.625,0.927,455549,pme,miniDOT,hand_cleaned,4
1690392660,3.54,33.33,8.551,0.927,455549,pme,miniDOT,hand_cleaned,4
1690393260,3.54,33.312,8.472,0.927,455549,pme,miniDOT,hand_cleaned,4
1690393860,3.54,33.153,8.301,0.927,455549,pme,miniDOT,hand_cleaned,4
1690394460,3.54,33.065,8.137,0.927,455549,pme,miniDOT,hand_cleaned,4
1690395060,3.54,33.003,7.98,0.928,455549,pme,miniDOT,hand_cleaned,4
1690395660,3.54,32.977,7.804,0.927,455549,pme,miniDOT,hand_cleaned,4
1690396260,3.54,32.924,7.652,0.928,455549,pme,miniDOT,hand_cleaned,4
1690396860,3.54,32.933,7.559,0.928,455549,pme,miniDOT,hand_cleaned,4
1690397460,3.54,32.942,7.429,0.928,455549,pme,miniDOT,hand_cleaned,4
1690398060,3.54,32.977,7.345,0.928,455549,pme,miniDOT,hand_cleaned,4
1690398660,3.54,32.995,7.27,0.928,455549,pme,miniDOT,hand_cleaned,4
1690399260,3.54,33.065,7.257,0.928,455549,pme,miniDOT,hand_cleaned,4
1690399860,3.54,33.153,7.267,0.928,455549,pme,miniDOT,hand_cleaned,4
1690400460,3.54,33.224,7.225,0.928,455549,pme,miniDOT,hand_cleaned,4
1690401060,3.54,33.198,7.227,0.928,455549,pme,miniDOT,hand_cleaned,4
1690401660,3.54,33.171,7.17,0.928,455549,pme,miniDOT,hand_cleaned,4
1690402260,3.54,33.145,7.083,0.928,455549,pme,miniDOT,hand_cleaned,4
1690402860,3.54,33.153,7.001,0.928,455549,pme,miniDOT,hand_cleaned,4
1690403460,3.54,33.171,6.86,0.927,455549,pme,miniDOT,hand_cleaned,4
1690404060,3.54,33.268,6.789,0.927,455549,pme,miniDOT,hand_cleaned,4
1690404660,3.54,33.277,6.696,0.927,455549,pme,miniDOT,hand_cleaned,4
1690405260,3.54,33.321,6.589,0.927,455549,pme,miniDOT,hand_cleaned,4
1690405860,3.54,33.357,6.567,0.927,455549,pme,miniDOT,hand_cleaned,4
1690406460,3.54,33.295,6.492,0.927,455549,pme,miniDOT,hand_cleaned,4
1690407060,3.54,33.295,6.417,0.927,455549,pme,miniDOT,hand_cleaned,4
1690407660,3.54,33.277,6.374,0.926,455549,pme,miniDOT,hand_cleaned,4
1690408260,3.54,33.295,6.294,0.927,455549,pme,miniDOT,hand_cleaned,4
1690408860,3.54,33.251,6.195,0.927,455549,pme,miniDOT,hand_cleaned,4
1690409460,3.54,33.224,6.19,0.927,455549,pme,miniDOT,hand_cleaned,4
1690410060,3.54,33.215,6.186,0.927,455549,pme,miniDOT,hand_cleaned,4
1690410660,3.54,33.224,6.227,0.927,455549,pme,miniDOT,hand_cleaned,4
1690411260,3.54,33.224,6.242,0.927,455549,pme,miniDOT,hand_cleaned,4
1690411860,3.54,33.189,6.213,0.927,455549,pme,miniDOT,hand_cleaned,4
1690412460,3.54,33.153,6.074,0.927,455549,pme,miniDOT,hand_cleaned,4
1690413060,3.54,33.153,6.039,0.927,455549,pme,miniDOT,hand_cleaned,4
1690413660,3.54,33.242,5.986,0.928,455549,pme,miniDOT,hand_cleaned,4
1690414260,3.54,33.242,5.895,0.927,455549,pme,miniDOT,hand_cleaned,4
1690414860,3.54,33.251,5.822,0.927,455549,pme,miniDOT,hand_cleaned,4
1690415460,3.54,33.312,5.72,0.927,455549,pme,miniDOT,hand_cleaned,4
1690416060,3.54,33.321,5.595,0.926,455549,pme,miniDOT,hand_cleaned,4
1690416660,3.54,33.339,5.568,0.926,455549,pme,miniDOT,hand_cleaned,4
1690417260,3.54,33.348,5.572,0.926,455549,pme,miniDOT,hand_cleaned,4
1690417860,3.54,33.348,5.655,0.926,455549,pme,miniDOT,hand_cleaned,4
1690418460,3.54,33.365,5.704,0.927,455549,pme,miniDOT,hand_cleaned,4
1690419060,3.54,33.374,5.71,0.926,455549,pme,miniDOT,hand_cleaned,4
1690419660,3.54,33.339,5.769,0.927,455549,pme,miniDOT,hand_cleaned,4
1690420260,3.54,33.33,5.865,0.927,455549,pme,miniDOT,hand_cleaned,4
1690420860,3.54,33.286,6.008,0.927,455549,pme,miniDOT,hand_cleaned,4
1690421460,3.54,33.242,6.04,0.927,455549,pme,miniDOT,hand_cleaned,4
1690422060,3.54,33.109,5.949,0.927,455549,pme,miniDOT,hand_cleaned,4
1690422660,3.54,32.977,5.747,0.927,455549,pme,miniDOT,hand_cleaned,4
1690423260,3.54,32.871,5.701,0.928,455549,pme,miniDOT,hand_cleaned,4
1690423860,3.54,32.748,5.67,0.928,455549,pme,miniDOT,hand_cleaned,4
1690424460,3.54,32.66,5.698,0.928,455549,pme,miniDOT,hand_cleaned,4
1690425060,3.54,32.598,5.663,0.928,455549,pme,miniDOT,hand_cleaned,4
1690425660,3.54,32.528,5.591,0.928,455549,pme,miniDOT,hand_cleaned,4
1690426260,3.54,32.353,5.35,0.928,455549,pme,miniDOT,hand_cleaned,4
1690426860,3.54,32.221,5.189,0.928,455549,pme,miniDOT,hand_cleaned,4
1690427460,3.55,32.107,5.068,0.928,455549,pme,miniDOT,hand_cleaned,4
1690428060,3.54,31.958,4.897,0.929,455549,pme,miniDOT,hand_cleaned,4
1690428660,3.54,31.801,4.78,0.929,455549,pme,miniDOT,hand_cleaned,4
1690429260,3.54,31.722,4.598,0.929,455549,pme,miniDOT,hand_cleaned,4
1690429860,3.54,31.696,4.442,0.929,455549,pme,miniDOT,hand_cleaned,4
1690430460,3.54,31.609,4.115,0.928,455549,pme,miniDOT,hand_cleaned,4
1690431060,3.54,31.574,4.15,0.929,455549,pme,miniDOT,hand_cleaned,4
1690431660,3.54,31.696,4.349,0.93,455549,pme,miniDOT,hand_cleaned,4
1690432260,3.54,31.81,4.314,0.93,455549,pme,miniDOT,hand_cleaned,4
1690432860,3.54,32.011,4.602,0.93,455549,pme,miniDOT,hand_cleaned,4
1690433460,3.54,32.212,4.712,0.93,455549,pme,miniDOT,hand_cleaned,4
1690434060,3.54,32.388,4.862,0.929,455549,pme,miniDOT,hand_cleaned,4
1690434660,3.54,32.546,5.166,0.928,455549,pme,miniDOT,hand_cleaned,4
1690435260,3.54,32.686,5.451,0.928,455549,pme,miniDOT,hand_cleaned,4
1690435860,3.54,32.836,5.778,0.928,455549,pme,miniDOT,hand_cleaned,4
1690436460,3.54,32.959,6.057,0.928,455549,pme,miniDOT,hand_cleaned,4
1690437060,3.54,33.083,6.288,0.927,455549,pme,miniDOT,hand_cleaned,4
1690437660,3.54,33.233,6.565,0.928,455549,pme,miniDOT,hand_cleaned,4
1690438260,3.54,33.357,6.765,0.927,455549,pme,miniDOT,hand_cleaned,4
1690438860,3.54,33.48,6.945,0.927,455549,pme,miniDOT,hand_cleaned,4
1690439460,3.54,33.604,7.192,0.926,455549,pme,miniDOT,hand_cleaned,4
1690440060,3.54,33.719,7.324,0.926,455549,pme,miniDOT,hand_cleaned,4
1690440660,3.54,33.844,7.478,0.927,455549,pme,miniDOT,hand_cleaned,4
1690441260,3.54,33.968,7.624,0.925,455549,pme,miniDOT,hand_cleaned,4
1690441860,3.54,34.066,7.743,0.925,455549,pme,miniDOT,hand_cleaned,4
1690442460,3.54,34.172,7.913,0.925,455549,pme,miniDOT,hand_cleaned,4
1690443060,3.54,34.252,8.044,0.924,455549,pme,miniDOT,hand_cleaned,4
1690443660,3.54,34.359,8.126,0.924,455549,pme,miniDOT,hand_cleaned,4
1690444260,3.54,34.43,8.266,0.923,455549,pme,miniDOT,hand_cleaned,4
1690444860,3.54,34.413,8.283,0.923,455549,pme,miniDOT,hand_cleaned,4
1690445460,3.54,34.484,8.276,0.923,455549,pme,miniDOT,hand_cleaned,4
1690446060,3.54,34.627,8.492,0.922,455549,pme,miniDOT,hand_cleaned,4
1690446660,3.54,34.823,8.902,0.922,455549,pme,miniDOT,hand_cleaned,4
1690447260,3.54,34.85,8.873,0.923,455549,pme,miniDOT,hand_cleaned,4
1690447860,3.54,34.823,8.836,0.923,455549,pme,miniDOT,hand_cleaned,4
1690448460,3.54,34.743,9.305,0.918,455549,pme,miniDOT,hand_cleaned,4
1690449060,3.54,34.752,9.31,0.92,455549,pme,miniDOT,hand_cleaned,4
1690449660,3.54,34.877,9.307,0.921,455549,pme,miniDOT,hand_cleaned,4
1690450260,3.54,35.002,9.28,0.922,455549,pme,miniDOT,hand_cleaned,4
1690450860,3.53,35.136,9.347,0.922,455549,pme,miniDOT,hand_cleaned,4
1690451460,3.53,35.271,9.507,0.921,455549,pme,miniDOT,hand_cleaned,4
1690452060,3.53,35.306,9.517,0.921,455549,pme,miniDOT,hand_cleaned,4
1690452660,3.54,35.45,9.648,0.92,455549,pme,miniDOT,hand_cleaned,4
1690453260,3.54,35.549,9.787,0.92,455549,pme,miniDOT,hand_cleaned,4
1690453860,3.54,35.918,10.051,0.919,455549,pme,miniDOT,hand_cleaned,4
1690454460,3.54,36.062,10.115,0.919,455549,pme,miniDOT,hand_cleaned,4
1690455060,3.54,36.143,10.166,0.918,455549,pme,miniDOT,hand_cleaned,4
1690455660,3.53,36.224,10.231,0.918,455549,pme,miniDOT,hand_cleaned,4
1690456260,3.54,36.089,10.21,0.918,455549,pme,miniDOT,hand_cleaned,4
1690456860,3.54,35.918,10.043,0.919,455549,pme,miniDOT,hand_cleaned,4
1690457460,3.54,35.828,9.962,0.92,455549,pme,miniDOT,hand_cleaned,4
1690458060,3.54,35.684,9.735,0.919,455549,pme,miniDOT,hand_cleaned,4
1690458660,3.54,35.45,9.448,0.919,455549,pme,miniDOT,hand_cleaned,4
1690459260,3.54,35.271,9.347,0.921,455549,pme,miniDOT,hand_cleaned,4
1690459860,3.54,35.109,9.158,0.921,455549,pme,miniDOT,hand_cleaned,4
1690460460,3.54,34.912,9.024,0.922,455549,pme,miniDOT,hand_cleaned,4
1690461060,3.54,34.868,8.984,0.922,455549,pme,miniDOT,hand_cleaned,4
1690461660,3.54,34.743,8.901,0.923,455549,pme,miniDOT,hand_cleaned,4
1690462260,3.54,34.716,8.908,0.923,455549,pme,miniDOT,hand_cleaned,4
1690462860,3.54,34.573,8.825,0.924,455549,pme,miniDOT,hand_cleaned,4
1690463460,3.54,34.537,8.835,0.923,455549,pme,miniDOT,hand_cleaned,4
1690464060,3.54,34.439,8.759,0.923,455549,pme,miniDOT,hand_cleaned,4
1690464660,3.54,34.377,8.681,0.924,455549,pme,miniDOT,hand_cleaned,4
1690465260,3.54,34.341,8.681,0.924,455549,pme,miniDOT,hand_cleaned,4
1690465860,3.54,34.315,8.678,0.924,455549,pme,miniDOT,hand_cleaned,4
1690466460,3.54,34.27,8.616,0.924,455549,pme,miniDOT,hand_cleaned,4
1690467060,3.54,34.181,8.555,0.924,455549,pme,miniDOT,hand_cleaned,4
1690467660,3.54,34.163,8.584,0.924,455549,pme,miniDOT,hand_cleaned,4
1690468260,3.54,34.137,8.811,0.923,455549,pme,miniDOT,hand_cleaned,4
1690468860,3.54,34.074,8.664,0.923,455549,pme,miniDOT,hand_cleaned,4
1690469460,3.54,34.039,8.629,0.925,455549,pme,miniDOT,hand_cleaned,4
1690470060,3.54,33.986,8.542,0.925,455549,pme,miniDOT,hand_cleaned,4
1690470660,3.54,33.977,8.497,0.925,455549,pme,miniDOT,hand_cleaned,4
1690471260,3.54,33.844,8.403,0.925,455549,pme,miniDOT,hand_cleaned,4
1690471860,3.54,33.817,8.355,0.925,455549,pme,miniDOT,hand_cleaned,4
1690472460,3.54,33.79,8.298,0.925,455549,pme,miniDOT,hand_cleaned,4
1690473060,3.54,33.657,8.208,0.926,455549,pme,miniDOT,hand_cleaned,4
1690473660,3.54,33.578,8.135,0.926,455549,pme,miniDOT,hand_cleaned,4
1690474260,3.54,33.498,8.063,0.927,455549,pme,miniDOT,hand_cleaned,4
1690474860,3.54,33.392,7.94,0.926,455549,pme,miniDOT,hand_cleaned,4
1690475460,3.54,33.312,7.818,0.927,455549,pme,miniDOT,hand_cleaned,4
1690476060,3.54,33.215,7.717,0.927,455549,pme,miniDOT,hand_cleaned,4
1690476660,3.54,33.136,7.613,0.928,455549,pme,miniDOT,hand_cleaned,4
1690477260,3.54,32.968,7.362,0.928,455549,pme,miniDOT,hand_cleaned,4
1690477860,3.54,32.889,7.192,0.927,455549,pme,miniDOT,hand_cleaned,4
1690478460,3.54,32.836,7.075,0.928,455549,pme,miniDOT,hand_cleaned,4
1690479060,3.54,32.774,6.949,0.928,455549,pme,miniDOT,hand_cleaned,4
1690479660,3.54,32.757,6.816,0.928,455549,pme,miniDOT,hand_cleaned,4
1690480260,3.54,32.748,6.724,0.928,455549,pme,miniDOT,hand_cleaned,4
1690480860,3.54,32.669,6.415,0.929,455549,pme,miniDOT,hand_cleaned,4
1690481460,3.54,32.66,6.253,0.928,455549,pme,miniDOT,hand_cleaned,4
1690482060,3.54,32.642,6.142,0.928,455549,pme,miniDOT,hand_cleaned,4
1690482660,3.54,32.651,6.099,0.929,455549,pme,miniDOT,hand_cleaned,4
1690483260,3.54,32.669,6.005,0.928,455549,pme,miniDOT,hand_cleaned,4
1690483860,3.54,32.686,5.911,0.929,455549,pme,miniDOT,hand_cleaned,4
1690484460,3.54,32.651,5.71,0.928,455549,pme,miniDOT,hand_cleaned,4
1690485060,3.54,32.634,5.587,0.928,455549,pme,miniDOT,hand_cleaned,4
1690485660,3.54,32.66,5.539,0.928,455549,pme,miniDOT,hand_cleaned,4
1690486260,3.54,32.783,5.643,0.928,455549,pme,miniDOT,hand_cleaned,4
1690486860,3.54,32.889,5.686,0.928,455549,pme,miniDOT,hand_cleaned,4
1690487460,3.54,32.968,5.7,0.928,455549,pme,miniDOT,hand_cleaned,4
1690488060,3.54,33.012,5.616,0.927,455549,pme,miniDOT,hand_cleaned,4
1690488660,3.54,33.056,5.693,0.927,455549,pme,miniDOT,hand_cleaned,4
1690489260,3.54,33.127,5.599,0.928,455549,pme,miniDOT,hand_cleaned,4
1690489860,3.54,33.118,5.672,0.927,455549,pme,miniDOT,hand_cleaned,4
1690490460,3.54,33.206,5.704,0.927,455549,pme,miniDOT,hand_cleaned,4
1690491060,3.54,33.127,5.594,0.927,455549,pme,miniDOT,hand_cleaned,4
1690491660,3.54,33.083,5.369,0.927,455549,pme,miniDOT,hand_cleaned,4
1690492260,3.54,33.136,5.35,0.928,455549,pme,miniDOT,hand_cleaned,4
1690492860,3.54,33.224,5.21,0.927,455549,pme,miniDOT,hand_cleaned,4
1690493460,3.54,33.41,5.595,0.926,455549,pme,miniDOT,hand_cleaned,4
1690494060,3.54,33.516,5.735,0.926,455549,pme,miniDOT,hand_cleaned,4
1690494660,3.54,33.542,5.87,0.926,455549,pme,miniDOT,hand_cleaned,4
1690495260,3.54,33.445,5.472,0.926,455549,pme,miniDOT,hand_cleaned,4
1690495860,3.54,33.454,5.584,0.926,455549,pme,miniDOT,hand_cleaned,4
1690496460,3.54,33.471,5.49,0.926,455549,pme,miniDOT,hand_cleaned,4
1690497060,3.54,33.507,5.765,0.926,455549,pme,miniDOT,hand_cleaned,4
1690497660,3.54,33.498,5.993,0.926,455549,pme,miniDOT,hand_cleaned,4
1690498260,3.54,33.445,5.521,0.926,455549,pme,miniDOT,hand_cleaned,4
1690498860,3.54,33.418,5.532,0.927,455549,pme,miniDOT,hand_cleaned,4
1690499460,3.54,33.374,5.225,0.926,455549,pme,miniDOT,hand_cleaned,4
1690500060,3.54,33.295,4.74,0.927,455549,pme,miniDOT,hand_cleaned,4
1690500660,3.54,33.348,5.753,0.927,455549,pme,miniDOT,hand_cleaned,4
1690501260,3.54,33.383,5.678,0.926,455549,pme,miniDOT,hand_cleaned,4
1690501860,3.54,33.383,5.625,0.927,455549,pme,miniDOT,hand_cleaned,4
1690502460,3.54,33.33,5.442,0.927,455549,pme,miniDOT,hand_cleaned,4
1690503060,3.54,33.339,5.308,0.927,455549,pme,miniDOT,hand_cleaned,4
1690503660,3.54,33.365,5.579,0.927,455549,pme,miniDOT,hand_cleaned,4
1690504260,3.54,33.348,5.65,0.926,455549,pme,miniDOT,hand_cleaned,4
1690504860,3.54,33.321,5.806,0.927,455549,pme,miniDOT,hand_cleaned,4
1690505460,3.54,33.304,5.626,0.926,455549,pme,miniDOT,hand_cleaned,4
1690506060,3.54,33.383,5.511,0.927,455549,pme,miniDOT,hand_cleaned,4
1690506660,3.54,33.365,5.452,0.927,455549,pme,miniDOT,hand_cleaned,4
1690507260,3.54,33.348,5.603,0.927,455549,pme,miniDOT,hand_cleaned,4
1690507860,3.54,33.33,5.757,0.927,455549,pme,miniDOT,hand_cleaned,4
1690508460,3.54,33.277,5.793,0.927,455549,pme,miniDOT,hand_cleaned,4
1690509060,3.54,33.198,5.85,0.928,455549,pme,miniDOT,hand_cleaned,4
1690509660,3.54,33.003,5.726,0.927,455549,pme,miniDOT,hand_cleaned,4
1690510260,3.54,32.81,5.627,0.928,455549,pme,miniDOT,hand_cleaned,4
1690510860,3.54,32.678,5.541,0.929,455549,pme,miniDOT,hand_cleaned,4
1690511460,3.54,32.519,5.456,0.928,455549,pme,miniDOT,hand_cleaned,4
1690512060,3.54,32.326,5.358,0.928,455549,pme,miniDOT,hand_cleaned,4
1690512660,3.54,32.204,5.162,0.929,455549,pme,miniDOT,hand_cleaned,4
1690513260,3.54,32.16,4.913,0.929,455549,pme,miniDOT,hand_cleaned,4
1690513860,3.55,32.055,4.537,0.93,455549,pme,miniDOT,hand_cleaned,4
1690514460,3.54,31.985,4.56,0.93,455549,pme,miniDOT,hand_cleaned,4
1690515060,3.54,31.88,4.548,0.93,455549,pme,miniDOT,hand_cleaned,4
1690515660,3.54,31.853,4.477,0.93,455549,pme,miniDOT,hand_cleaned,4
1690516260,3.54,31.801,4.299,0.93,455549,pme,miniDOT,hand_cleaned,4
1690516860,3.54,31.722,4.288,0.93,455549,pme,miniDOT,hand_cleaned,4
1690517460,3.54,31.679,4.259,0.93,455549,pme,miniDOT,hand_cleaned,4
1690518060,3.54,31.652,4.058,0.931,455549,pme,miniDOT,hand_cleaned,4
1690518660,3.54,31.67,4.218,0.931,455549,pme,miniDOT,hand_cleaned,4
1690519260,3.54,31.775,4.428,0.93,455549,pme,miniDOT,hand_cleaned,4
1690519860,3.54,31.906,4.704,0.93,455549,pme,miniDOT,hand_cleaned,4
1690520460,3.54,32.081,4.88,0.93,455549,pme,miniDOT,hand_cleaned,4
1690521060,3.54,32.204,4.702,0.93,455549,pme,miniDOT,hand_cleaned,4
1690521660,3.54,32.432,4.908,0.928,455549,pme,miniDOT,hand_cleaned,4
1690522260,3.54,32.669,5.224,0.928,455549,pme,miniDOT,hand_cleaned,4
1690522860,3.54,32.862,5.831,0.928,455549,pme,miniDOT,hand_cleaned,4
1690523460,3.54,33.03,6.174,0.927,455549,pme,miniDOT,hand_cleaned,4
1690524060,3.54,33.171,6.319,0.927,455549,pme,miniDOT,hand_cleaned,4
1690524660,3.54,33.295,6.543,0.927,455549,pme,miniDOT,hand_cleaned,4
1690525260,3.54,33.427,6.766,0.926,455549,pme,miniDOT,hand_cleaned,4
1690525860,3.54,33.551,6.942,0.927,455549,pme,miniDOT,hand_cleaned,4
1690526460,3.54,33.693,7.153,0.926,455549,pme,miniDOT,hand_cleaned,4
1690527060,3.54,33.817,7.295,0.926,455549,pme,miniDOT,hand_cleaned,4
1690527660,3.54,33.95,7.476,0.925,455549,pme,miniDOT,hand_cleaned,4
1690528260,3.54,34.039,7.606,0.925,455549,pme,miniDOT,hand_cleaned,4
1690528860,3.53,34.154,7.662,0.924,455549,pme,miniDOT,hand_cleaned,4
1690529460,3.54,34.208,7.787,0.924,455549,pme,miniDOT,hand_cleaned,4
1690530060,3.54,34.243,7.824,0.925,455549,pme,miniDOT,hand_cleaned,4
1690530660,3.54,34.234,7.856,0.924,455549,pme,miniDOT,hand_cleaned,4
1690531260,3.54,34.252,7.924,0.924,455549,pme,miniDOT,hand_cleaned,4
1690531860,3.54,34.217,7.821,0.924,455549,pme,miniDOT,hand_cleaned,4
1690532460,3.54,34.261,7.903,0.924,455549,pme,miniDOT,hand_cleaned,4
1690533060,3.54,34.386,8.141,0.924,455549,pme,miniDOT,hand_cleaned,4
1690533660,3.54,34.635,8.797,0.923,455549,pme,miniDOT,hand_cleaned,4
1690534260,3.54,34.805,8.968,0.922,455549,pme,miniDOT,hand_cleaned,4
1690534860,3.54,34.948,9.307,0.922,455549,pme,miniDOT,hand_cleaned,4
1690535460,3.54,35.038,9.227,0.922,455549,pme,miniDOT,hand_cleaned,4
1690536060,3.54,35.073,9.299,0.922,455549,pme,miniDOT,hand_cleaned,4
1690536660,3.54,35.127,9.311,0.922,455549,pme,miniDOT,hand_cleaned,4
1690537260,3.53,35.226,9.437,0.921,455549,pme,miniDOT,hand_cleaned,4
1690537860,3.53,35.324,9.546,0.921,455549,pme,miniDOT,hand_cleaned,4
1690538460,3.54,35.396,9.555,0.921,455549,pme,miniDOT,hand_cleaned,4
1690539060,3.54,35.45,9.578,0.92,455549,pme,miniDOT,hand_cleaned,4
1690539660,3.54,35.486,9.676,0.921,455549,pme,miniDOT,hand_cleaned,4
1690540260,3.54,35.531,9.612,0.92,455549,pme,miniDOT,hand_cleaned,4
1690540860,3.54,35.522,9.649,0.921,455549,pme,miniDOT,hand_cleaned,4
1690541460,3.54,35.549,9.686,0.92,455549,pme,miniDOT,hand_cleaned,4
1690542060,3.54,35.54,9.613,0.92,455549,pme,miniDOT,hand_cleaned,4
1690542660,3.54,35.558,9.656,0.919,455549,pme,miniDOT,hand_cleaned,4
1690543260,3.54,35.612,9.696,0.919,455549,pme,miniDOT,hand_cleaned,4
1690543860,3.54,35.648,9.749,0.919,455549,pme,miniDOT,hand_cleaned,4
1690544460,3.54,35.666,9.771,0.919,455549,pme,miniDOT,hand_cleaned,4
1690545060,3.54,35.639,9.822,0.92,455549,pme,miniDOT,hand_cleaned,4
1690545660,3.54,35.567,9.7,0.919,455549,pme,miniDOT,hand_cleaned,4
1690546260,3.54,35.54,9.663,0.92,455549,pme,miniDOT,hand_cleaned,4
1690546860,3.54,35.405,10.423,0.914,455549,pme,miniDOT,hand_cleaned,4
1690547460,3.54,35.36,9.763,0.916,455549,pme,miniDOT,hand_cleaned,4
1690548060,3.54,35.324,9.608,0.917,455549,pme,miniDOT,hand_cleaned,4
1690548660,3.53,35.262,9.548,0.918,455549,pme,miniDOT,hand_cleaned,4
1690549260,3.53,35.253,9.484,0.919,455549,pme,miniDOT,hand_cleaned,4
1690549860,3.54,35.217,9.499,0.92,455549,pme,miniDOT,hand_cleaned,4
1690550460,3.54,35.172,9.394,0.92,455549,pme,miniDOT,hand_cleaned,4
1690551060,3.54,35.136,9.395,0.921,455549,pme,miniDOT,hand_cleaned,4
1690551660,3.54,35.136,9.394,0.921,455549,pme,miniDOT,hand_cleaned,4
1690552260,3.54,35.118,9.357,0.921,455549,pme,miniDOT,hand_cleaned,4
1690552860,3.54,35.056,9.359,0.921,455549,pme,miniDOT,hand_cleaned,4
1690553460,3.54,34.921,9.198,0.922,455549,pme,miniDOT,hand_cleaned,4
1690554060,3.54,34.716,9.156,0.923,455549,pme,miniDOT,hand_cleaned,4
1690554660,3.54,34.653,9.069,0.923,455549,pme,miniDOT,hand_cleaned,4
1690555260,3.54,34.555,9.053,0.922,455549,pme,miniDOT,hand_cleaned,4
1690555860,3.54,34.511,9.056,0.923,455549,pme,miniDOT,hand_cleaned,4
1690556460,3.54,34.413,8.955,0.923,455549,pme,miniDOT,hand_cleaned,4
1690557060,3.54,34.288,8.854,0.924,455549,pme,miniDOT,hand_cleaned,4
1690557660,3.54,34.163,8.734,0.924,455549,pme,miniDOT,hand_cleaned,4
1690558260,3.54,34.03,8.74,0.925,455549,pme,miniDOT,hand_cleaned,4
1690558860,3.54,33.852,8.555,0.925,455549,pme,miniDOT,hand_cleaned,4
1690559460,3.54,33.675,8.369,0.925,455549,pme,miniDOT,hand_cleaned,4
1690560060,3.54,33.542,8.196,0.925,455549,pme,miniDOT,hand_cleaned,4
1690560660,3.54,33.436,8.058,0.926,455549,pme,miniDOT,hand_cleaned,4
1690561260,3.55,33.312,7.874,0.927,455549,pme,miniDOT,hand_cleaned,4
1690561860,3.54,33.153,7.647,0.926,455549,pme,miniDOT,hand_cleaned,4
1690562460,3.54,33.074,7.513,0.927,455549,pme,miniDOT,hand_cleaned,4
1690563060,3.54,32.951,7.363,0.927,455549,pme,miniDOT,hand_cleaned,4
1690563660,3.54,32.898,7.161,0.927,455549,pme,miniDOT,hand_cleaned,4
1690564260,3.54,32.81,6.988,0.928,455549,pme,miniDOT,hand_cleaned,4
1690564860,3.54,32.713,6.832,0.928,455549,pme,miniDOT,hand_cleaned,4
1690565460,3.54,32.669,6.721,0.928,455549,pme,miniDOT,hand_cleaned,4
1690566060,3.54,32.634,6.573,0.927,455549,pme,miniDOT,hand_cleaned,4
1690566660,3.54,32.572,6.363,0.928,455549,pme,miniDOT,hand_cleaned,4
1690567260,3.54,32.537,6.204,0.928,455549,pme,miniDOT,hand_cleaned,4
1690567860,3.54,32.555,6.088,0.928,455549,pme,miniDOT,hand_cleaned,4
1690568460,3.54,32.511,5.99,0.928,455549,pme,miniDOT,hand_cleaned,4
1690569060,3.54,32.484,5.896,0.928,455549,pme,miniDOT,hand_cleaned,4
1690569660,3.54,32.449,5.791,0.928,455549,pme,miniDOT,hand_cleaned,4
1690570260,3.54,32.432,5.692,0.928,455549,pme,miniDOT,hand_cleaned,4
1690570860,3.54,32.405,5.509,0.928,455549,pme,miniDOT,hand_cleaned,4
1690571460,3.54,32.388,5.351,0.928,455549,pme,miniDOT,hand_cleaned,4
1690572060,3.54,32.37,5.233,0.928,455549,pme,miniDOT,hand_cleaned,4
1690572660,3.54,32.388,5.209,0.928,455549,pme,miniDOT,hand_cleaned,4
1690573260,3.54,32.423,5.203,0.928,455549,pme,miniDOT,hand_cleaned,4
1690573860,3.54,32.44,5.226,0.928,455549,pme,miniDOT,hand_cleaned,4
1690574460,3.54,32.502,5.14,0.928,455549,pme,miniDOT,hand_cleaned,4
1690575060,3.54,32.546,5.035,0.928,455549,pme,miniDOT,hand_cleaned,4
1690575660,3.54,32.836,5.312,0.928,455549,pme,miniDOT,hand_cleaned,4
1690576260,3.54,32.757,5.097,0.928,455549,pme,miniDOT,hand_cleaned,4
1690576860,3.54,32.704,4.951,0.928,455549,pme,miniDOT,hand_cleaned,4
1690577460,3.54,32.695,4.942,0.928,455549,pme,miniDOT,hand_cleaned,4
1690578060,3.54,32.836,5.099,0.927,455549,pme,miniDOT,hand_cleaned,4
1690578660,3.54,32.862,4.866,0.928,455549,pme,miniDOT,hand_cleaned,4
1690579260,3.54,32.862,4.756,0.927,455549,pme,miniDOT,hand_cleaned,4
1690579860,3.54,32.827,4.609,0.928,455549,pme,miniDOT,hand_cleaned,4
1690580460,3.54,32.889,4.64,0.928,455549,pme,miniDOT,hand_cleaned,4
1690581060,3.54,33.127,5.067,0.926,455549,pme,miniDOT,hand_cleaned,4
1690581660,3.54,33.206,5.036,0.927,455549,pme,miniDOT,hand_cleaned,4
1690582260,3.54,33.233,5.134,0.927,455549,pme,miniDOT,hand_cleaned,4
1690582860,3.54,33.162,5.101,0.927,455549,pme,miniDOT,hand_cleaned,4
1690583460,3.54,33.109,5.042,0.927,455549,pme,miniDOT,hand_cleaned,4
1690584060,3.54,33.127,5.082,0.927,455549,pme,miniDOT,hand_cleaned,4
1690584660,3.54,33.136,4.951,0.927,455549,pme,miniDOT,hand_cleaned,4
1690585260,3.54,33.224,5.357,0.927,455549,pme,miniDOT,hand_cleaned,4
1690585860,3.54,33.427,5.694,0.926,455549,pme,miniDOT,hand_cleaned,4
1690586460,3.54,33.41,5.455,0.927,455549,pme,miniDOT,hand_cleaned,4
1690587060,3.54,33.233,4.864,0.927,455549,pme,miniDOT,hand_cleaned,4
1690587660,3.54,33.127,4.509,0.927,455549,pme,miniDOT,hand_cleaned,4
1690588260,3.54,33.048,5.246,0.928,455549,pme,miniDOT,hand_cleaned,4
1690588860,3.54,33.021,5.771,0.927,455549,pme,miniDOT,hand_cleaned,4
1690589460,3.54,33.092,5.818,0.928,455549,pme,miniDOT,hand_cleaned,4
1690590060,3.54,33.189,5.927,0.928,455549,pme,miniDOT,hand_cleaned,4
1690590660,3.54,33.171,5.906,0.927,455549,pme,miniDOT,hand_cleaned,4
1690591260,3.54,33.118,6.211,0.927,455549,pme,miniDOT,hand_cleaned,4
1690591860,3.54,33.136,6.241,0.927,455549,pme,miniDOT,hand_cleaned,4
1690592460,3.54,33.171,6.18,0.927,455549,pme,miniDOT,hand_cleaned,4
1690593060,3.54,33.118,6.099,0.928,455549,pme,miniDOT,hand_cleaned,4
1690593660,3.54,33.039,6.033,0.928,455549,pme,miniDOT,hand_cleaned,4
1690594260,3.54,32.968,5.897,0.928,455549,pme,miniDOT,hand_cleaned,4
1690594860,3.54,32.678,5.623,0.928,455549,pme,miniDOT,hand_cleaned,4
1690595460,3.54,32.59,5.571,0.928,455549,pme,miniDOT,hand_cleaned,4
1690596060,3.54,32.484,5.542,0.928,455549,pme,miniDOT,hand_cleaned,4
1690596660,3.54,32.265,5.104,0.928,455549,pme,miniDOT,hand_cleaned,4
1690597260,3.54,32.125,4.764,0.929,455549,pme,miniDOT,hand_cleaned,4
1690597860,3.54,31.993,4.497,0.929,455549,pme,miniDOT,hand_cleaned,4
1690598460,3.54,31.862,4.256,0.929,455549,pme,miniDOT,hand_cleaned,4
1690599060,3.54,31.757,4,0.93,455549,pme,miniDOT,hand_cleaned,4
1690599660,3.54,31.644,4.117,0.93,455549,pme,miniDOT,hand_cleaned,4
1690600260,3.54,31.565,4.148,0.93,455549,pme,miniDOT,hand_cleaned,4
1690600860,3.54,31.46,4.083,0.93,455549,pme,miniDOT,hand_cleaned,4
1690601460,3.54,31.356,3.895,0.931,455549,pme,miniDOT,hand_cleaned,4
1690602060,3.55,31.19,3.7,0.931,455549,pme,miniDOT,hand_cleaned,4
1690602660,3.55,31.103,3.545,0.93,455549,pme,miniDOT,hand_cleaned,4
1690603260,3.55,31.034,3.491,0.93,455549,pme,miniDOT,hand_cleaned,4
1690603860,3.55,30.964,3.435,0.931,455549,pme,miniDOT,hand_cleaned,4
1690604460,3.54,30.921,3.368,0.931,455549,pme,miniDOT,hand_cleaned,4
1690605060,3.55,30.904,3.311,0.931,455549,pme,miniDOT,hand_cleaned,4
1690605660,3.55,30.964,3.55,0.931,455549,pme,miniDOT,hand_cleaned,4
1690606260,3.55,31.025,3.46,0.931,455549,pme,miniDOT,hand_cleaned,4
1690606860,3.55,31.051,3.463,0.931,455549,pme,miniDOT,hand_cleaned,4
1690607460,3.55,31.095,3.338,0.931,455549,pme,miniDOT,hand_cleaned,4
1690608060,3.54,31.147,3.366,0.931,455549,pme,miniDOT,hand_cleaned,4
1690608660,3.54,31.26,3.655,0.931,455549,pme,miniDOT,hand_cleaned,4
1690609260,3.54,31.443,4.372,0.929,455549,pme,miniDOT,hand_cleaned,4
1690609860,3.54,31.513,4.425,0.929,455549,pme,miniDOT,hand_cleaned,4
1690610460,3.54,31.67,5.004,0.927,455549,pme,miniDOT,hand_cleaned,4
1690611060,3.54,31.836,5.609,0.926,455549,pme,miniDOT,hand_cleaned,4
1690611660,3.54,32.02,6.16,0.925,455549,pme,miniDOT,hand_cleaned,4
1690612260,3.54,32.221,6.353,0.924,455549,pme,miniDOT,hand_cleaned,4
1690612860,3.54,32.528,6.5,0.927,455549,pme,miniDOT,hand_cleaned,4
1690613460,3.54,32.81,6.302,0.927,455549,pme,miniDOT,hand_cleaned,4
1690614060,3.54,32.739,7.056,0.927,455549,pme,miniDOT,hand_cleaned,4
1690614660,3.54,32.827,6.978,0.927,455549,pme,miniDOT,hand_cleaned,4
1690615260,3.54,31.748,7.183,0.929,455549,pme,miniDOT,hand_cleaned,4
1690615860,3.54,30.626,7.287,0.929,455549,pme,miniDOT,hand_cleaned,4
1690616460,3.56,23.379,7.486,0.931,455549,pme,miniDOT,hand_cleaned,4
1690617060,3.55,22.667,7.598,0.932,455549,pme,miniDOT,hand_cleaned,4
1690617660,3.56,22.425,7.633,0.932,455549,pme,miniDOT,hand_cleaned,4
1690618260,3.55,22.191,7.678,0.933,455549,pme,miniDOT,hand_cleaned,4
1690618860,3.55,22.023,7.656,0.933,455549,pme,miniDOT,hand_cleaned,4
1690619460,3.55,21.915,7.655,0.933,455549,pme,miniDOT,hand_cleaned,4
1690620060,3.55,21.831,7.67,0.933,455549,pme,miniDOT,hand_cleaned,4
1690620660,3.55,21.756,7.677,0.932,455549,pme,miniDOT,hand_cleaned,4
1690621260,3.55,21.706,7.677,0.932,455549,pme,miniDOT,hand_cleaned,4
1690621860,3.55,21.647,7.7,0.933,455549,pme,miniDOT,hand_cleaned,4
1690622460,3.55,21.572,7.723,0.933,455549,pme,miniDOT,hand_cleaned,4
1690623060,3.55,21.513,7.746,0.933,455549,pme,miniDOT,hand_cleaned,4
1690623660,3.56,21.413,7.715,0.933,455549,pme,miniDOT,hand_cleaned,4
1690624260,3.55,21.321,7.718,0.932,455549,pme,miniDOT,hand_cleaned,4
1690624860,3.55,21.271,7.719,0.933,455549,pme,miniDOT,hand_cleaned,4
1690625460,3.55,21.237,7.758,0.933,455549,pme,miniDOT,hand_cleaned,4
1690626060,3.56,21.22,7.785,0.932,455549,pme,miniDOT,hand_cleaned,4
1690626660,3.55,21.112,7.803,0.933,455549,pme,miniDOT,hand_cleaned,4
1690627260,3.55,21.028,7.773,0.933,455549,pme,miniDOT,hand_cleaned,4
1690627860,3.55,21.011,7.727,0.932,455549,pme,miniDOT,hand_cleaned,4
1690628460,3.55,20.969,7.728,0.932,455549,pme,miniDOT,hand_cleaned,4
1690629060,3.55,20.969,7.786,0.932,455549,pme,miniDOT,hand_cleaned,4
1690629660,3.55,20.961,7.807,0.932,455549,pme,miniDOT,hand_cleaned,4
1690630260,3.55,20.928,7.804,0.932,455549,pme,miniDOT,hand_cleaned,4
1690630860,3.55,20.869,7.814,0.932,455549,pme,miniDOT,hand_cleaned,4
1690631460,3.55,20.785,7.825,0.933,455549,pme,miniDOT,hand_cleaned,4
1690632060,3.55,20.727,7.825,0.932,455549,pme,miniDOT,hand_cleaned,4
1690632660,3.55,20.693,7.858,0.933,455549,pme,miniDOT,hand_cleaned,4
1690633260,3.55,20.685,7.829,0.932,455549,pme,miniDOT,hand_cleaned,4
1690633860,3.55,20.693,7.817,0.932,455549,pme,miniDOT,hand_cleaned,4
1690634460,3.55,20.685,7.843,0.933,455549,pme,miniDOT,hand_cleaned,4
1690635060,3.55,20.668,7.864,0.932,455549,pme,miniDOT,hand_cleaned,4
1690635660,3.55,20.668,7.871,0.933,455549,pme,miniDOT,hand_cleaned,4
1690636260,3.55,20.66,7.881,0.933,455549,pme,miniDOT,hand_cleaned,4
1690636860,3.55,20.626,7.88,0.932,455549,pme,miniDOT,hand_cleaned,4
1690637460,3.55,20.585,7.877,0.932,455549,pme,miniDOT,hand_cleaned,4
1690638060,3.55,20.509,7.916,0.933,455549,pme,miniDOT,hand_cleaned,4
1690638660,3.55,20.518,7.895,0.933,455549,pme,miniDOT,hand_cleaned,4
1690639260,3.55,20.501,7.897,0.932,455549,pme,miniDOT,hand_cleaned,4
1690639860,3.55,20.509,7.9,0.932,455549,pme,miniDOT,hand_cleaned,4
1690640460,3.55,20.501,7.93,0.933,455549,pme,miniDOT,hand_cleaned,4
1690641060,3.55,20.509,7.941,0.933,455549,pme,miniDOT,hand_cleaned,4
1690641660,3.55,20.501,7.95,0.932,455549,pme,miniDOT,hand_cleaned,4
1690642260,3.55,20.484,7.955,0.933,455549,pme,miniDOT,hand_cleaned,4
1690642860,3.55,20.417,7.955,0.933,455549,pme,miniDOT,hand_cleaned,4
1690643460,3.55,20.417,7.962,0.933,455549,pme,miniDOT,hand_cleaned,4
1690644060,3.55,20.4,7.972,0.932,455549,pme,miniDOT,hand_cleaned,4
1690644660,3.55,20.384,7.991,0.933,455549,pme,miniDOT,hand_cleaned,4
1690645260,3.55,20.426,7.982,0.933,455549,pme,miniDOT,hand_cleaned,4
1690645860,3.55,20.384,7.997,0.932,455549,pme,miniDOT,hand_cleaned,4
1690646460,3.55,20.4,8.006,0.933,455549,pme,miniDOT,hand_cleaned,4
1690647060,3.55,20.392,7.999,0.932,455549,pme,miniDOT,hand_cleaned,4
1690647660,3.55,20.342,7.996,0.932,455549,pme,miniDOT,hand_cleaned,4
1690648260,3.55,20.342,8.014,0.933,455549,pme,miniDOT,hand_cleaned,4
1690648860,3.55,20.317,8.035,0.933,455549,pme,miniDOT,hand_cleaned,4
1690649460,3.55,20.3,8.033,0.932,455549,pme,miniDOT,hand_cleaned,4
1690650060,3.55,20.308,8.04,0.932,455549,pme,miniDOT,hand_cleaned,4
1690650660,3.55,20.308,8.05,0.933,455549,pme,miniDOT,hand_cleaned,4
1690651260,3.55,20.308,8.057,0.933,455549,pme,miniDOT,hand_cleaned,4
1690651860,3.55,20.317,8.061,0.933,455549,pme,miniDOT,hand_cleaned,4
1690652460,3.55,20.275,8.065,0.933,455549,pme,miniDOT,hand_cleaned,4
1690653060,3.55,20.266,8.072,0.933,455549,pme,miniDOT,hand_cleaned,4
1690653660,3.55,20.25,8.092,0.933,455549,pme,miniDOT,hand_cleaned,4
1690654260,3.55,20.25,8.09,0.933,455549,pme,miniDOT,hand_cleaned,4
1690654860,3.55,20.233,8.087,0.932,455549,pme,miniDOT,hand_cleaned,4
1690655460,3.55,20.241,8.085,0.932,455549,pme,miniDOT,hand_cleaned,4
1690656060,3.54,20.233,8.097,0.932,455549,pme,miniDOT,hand_cleaned,4
1690656660,3.54,20.241,8.108,0.932,455549,pme,miniDOT,hand_cleaned,4
1690657260,3.54,20.241,8.113,0.932,455549,pme,miniDOT,hand_cleaned,4
1690657860,3.54,20.225,8.111,0.932,455549,pme,miniDOT,hand_cleaned,4
1690658460,3.54,20.199,8.126,0.932,455549,pme,miniDOT,hand_cleaned,4
1690659060,3.54,20.208,8.153,0.933,455549,pme,miniDOT,hand_cleaned,4
1690659660,3.54,20.191,8.135,0.932,455549,pme,miniDOT,hand_cleaned,4
1690660260,3.54,20.174,8.142,0.933,455549,pme,miniDOT,hand_cleaned,4
1690660860,3.54,20.208,8.144,0.933,455549,pme,miniDOT,hand_cleaned,4
1690661460,3.54,20.191,8.165,0.933,455549,pme,miniDOT,hand_cleaned,4
1690662060,3.54,20.191,8.154,0.932,455549,pme,miniDOT,hand_cleaned,4
1690662660,3.54,20.183,8.151,0.932,455549,pme,miniDOT,hand_cleaned,4
1690663260,3.54,20.166,8.177,0.933,455549,pme,miniDOT,hand_cleaned,4
1690663860,3.54,20.149,8.187,0.933,455549,pme,miniDOT,hand_cleaned,4
1690664460,3.54,20.149,8.173,0.932,455549,pme,miniDOT,hand_cleaned,4
1690665060,3.54,20.141,8.168,0.932,455549,pme,miniDOT,hand_cleaned,4
1690665660,3.54,20.158,8.182,0.932,455549,pme,miniDOT,hand_cleaned,4
1690666260,3.54,20.174,8.2,0.933,455549,pme,miniDOT,hand_cleaned,4
1690666860,3.54,20.166,8.206,0.933,455549,pme,miniDOT,hand_cleaned,4
1690667460,3.54,20.191,8.212,0.933,455549,pme,miniDOT,hand_cleaned,4
1690668060,3.54,20.158,8.223,0.933,455549,pme,miniDOT,hand_cleaned,4
1690668660,3.54,20.166,8.211,0.932,455549,pme,miniDOT,hand_cleaned,4
1690669260,3.54,20.149,8.224,0.933,455549,pme,miniDOT,hand_cleaned,4
1690669860,3.54,20.141,8.215,0.933,455549,pme,miniDOT,hand_cleaned,4
1690670460,3.54,20.132,8.208,0.932,455549,pme,miniDOT,hand_cleaned,4
1690671060,3.54,20.166,8.203,0.933,455549,pme,miniDOT,hand_cleaned,4
1690671660,3.54,20.141,8.228,0.933,455549,pme,miniDOT,hand_cleaned,4
1690672260,3.54,20.132,8.223,0.932,455549,pme,miniDOT,hand_cleaned,4
1690672860,3.54,20.149,8.236,0.932,455549,pme,miniDOT,hand_cleaned,4
1690673460,3.54,20.149,8.245,0.933,455549,pme,miniDOT,hand_cleaned,4
1690674060,3.54,20.166,8.243,0.932,455549,pme,miniDOT,hand_cleaned,4
1690674660,3.54,20.191,8.245,0.933,455549,pme,miniDOT,hand_cleaned,4
1690675260,3.54,20.191,8.245,0.933,455549,pme,miniDOT,hand_cleaned,4
1690675860,3.54,20.174,8.248,0.933,455549,pme,miniDOT,hand_cleaned,4
1690676460,3.54,20.183,8.239,0.932,455549,pme,miniDOT,hand_cleaned,4
1690677060,3.54,20.183,8.263,0.933,455549,pme,miniDOT,hand_cleaned,4
1690677660,3.54,20.199,8.269,0.933,455549,pme,miniDOT,hand_cleaned,4
1690678260,3.54,20.166,8.277,0.933,455549,pme,miniDOT,hand_cleaned,4
1690678860,3.54,20.174,8.275,0.933,455549,pme,miniDOT,hand_cleaned,4
1690679460,3.54,20.174,8.279,0.932,455549,pme,miniDOT,hand_cleaned,4
1690680060,3.54,20.208,8.281,0.933,455549,pme,miniDOT,hand_cleaned,4
1690680660,3.54,20.225,8.272,0.932,455549,pme,miniDOT,hand_cleaned,4
1690681260,3.54,20.241,8.267,0.932,455549,pme,miniDOT,hand_cleaned,4
1690681860,3.54,20.216,8.287,0.932,455549,pme,miniDOT,hand_cleaned,4
1690682460,3.54,20.183,8.3,0.933,455549,pme,miniDOT,hand_cleaned,4
1690683060,3.54,20.174,8.291,0.933,455549,pme,miniDOT,hand_cleaned,4
1690683660,3.54,20.199,8.295,0.933,455549,pme,miniDOT,hand_cleaned,4
1690684260,3.54,20.199,8.303,0.932,455549,pme,miniDOT,hand_cleaned,4
1690684860,3.54,20.208,8.293,0.933,455549,pme,miniDOT,hand_cleaned,4
1690685460,3.54,20.241,8.286,0.933,455549,pme,miniDOT,hand_cleaned,4
1690686060,3.54,20.183,8.303,0.933,455549,pme,miniDOT,hand_cleaned,4
1690686660,3.54,20.191,8.316,0.933,455549,pme,miniDOT,hand_cleaned,4
1690687260,3.53,20.191,8.313,0.932,455549,pme,miniDOT,hand_cleaned,4
1690687860,3.53,20.174,8.307,0.932,455549,pme,miniDOT,hand_cleaned,4
1690688460,3.53,20.174,8.316,0.932,455549,pme,miniDOT,hand_cleaned,4
1690689060,3.53,20.166,8.33,0.933,455549,pme,miniDOT,hand_cleaned,4
1690689660,3.53,20.166,8.334,0.933,455549,pme,miniDOT,hand_cleaned,4
1690690260,3.53,20.216,8.333,0.933,455549,pme,miniDOT,hand_cleaned,4
1690690860,3.53,20.208,8.322,0.932,455549,pme,miniDOT,hand_cleaned,4
1690691460,3.53,20.183,8.325,0.932,455549,pme,miniDOT,hand_cleaned,4
1690692060,3.53,20.174,8.33,0.932,455549,pme,miniDOT,hand_cleaned,4
1690692660,3.53,20.174,8.325,0.932,455549,pme,miniDOT,hand_cleaned,4
1690693260,3.53,20.141,8.342,0.933,455549,pme,miniDOT,hand_cleaned,4
1690693860,3.53,20.149,8.348,0.933,455549,pme,miniDOT,hand_cleaned,4
1690694460,3.53,20.149,8.35,0.933,455549,pme,miniDOT,hand_cleaned,4
1690695060,3.53,20.149,8.351,0.932,455549,pme,miniDOT,hand_cleaned,4
1690695660,3.53,20.191,8.349,0.933,455549,pme,miniDOT,hand_cleaned,4
1690696260,3.53,20.166,8.335,0.932,455549,pme,miniDOT,hand_cleaned,4
1690696860,3.53,20.183,8.353,0.933,455549,pme,miniDOT,hand_cleaned,4
1690697460,3.53,20.149,8.391,0.932,455549,pme,miniDOT,hand_cleaned,4
1690698060,3.53,20.317,8.733,0.933,455549,pme,miniDOT,hand_cleaned,4
1690698660,3.53,20.258,8.748,0.933,455549,pme,miniDOT,hand_cleaned,4
