#,date_time,temp,mV,pH,serial,brand,model,treatment,day
1,07/25/2023 10:00:00,49.11,198.94,3.62,21657438,HOBO,HOBO pH,control,4
2,07/25/2023 10:10:00,53.85,201.08,3.63,21657438,HOBO,HOBO pH,control,4
3,07/25/2023 10:20:00,56.42,202.60,3.63,21657438,HOBO,HOBO pH,control,4
4,07/25/2023 10:30:00,59.58,204.10,3.64,21657438,HOBO,HOBO pH,control,4
5,07/25/2023 10:40:00,62.49,204.69,3.66,21657438,HOBO,HOBO pH,control,4
6,07/25/2023 10:50:00,64.50,204.69,3.68,21657438,HOBO,HOBO pH,control,4
7,07/25/2023 11:00:00,40.49,-68.86,7.90,21657438,HOBO,HOBO pH,control,4
8,07/25/2023 11:10:00,35.64,-72.53,7.98,21657438,HOBO,HOBO pH,control,4
9,07/25/2023 11:20:00,35.00,-73.88,8.00,21657438,HOBO,HOBO pH,control,4
10,07/25/2023 11:30:00,34.76,-74.74,8.02,21657438,HOBO,HOBO pH,control,4
11,07/25/2023 11:40:00,34.73,-74.71,8.02,21657438,HOBO,HOBO pH,control,4
12,07/25/2023 11:50:00,34.70,-75.22,8.03,21657438,HOBO,HOBO pH,control,4
13,07/25/2023 12:00:00,34.84,-75.28,8.03,21657438,HOBO,HOBO pH,control,4
14,07/25/2023 12:10:00,34.94,-75.39,8.03,21657438,HOBO,HOBO pH,control,4
15,07/25/2023 12:20:00,35.02,-75.74,8.03,21657438,HOBO,HOBO pH,control,4
16,07/25/2023 12:30:00,34.78,-74.50,8.01,21657438,HOBO,HOBO pH,control,4
17,07/25/2023 12:40:00,34.65,-74.30,8.01,21657438,HOBO,HOBO pH,control,4
18,07/25/2023 12:50:00,34.68,-74.56,8.01,21657438,HOBO,HOBO pH,control,4
19,07/25/2023 13:00:00,34.62,-74.49,8.01,21657438,HOBO,HOBO pH,control,4
20,07/25/2023 13:10:00,34.65,-74.56,8.01,21657438,HOBO,HOBO pH,control,4
21,07/25/2023 13:20:00,34.65,-74.21,8.01,21657438,HOBO,HOBO pH,control,4
22,07/25/2023 13:30:00,34.60,-73.83,8.00,21657438,HOBO,HOBO pH,control,4
23,07/25/2023 13:40:00,34.73,-74.13,8.01,21657438,HOBO,HOBO pH,control,4
24,07/25/2023 13:50:00,35.00,-75.42,8.03,21657438,HOBO,HOBO pH,control,4
25,07/25/2023 14:00:00,35.16,-74.81,8.02,21657438,HOBO,HOBO pH,control,4
26,07/25/2023 14:10:00,35.23,-75.02,8.02,21657438,HOBO,HOBO pH,control,4
27,07/25/2023 14:20:00,35.31,-76.05,8.04,21657438,HOBO,HOBO pH,control,4
28,07/25/2023 14:30:00,35.50,-76.49,8.04,21657438,HOBO,HOBO pH,control,4
29,07/25/2023 14:40:00,35.61,-76.66,8.05,21657438,HOBO,HOBO pH,control,4
30,07/25/2023 14:50:00,35.64,-76.11,8.04,21657438,HOBO,HOBO pH,control,4
31,07/25/2023 15:00:00,35.74,-76.92,8.05,21657438,HOBO,HOBO pH,control,4
32,07/25/2023 15:10:00,35.72,-76.78,8.05,21657438,HOBO,HOBO pH,control,4
33,07/25/2023 15:20:00,35.77,-76.75,8.05,21657438,HOBO,HOBO pH,control,4
34,07/25/2023 15:30:00,35.96,-77.83,8.06,21657438,HOBO,HOBO pH,control,4
35,07/25/2023 15:40:00,36.07,-77.75,8.06,21657438,HOBO,HOBO pH,control,4
36,07/25/2023 15:50:00,35.88,-76.83,8.05,21657438,HOBO,HOBO pH,control,4
37,07/25/2023 16:00:00,35.96,-77.21,8.05,21657438,HOBO,HOBO pH,control,4
38,07/25/2023 16:10:00,35.85,-77.02,8.05,21657438,HOBO,HOBO pH,control,4
39,07/25/2023 16:20:00,35.77,-76.08,8.04,21657438,HOBO,HOBO pH,control,4
40,07/25/2023 16:30:00,35.72,-76.58,8.04,21657438,HOBO,HOBO pH,control,4
41,07/25/2023 16:40:00,35.69,-76.21,8.04,21657438,HOBO,HOBO pH,control,4
42,07/25/2023 16:50:00,35.56,-76.02,8.04,21657438,HOBO,HOBO pH,control,4
43,07/25/2023 17:00:00,35.48,-75.64,8.03,21657438,HOBO,HOBO pH,control,4
44,07/25/2023 17:10:00,35.42,-75.28,8.02,21657438,HOBO,HOBO pH,control,4
45,07/25/2023 17:20:00,35.37,-75.41,8.03,21657438,HOBO,HOBO pH,control,4
46,07/25/2023 17:30:00,35.21,-74.69,8.01,21657438,HOBO,HOBO pH,control,4
47,07/25/2023 17:40:00,35.31,-75.96,8.04,21657438,HOBO,HOBO pH,control,4
48,07/25/2023 17:50:00,35.00,-73.49,8.00,21657438,HOBO,HOBO pH,control,4
49,07/25/2023 18:00:00,34.92,-73.19,7.99,21657438,HOBO,HOBO pH,control,4
50,07/25/2023 18:10:00,35.16,-75.08,8.02,21657438,HOBO,HOBO pH,control,4
51,07/25/2023 18:20:00,35.13,-74.31,8.01,21657438,HOBO,HOBO pH,control,4
52,07/25/2023 18:30:00,35.02,-73.81,8.00,21657438,HOBO,HOBO pH,control,4
53,07/25/2023 18:40:00,35.00,-74.46,8.01,21657438,HOBO,HOBO pH,control,4
54,07/25/2023 18:50:00,34.86,-72.97,7.99,21657438,HOBO,HOBO pH,control,4
55,07/25/2023 19:00:00,34.70,-72.56,7.98,21657438,HOBO,HOBO pH,control,4
56,07/25/2023 19:10:00,34.73,-74.56,8.01,21657438,HOBO,HOBO pH,control,4
57,07/25/2023 19:20:00,34.62,-75.21,8.03,21657438,HOBO,HOBO pH,control,4
58,07/25/2023 19:30:00,34.52,-74.02,8.01,21657438,HOBO,HOBO pH,control,4
59,07/25/2023 19:40:00,34.26,-72.05,7.97,21657438,HOBO,HOBO pH,control,4
60,07/25/2023 19:50:00,34.18,-70.71,7.95,21657438,HOBO,HOBO pH,control,4
61,07/25/2023 20:00:00,34.04,-69.91,7.94,21657438,HOBO,HOBO pH,control,4
62,07/25/2023 20:10:00,34.02,-69.74,7.94,21657438,HOBO,HOBO pH,control,4
63,07/25/2023 20:20:00,33.97,-69.97,7.94,21657438,HOBO,HOBO pH,control,4
64,07/25/2023 20:30:00,33.94,-71.78,7.97,21657438,HOBO,HOBO pH,control,4
65,07/25/2023 20:40:00,33.86,-70.53,7.95,21657438,HOBO,HOBO pH,control,4
66,07/25/2023 20:50:00,33.78,-70.05,7.94,21657438,HOBO,HOBO pH,control,4
67,07/25/2023 21:00:00,33.73,-69.14,7.93,21657438,HOBO,HOBO pH,control,4
68,07/25/2023 21:10:00,33.70,-69.27,7.93,21657438,HOBO,HOBO pH,control,4
69,07/25/2023 21:20:00,33.68,-69.17,7.93,21657438,HOBO,HOBO pH,control,4
70,07/25/2023 21:30:00,33.68,-69.31,7.93,21657438,HOBO,HOBO pH,control,4
71,07/25/2023 21:40:00,33.73,-70.33,7.95,21657438,HOBO,HOBO pH,control,4
72,07/25/2023 21:50:00,33.76,-70.47,7.95,21657438,HOBO,HOBO pH,control,4
73,07/25/2023 22:00:00,33.76,-70.28,7.95,21657438,HOBO,HOBO pH,control,4
74,07/25/2023 22:10:00,33.76,-71.27,7.96,21657438,HOBO,HOBO pH,control,4
75,07/25/2023 22:20:00,33.76,-71.27,7.96,21657438,HOBO,HOBO pH,control,4
76,07/25/2023 22:30:00,33.73,-71.05,7.96,21657438,HOBO,HOBO pH,control,4
77,07/25/2023 22:40:00,33.68,-71.08,7.96,21657438,HOBO,HOBO pH,control,4
78,07/25/2023 22:50:00,33.65,-71.00,7.96,21657438,HOBO,HOBO pH,control,4
79,07/25/2023 23:00:00,33.63,-71.05,7.96,21657438,HOBO,HOBO pH,control,4
80,07/25/2023 23:10:00,33.63,-70.89,7.96,21657438,HOBO,HOBO pH,control,4
81,07/25/2023 23:20:00,33.63,-70.72,7.95,21657438,HOBO,HOBO pH,control,4
82,07/25/2023 23:30:00,33.68,-69.89,7.94,21657438,HOBO,HOBO pH,control,4
83,07/25/2023 23:40:00,33.73,-70.49,7.95,21657438,HOBO,HOBO pH,control,4
84,07/25/2023 23:50:00,33.76,-71.36,7.96,21657438,HOBO,HOBO pH,control,4
85,07/26/2023 00:00:00,33.76,-71.50,7.97,21657438,HOBO,HOBO pH,control,4
86,07/26/2023 00:10:00,33.84,-70.61,7.95,21657438,HOBO,HOBO pH,control,4
87,07/26/2023 00:20:00,33.86,-69.55,7.93,21657438,HOBO,HOBO pH,control,4
88,07/26/2023 00:30:00,33.78,-69.36,7.93,21657438,HOBO,HOBO pH,control,4
89,07/26/2023 00:40:00,33.63,-69.31,7.93,21657438,HOBO,HOBO pH,control,4
90,07/26/2023 00:50:00,33.55,-69.31,7.93,21657438,HOBO,HOBO pH,control,4
91,07/26/2023 01:00:00,33.57,-69.77,7.94,21657438,HOBO,HOBO pH,control,4
92,07/26/2023 01:10:00,33.57,-70.53,7.95,21657438,HOBO,HOBO pH,control,4
93,07/26/2023 01:20:00,33.52,-70.56,7.95,21657438,HOBO,HOBO pH,control,4
94,07/26/2023 01:30:00,33.52,-70.41,7.95,21657438,HOBO,HOBO pH,control,4
95,07/26/2023 01:40:00,33.50,-70.33,7.95,21657438,HOBO,HOBO pH,control,4
96,07/26/2023 01:50:00,33.52,-68.81,7.92,21657438,HOBO,HOBO pH,control,4
97,07/26/2023 02:00:00,33.47,-68.44,7.92,21657438,HOBO,HOBO pH,control,4
98,07/26/2023 02:10:00,33.23,-72.11,7.98,21657438,HOBO,HOBO pH,control,4
99,07/26/2023 02:20:00,33.05,-72.21,7.98,21657438,HOBO,HOBO pH,control,4
100,07/26/2023 02:30:00,33.03,-71.77,7.97,21657438,HOBO,HOBO pH,control,4
101,07/26/2023 02:40:00,32.98,-71.39,7.97,21657438,HOBO,HOBO pH,control,4
102,07/26/2023 02:50:00,32.92,-71.16,7.96,21657438,HOBO,HOBO pH,control,4
103,07/26/2023 03:00:00,32.90,-70.44,7.95,21657438,HOBO,HOBO pH,control,4
104,07/26/2023 03:10:00,32.90,-70.25,7.95,21657438,HOBO,HOBO pH,control,4
105,07/26/2023 03:20:00,32.90,-70.05,7.94,21657438,HOBO,HOBO pH,control,4
106,07/26/2023 03:30:00,32.90,-69.78,7.94,21657438,HOBO,HOBO pH,control,4
107,07/26/2023 03:40:00,32.90,-69.60,7.94,21657438,HOBO,HOBO pH,control,4
108,07/26/2023 03:50:00,32.92,-69.05,7.93,21657438,HOBO,HOBO pH,control,4
109,07/26/2023 04:00:00,32.90,-68.77,7.92,21657438,HOBO,HOBO pH,control,4
110,07/26/2023 04:10:00,32.90,-68.30,7.92,21657438,HOBO,HOBO pH,control,4
111,07/26/2023 04:20:00,32.90,-68.47,7.92,21657438,HOBO,HOBO pH,control,4
112,07/26/2023 04:30:00,32.87,-68.22,7.91,21657438,HOBO,HOBO pH,control,4
113,07/26/2023 04:40:00,32.87,-68.27,7.92,21657438,HOBO,HOBO pH,control,4
114,07/26/2023 04:50:00,32.82,-68.28,7.92,21657438,HOBO,HOBO pH,control,4
115,07/26/2023 05:00:00,32.82,-67.91,7.91,21657438,HOBO,HOBO pH,control,4
116,07/26/2023 05:10:00,32.82,-67.78,7.91,21657438,HOBO,HOBO pH,control,4
117,07/26/2023 05:20:00,32.85,-67.63,7.90,21657438,HOBO,HOBO pH,control,4
118,07/26/2023 05:30:00,32.87,-67.81,7.91,21657438,HOBO,HOBO pH,control,4
119,07/26/2023 05:40:00,32.90,-68.22,7.91,21657438,HOBO,HOBO pH,control,4
120,07/26/2023 05:50:00,32.90,-68.14,7.91,21657438,HOBO,HOBO pH,control,4
121,07/26/2023 06:00:00,32.87,-67.99,7.91,21657438,HOBO,HOBO pH,control,4
122,07/26/2023 06:10:00,32.85,-67.85,7.91,21657438,HOBO,HOBO pH,control,4
123,07/26/2023 06:20:00,32.90,-67.67,7.90,21657438,HOBO,HOBO pH,control,4
124,07/26/2023 06:30:00,32.85,-67.52,7.90,21657438,HOBO,HOBO pH,control,4
125,07/26/2023 06:40:00,32.85,-67.56,7.90,21657438,HOBO,HOBO pH,control,4
126,07/26/2023 06:50:00,32.82,-67.19,7.90,21657438,HOBO,HOBO pH,control,4
127,07/26/2023 07:00:00,32.85,-67.19,7.90,21657438,HOBO,HOBO pH,control,4
128,07/26/2023 07:10:00,32.85,-67.30,7.90,21657438,HOBO,HOBO pH,control,4
129,07/26/2023 07:20:00,32.87,-67.30,7.90,21657438,HOBO,HOBO pH,control,4
130,07/26/2023 07:30:00,32.87,-67.30,7.90,21657438,HOBO,HOBO pH,control,4
131,07/26/2023 07:40:00,32.90,-67.27,7.90,21657438,HOBO,HOBO pH,control,4
132,07/26/2023 07:50:00,32.92,-67.28,7.90,21657438,HOBO,HOBO pH,control,4
133,07/26/2023 08:00:00,32.98,-67.28,7.90,21657438,HOBO,HOBO pH,control,4
134,07/26/2023 08:10:00,33.03,-67.19,7.90,21657438,HOBO,HOBO pH,control,4
135,07/26/2023 08:20:00,33.03,-67.13,7.90,21657438,HOBO,HOBO pH,control,4
136,07/26/2023 08:30:00,33.03,-67.14,7.90,21657438,HOBO,HOBO pH,control,4
137,07/26/2023 08:40:00,33.03,-67.03,7.89,21657438,HOBO,HOBO pH,control,4
138,07/26/2023 08:50:00,33.05,-66.99,7.89,21657438,HOBO,HOBO pH,control,4
139,07/26/2023 09:00:00,33.21,-67.19,7.90,21657438,HOBO,HOBO pH,control,4
140,07/26/2023 09:10:00,33.26,-67.11,7.89,21657438,HOBO,HOBO pH,control,4
141,07/26/2023 09:20:00,33.34,-67.22,7.90,21657438,HOBO,HOBO pH,control,4
142,07/26/2023 09:30:00,33.42,-67.31,7.90,21657438,HOBO,HOBO pH,control,4
143,07/26/2023 09:40:00,33.42,-67.46,7.90,21657438,HOBO,HOBO pH,control,4
144,07/26/2023 09:50:00,33.44,-67.55,7.90,21657438,HOBO,HOBO pH,control,4
145,07/26/2023 10:00:00,33.57,-67.94,7.91,21657438,HOBO,HOBO pH,control,4
146,07/26/2023 10:10:00,33.70,-68.11,7.91,21657438,HOBO,HOBO pH,control,4
147,07/26/2023 10:20:00,33.81,-68.25,7.91,21657438,HOBO,HOBO pH,control,4
148,07/26/2023 10:30:00,33.86,-68.08,7.91,21657438,HOBO,HOBO pH,control,4
149,07/26/2023 10:40:00,33.97,-68.24,7.91,21657438,HOBO,HOBO pH,control,4
150,07/26/2023 10:50:00,34.04,-68.91,7.92,21657438,HOBO,HOBO pH,control,4
151,07/26/2023 11:00:00,34.10,-69.08,7.92,21657438,HOBO,HOBO pH,control,4
152,07/26/2023 11:10:00,34.10,-69.02,7.92,21657438,HOBO,HOBO pH,control,4
153,07/26/2023 11:20:00,34.15,-69.35,7.93,21657438,HOBO,HOBO pH,control,4
154,07/26/2023 11:30:00,34.33,-69.75,7.94,21657438,HOBO,HOBO pH,control,4
155,07/26/2023 11:40:00,34.39,-69.83,7.94,21657438,HOBO,HOBO pH,control,4
156,07/26/2023 11:50:00,34.36,-70.16,7.94,21657438,HOBO,HOBO pH,control,4
157,07/26/2023 12:00:00,34.33,-70.30,7.94,21657438,HOBO,HOBO pH,control,4
158,07/26/2023 12:10:00,34.31,-70.52,7.95,21657438,HOBO,HOBO pH,control,4
159,07/26/2023 12:20:00,34.36,-70.44,7.95,21657438,HOBO,HOBO pH,control,4
160,07/26/2023 12:30:00,34.41,-70.33,7.94,21657438,HOBO,HOBO pH,control,4
161,07/26/2023 12:40:00,34.49,-70.42,7.95,21657438,HOBO,HOBO pH,control,4
162,07/26/2023 12:50:00,34.73,-70.85,7.95,21657438,HOBO,HOBO pH,control,4
163,07/26/2023 13:00:00,34.94,-71.52,7.96,21657438,HOBO,HOBO pH,control,4
164,07/26/2023 13:10:00,35.10,-72.46,7.98,21657438,HOBO,HOBO pH,control,4
165,07/26/2023 13:20:00,35.23,-72.85,7.98,21657438,HOBO,HOBO pH,control,4
166,07/26/2023 13:30:00,35.31,-72.67,7.98,21657438,HOBO,HOBO pH,control,4
167,07/26/2023 13:40:00,35.45,-73.27,7.99,21657438,HOBO,HOBO pH,control,4
168,07/26/2023 13:50:00,35.56,-73.58,8.00,21657438,HOBO,HOBO pH,control,4
169,07/26/2023 14:00:00,35.61,-73.52,7.99,21657438,HOBO,HOBO pH,control,4
170,07/26/2023 14:10:00,35.72,-73.67,8.00,21657438,HOBO,HOBO pH,control,4
171,07/26/2023 14:20:00,35.80,-73.96,8.00,21657438,HOBO,HOBO pH,control,4
172,07/26/2023 14:30:00,35.80,-73.96,8.00,21657438,HOBO,HOBO pH,control,4
173,07/26/2023 14:40:00,35.88,-73.63,8.00,21657438,HOBO,HOBO pH,control,4
174,07/26/2023 14:50:00,35.88,-74.00,8.00,21657438,HOBO,HOBO pH,control,4
175,07/26/2023 15:00:00,35.93,-74.13,8.00,21657438,HOBO,HOBO pH,control,4
176,07/26/2023 15:10:00,35.98,-74.85,8.01,21657438,HOBO,HOBO pH,control,4
177,07/26/2023 15:20:00,35.90,-74.86,8.02,21657438,HOBO,HOBO pH,control,4
178,07/26/2023 15:30:00,35.88,-74.97,8.02,21657438,HOBO,HOBO pH,control,4
179,07/26/2023 15:40:00,35.96,-75.28,8.02,21657438,HOBO,HOBO pH,control,4
180,07/26/2023 15:50:00,35.88,-75.33,8.02,21657438,HOBO,HOBO pH,control,4
181,07/26/2023 16:00:00,35.88,-75.36,8.02,21657438,HOBO,HOBO pH,control,4
182,07/26/2023 16:10:00,35.82,-75.28,8.02,21657438,HOBO,HOBO pH,control,4
183,07/26/2023 16:20:00,35.82,-75.27,8.02,21657438,HOBO,HOBO pH,control,4
184,07/26/2023 16:30:00,35.69,-75.21,8.02,21657438,HOBO,HOBO pH,control,4
185,07/26/2023 16:40:00,35.56,-75.16,8.02,21657438,HOBO,HOBO pH,control,4
186,07/26/2023 16:50:00,35.50,-75.17,8.02,21657438,HOBO,HOBO pH,control,4
187,07/26/2023 17:00:00,35.34,-75.00,8.02,21657438,HOBO,HOBO pH,control,4
188,07/26/2023 17:10:00,35.34,-75.69,8.03,21657438,HOBO,HOBO pH,control,4
189,07/26/2023 17:20:00,35.39,-75.74,8.03,21657438,HOBO,HOBO pH,control,4
190,07/26/2023 17:30:00,35.26,-75.46,8.03,21657438,HOBO,HOBO pH,control,4
191,07/26/2023 17:40:00,35.13,-75.38,8.03,21657438,HOBO,HOBO pH,control,4
192,07/26/2023 17:50:00,34.97,-75.30,8.03,21657438,HOBO,HOBO pH,control,4
193,07/26/2023 18:00:00,34.73,-74.75,8.02,21657438,HOBO,HOBO pH,control,4
194,07/26/2023 18:10:00,34.60,-74.83,8.02,21657438,HOBO,HOBO pH,control,4
195,07/26/2023 18:20:00,34.55,-74.97,8.02,21657438,HOBO,HOBO pH,control,4
196,07/26/2023 18:30:00,34.44,-74.71,8.02,21657438,HOBO,HOBO pH,control,4
197,07/26/2023 18:40:00,34.33,-74.67,8.02,21657438,HOBO,HOBO pH,control,4
198,07/26/2023 18:50:00,34.31,-74.60,8.02,21657438,HOBO,HOBO pH,control,4
199,07/26/2023 19:00:00,34.23,-74.41,8.01,21657438,HOBO,HOBO pH,control,4
200,07/26/2023 19:10:00,34.04,-74.17,8.01,21657438,HOBO,HOBO pH,control,4
201,07/26/2023 19:20:00,33.94,-74.03,8.01,21657438,HOBO,HOBO pH,control,4
202,07/26/2023 19:30:00,33.84,-73.53,8.00,21657438,HOBO,HOBO pH,control,4
203,07/26/2023 19:40:00,33.70,-73.14,7.99,21657438,HOBO,HOBO pH,control,4
204,07/26/2023 19:50:00,33.60,-72.85,7.99,21657438,HOBO,HOBO pH,control,4
205,07/26/2023 20:00:00,33.52,-72.74,7.99,21657438,HOBO,HOBO pH,control,4
206,07/26/2023 20:10:00,33.44,-72.53,7.98,21657438,HOBO,HOBO pH,control,4
207,07/26/2023 20:20:00,33.42,-72.38,7.98,21657438,HOBO,HOBO pH,control,4
208,07/26/2023 20:30:00,33.34,-72.21,7.98,21657438,HOBO,HOBO pH,control,4
209,07/26/2023 20:40:00,33.31,-72.25,7.98,21657438,HOBO,HOBO pH,control,4
210,07/26/2023 20:50:00,33.16,-70.81,7.96,21657438,HOBO,HOBO pH,control,4
211,07/26/2023 21:00:00,33.08,-69.88,7.94,21657438,HOBO,HOBO pH,control,4
212,07/26/2023 21:10:00,33.00,-69.05,7.93,21657438,HOBO,HOBO pH,control,4
213,07/26/2023 21:20:00,32.95,-68.71,7.92,21657438,HOBO,HOBO pH,control,4
214,07/26/2023 21:30:00,32.95,-68.16,7.91,21657438,HOBO,HOBO pH,control,4
215,07/26/2023 21:40:00,32.92,-68.41,7.92,21657438,HOBO,HOBO pH,control,4
216,07/26/2023 21:50:00,32.95,-68.41,7.92,21657438,HOBO,HOBO pH,control,4
217,07/26/2023 22:00:00,32.95,-68.50,7.92,21657438,HOBO,HOBO pH,control,4
218,07/26/2023 22:10:00,32.98,-68.58,7.92,21657438,HOBO,HOBO pH,control,4
219,07/26/2023 22:20:00,33.03,-68.88,7.92,21657438,HOBO,HOBO pH,control,4
220,07/26/2023 22:30:00,33.16,-69.64,7.94,21657438,HOBO,HOBO pH,control,4
221,07/26/2023 22:40:00,33.11,-69.03,7.93,21657438,HOBO,HOBO pH,control,4
222,07/26/2023 22:50:00,33.16,-69.19,7.93,21657438,HOBO,HOBO pH,control,4
223,07/26/2023 23:00:00,33.11,-68.81,7.92,21657438,HOBO,HOBO pH,control,4
224,07/26/2023 23:10:00,33.11,-68.31,7.92,21657438,HOBO,HOBO pH,control,4
225,07/26/2023 23:20:00,33.16,-68.24,7.91,21657438,HOBO,HOBO pH,control,4
226,07/26/2023 23:30:00,33.18,-67.81,7.91,21657438,HOBO,HOBO pH,control,4
227,07/26/2023 23:40:00,33.21,-67.69,7.90,21657438,HOBO,HOBO pH,control,4
228,07/26/2023 23:50:00,33.21,-67.39,7.90,21657438,HOBO,HOBO pH,control,4
229,07/27/2023 00:00:00,33.21,-67.11,7.89,21657438,HOBO,HOBO pH,control,4
230,07/27/2023 00:10:00,33.31,-66.67,7.89,21657438,HOBO,HOBO pH,control,4
231,07/27/2023 00:20:00,33.26,-66.69,7.89,21657438,HOBO,HOBO pH,control,4
232,07/27/2023 00:30:00,33.26,-66.08,7.88,21657438,HOBO,HOBO pH,control,4
233,07/27/2023 00:40:00,33.26,-66.00,7.88,21657438,HOBO,HOBO pH,control,4
234,07/27/2023 00:50:00,33.26,-65.74,7.87,21657438,HOBO,HOBO pH,control,4
235,07/27/2023 01:00:00,33.23,-65.67,7.87,21657438,HOBO,HOBO pH,control,4
236,07/27/2023 01:10:00,33.23,-66.08,7.88,21657438,HOBO,HOBO pH,control,4
237,07/27/2023 01:20:00,33.21,-66.52,7.88,21657438,HOBO,HOBO pH,control,4
238,07/27/2023 01:30:00,33.21,-66.44,7.88,21657438,HOBO,HOBO pH,control,4
239,07/27/2023 01:40:00,33.21,-66.77,7.89,21657438,HOBO,HOBO pH,control,4
240,07/27/2023 01:50:00,33.18,-66.66,7.89,21657438,HOBO,HOBO pH,control,4
241,07/27/2023 02:00:00,33.13,-65.27,7.86,21657438,HOBO,HOBO pH,control,4
242,07/27/2023 02:10:00,33.16,-66.35,7.88,21657438,HOBO,HOBO pH,control,4
243,07/27/2023 02:20:00,33.23,-66.11,7.88,21657438,HOBO,HOBO pH,control,4
244,07/27/2023 02:30:00,33.23,-65.71,7.87,21657438,HOBO,HOBO pH,control,4
245,07/27/2023 02:40:00,33.29,-65.44,7.87,21657438,HOBO,HOBO pH,control,4
246,07/27/2023 02:50:00,33.31,-65.27,7.86,21657438,HOBO,HOBO pH,control,4
247,07/27/2023 03:00:00,33.34,-64.66,7.85,21657438,HOBO,HOBO pH,control,4
248,07/27/2023 03:10:00,33.34,-64.74,7.85,21657438,HOBO,HOBO pH,control,4
249,07/27/2023 03:20:00,33.37,-65.02,7.86,21657438,HOBO,HOBO pH,control,4
250,07/27/2023 03:30:00,33.37,-65.39,7.87,21657438,HOBO,HOBO pH,control,4
251,07/27/2023 03:40:00,33.34,-65.78,7.87,21657438,HOBO,HOBO pH,control,4
252,07/27/2023 03:50:00,33.34,-65.58,7.87,21657438,HOBO,HOBO pH,control,4
253,07/27/2023 04:00:00,33.34,-65.61,7.87,21657438,HOBO,HOBO pH,control,4
254,07/27/2023 04:10:00,33.31,-66.14,7.88,21657438,HOBO,HOBO pH,control,4
255,07/27/2023 04:20:00,33.29,-66.42,7.88,21657438,HOBO,HOBO pH,control,4
256,07/27/2023 04:30:00,33.26,-66.22,7.88,21657438,HOBO,HOBO pH,control,4
257,07/27/2023 04:40:00,33.16,-65.80,7.87,21657438,HOBO,HOBO pH,control,4
258,07/27/2023 04:50:00,32.98,-65.11,7.86,21657438,HOBO,HOBO pH,control,4
259,07/27/2023 05:00:00,32.87,-65.21,7.86,21657438,HOBO,HOBO pH,control,4
260,07/27/2023 05:10:00,32.74,-65.25,7.86,21657438,HOBO,HOBO pH,control,4
261,07/27/2023 05:20:00,32.69,-65.78,7.87,21657438,HOBO,HOBO pH,control,4
262,07/27/2023 05:30:00,32.61,-65.56,7.87,21657438,HOBO,HOBO pH,control,4
263,07/27/2023 05:40:00,32.54,-65.30,7.87,21657438,HOBO,HOBO pH,control,4
264,07/27/2023 05:50:00,32.36,-64.30,7.85,21657438,HOBO,HOBO pH,control,4
265,07/27/2023 06:00:00,32.23,-63.61,7.84,21657438,HOBO,HOBO pH,control,4
266,07/27/2023 06:10:00,32.10,-63.36,7.83,21657438,HOBO,HOBO pH,control,4
267,07/27/2023 06:20:00,31.94,-62.60,7.82,21657438,HOBO,HOBO pH,control,4
268,07/27/2023 06:30:00,31.82,-62.33,7.82,21657438,HOBO,HOBO pH,control,4
269,07/27/2023 06:40:00,31.71,-61.60,7.81,21657438,HOBO,HOBO pH,control,4
270,07/27/2023 06:50:00,31.66,-60.42,7.79,21657438,HOBO,HOBO pH,control,4
271,07/27/2023 07:00:00,31.59,-58.74,7.76,21657438,HOBO,HOBO pH,control,4
272,07/27/2023 07:10:00,31.56,-58.81,7.76,21657438,HOBO,HOBO pH,control,4
273,07/27/2023 07:20:00,31.66,-60.06,7.78,21657438,HOBO,HOBO pH,control,4
274,07/27/2023 07:30:00,31.77,-60.06,7.78,21657438,HOBO,HOBO pH,control,4
275,07/27/2023 07:40:00,31.97,-61.14,7.80,21657438,HOBO,HOBO pH,control,4
276,07/27/2023 07:50:00,32.15,-61.25,7.80,21657438,HOBO,HOBO pH,control,4
277,07/27/2023 08:00:00,32.33,-61.74,7.81,21657438,HOBO,HOBO pH,control,4
278,07/27/2023 08:10:00,32.48,-62.69,7.82,21657438,HOBO,HOBO pH,control,4
279,07/27/2023 08:20:00,32.61,-63.53,7.84,21657438,HOBO,HOBO pH,control,4
280,07/27/2023 08:30:00,32.77,-64.46,7.85,21657438,HOBO,HOBO pH,control,4
281,07/27/2023 08:40:00,32.90,-65.10,7.86,21657438,HOBO,HOBO pH,control,4
282,07/27/2023 08:50:00,33.03,-65.67,7.87,21657438,HOBO,HOBO pH,control,4
283,07/27/2023 09:00:00,33.18,-66.22,7.88,21657438,HOBO,HOBO pH,control,4
284,07/27/2023 09:10:00,33.29,-66.60,7.89,21657438,HOBO,HOBO pH,control,4
285,07/27/2023 09:20:00,33.42,-66.94,7.89,21657438,HOBO,HOBO pH,control,4
286,07/27/2023 09:30:00,33.55,-67.49,7.90,21657438,HOBO,HOBO pH,control,4
287,07/27/2023 09:40:00,33.68,-67.75,7.90,21657438,HOBO,HOBO pH,control,4
288,07/27/2023 09:50:00,33.81,-68.10,7.91,21657438,HOBO,HOBO pH,control,4
289,07/27/2023 10:00:00,33.91,-68.39,7.91,21657438,HOBO,HOBO pH,control,4
290,07/27/2023 10:10:00,34.02,-68.72,7.92,21657438,HOBO,HOBO pH,control,4
291,07/27/2023 10:20:00,34.12,-68.92,7.92,21657438,HOBO,HOBO pH,control,4
292,07/27/2023 10:30:00,34.20,-69.05,7.92,21657438,HOBO,HOBO pH,control,4
293,07/27/2023 10:40:00,34.28,-69.30,7.93,21657438,HOBO,HOBO pH,control,4
294,07/27/2023 10:50:00,34.33,-69.39,7.93,21657438,HOBO,HOBO pH,control,4
295,07/27/2023 11:00:00,34.36,-69.53,7.93,21657438,HOBO,HOBO pH,control,4
296,07/27/2023 11:10:00,34.41,-69.71,7.93,21657438,HOBO,HOBO pH,control,4
297,07/27/2023 11:20:00,34.55,-70.35,7.94,21657438,HOBO,HOBO pH,control,4
298,07/27/2023 11:30:00,34.70,-70.99,7.95,21657438,HOBO,HOBO pH,control,4
299,07/27/2023 11:40:00,34.76,-70.89,7.95,21657438,HOBO,HOBO pH,control,4
300,07/27/2023 11:50:00,34.70,-70.86,7.95,21657438,HOBO,HOBO pH,control,4
301,07/27/2023 12:00:00,34.57,-70.58,7.95,21657438,HOBO,HOBO pH,control,4
302,07/27/2023 12:10:00,34.68,-71.28,7.96,21657438,HOBO,HOBO pH,control,4
303,07/27/2023 12:20:00,34.81,-71.88,7.97,21657438,HOBO,HOBO pH,control,4
304,07/27/2023 12:30:00,34.94,-72.35,7.98,21657438,HOBO,HOBO pH,control,4
305,07/27/2023 12:40:00,35.05,-72.50,7.98,21657438,HOBO,HOBO pH,control,4
306,07/27/2023 12:50:00,35.18,-72.81,7.98,21657438,HOBO,HOBO pH,control,4
307,07/27/2023 13:00:00,35.21,-72.89,7.99,21657438,HOBO,HOBO pH,control,4
308,07/27/2023 13:10:00,35.39,-73.46,7.99,21657438,HOBO,HOBO pH,control,4
309,07/27/2023 13:20:00,35.61,-74.47,8.01,21657438,HOBO,HOBO pH,control,4
310,07/27/2023 13:30:00,35.90,-75.08,8.02,21657438,HOBO,HOBO pH,control,4
311,07/27/2023 13:40:00,36.07,-75.10,8.02,21657438,HOBO,HOBO pH,control,4
312,07/27/2023 13:50:00,36.15,-75.38,8.02,21657438,HOBO,HOBO pH,control,4
313,07/27/2023 14:00:00,36.23,-75.72,8.03,21657438,HOBO,HOBO pH,control,4
314,07/27/2023 14:10:00,36.12,-76.05,8.03,21657438,HOBO,HOBO pH,control,4
315,07/27/2023 14:20:00,35.93,-75.56,8.03,21657438,HOBO,HOBO pH,control,4
316,07/27/2023 14:30:00,35.82,-75.71,8.03,21657438,HOBO,HOBO pH,control,4
317,07/27/2023 14:40:00,35.72,-75.16,8.02,21657438,HOBO,HOBO pH,control,4
318,07/27/2023 14:50:00,35.45,-74.28,8.01,21657438,HOBO,HOBO pH,control,4
319,07/27/2023 15:00:00,35.29,-74.19,8.01,21657438,HOBO,HOBO pH,control,4
320,07/27/2023 15:10:00,35.10,-73.58,8.00,21657438,HOBO,HOBO pH,control,4
321,07/27/2023 15:20:00,34.89,-73.31,7.99,21657438,HOBO,HOBO pH,control,4
322,07/27/2023 15:30:00,34.86,-73.36,7.99,21657438,HOBO,HOBO pH,control,4
323,07/27/2023 15:40:00,34.73,-73.30,7.99,21657438,HOBO,HOBO pH,control,4
324,07/27/2023 15:50:00,34.70,-73.24,7.99,21657438,HOBO,HOBO pH,control,4
325,07/27/2023 16:00:00,34.60,-72.97,7.99,21657438,HOBO,HOBO pH,control,4
326,07/27/2023 16:10:00,34.55,-73.02,7.99,21657438,HOBO,HOBO pH,control,4
327,07/27/2023 16:20:00,34.44,-73.06,7.99,21657438,HOBO,HOBO pH,control,4
328,07/27/2023 16:30:00,34.39,-72.83,7.99,21657438,HOBO,HOBO pH,control,4
329,07/27/2023 16:40:00,34.33,-72.67,7.98,21657438,HOBO,HOBO pH,control,4
330,07/27/2023 16:50:00,34.33,-72.77,7.99,21657438,HOBO,HOBO pH,control,4
331,07/27/2023 17:00:00,34.26,-72.69,7.98,21657438,HOBO,HOBO pH,control,4
332,07/27/2023 17:10:00,34.20,-72.28,7.98,21657438,HOBO,HOBO pH,control,4
333,07/27/2023 17:20:00,34.18,-72.30,7.98,21657438,HOBO,HOBO pH,control,4
334,07/27/2023 17:30:00,34.12,-72.22,7.98,21657438,HOBO,HOBO pH,control,4
335,07/27/2023 17:40:00,34.07,-72.27,7.98,21657438,HOBO,HOBO pH,control,4
336,07/27/2023 17:50:00,34.04,-72.14,7.98,21657438,HOBO,HOBO pH,control,4
337,07/27/2023 18:00:00,33.99,-71.86,7.97,21657438,HOBO,HOBO pH,control,4
338,07/27/2023 18:10:00,33.94,-71.78,7.97,21657438,HOBO,HOBO pH,control,4
339,07/27/2023 18:20:00,33.86,-71.63,7.97,21657438,HOBO,HOBO pH,control,4
340,07/27/2023 18:30:00,33.81,-71.49,7.97,21657438,HOBO,HOBO pH,control,4
341,07/27/2023 18:40:00,33.78,-71.33,7.96,21657438,HOBO,HOBO pH,control,4
342,07/27/2023 18:50:00,33.68,-71.13,7.96,21657438,HOBO,HOBO pH,control,4
343,07/27/2023 19:00:00,33.60,-70.88,7.96,21657438,HOBO,HOBO pH,control,4
344,07/27/2023 19:10:00,33.52,-70.69,7.95,21657438,HOBO,HOBO pH,control,4
345,07/27/2023 19:20:00,33.42,-70.42,7.95,21657438,HOBO,HOBO pH,control,4
346,07/27/2023 19:30:00,33.31,-70.19,7.95,21657438,HOBO,HOBO pH,control,4
347,07/27/2023 19:40:00,33.23,-69.94,7.94,21657438,HOBO,HOBO pH,control,4
348,07/27/2023 19:50:00,33.13,-69.56,7.94,21657438,HOBO,HOBO pH,control,4
349,07/27/2023 20:00:00,32.98,-68.77,7.92,21657438,HOBO,HOBO pH,control,4
350,07/27/2023 20:10:00,32.87,-68.27,7.92,21657438,HOBO,HOBO pH,control,4
351,07/27/2023 20:20:00,32.85,-67.94,7.91,21657438,HOBO,HOBO pH,control,4
352,07/27/2023 20:30:00,32.77,-67.83,7.91,21657438,HOBO,HOBO pH,control,4
353,07/27/2023 20:40:00,32.74,-67.49,7.90,21657438,HOBO,HOBO pH,control,4
354,07/27/2023 20:50:00,32.74,-67.27,7.90,21657438,HOBO,HOBO pH,control,4
355,07/27/2023 21:00:00,32.69,-65.75,7.87,21657438,HOBO,HOBO pH,control,4
356,07/27/2023 21:10:00,32.66,-65.60,7.87,21657438,HOBO,HOBO pH,control,4
357,07/27/2023 21:20:00,32.64,-65.24,7.86,21657438,HOBO,HOBO pH,control,4
358,07/27/2023 21:30:00,32.64,-65.13,7.86,21657438,HOBO,HOBO pH,control,4
359,07/27/2023 21:40:00,32.66,-65.00,7.86,21657438,HOBO,HOBO pH,control,4
360,07/27/2023 21:50:00,32.66,-64.74,7.86,21657438,HOBO,HOBO pH,control,4
361,07/27/2023 22:00:00,32.64,-64.08,7.85,21657438,HOBO,HOBO pH,control,4
362,07/27/2023 22:10:00,32.64,-63.69,7.84,21657438,HOBO,HOBO pH,control,4
363,07/27/2023 22:20:00,32.64,-63.61,7.84,21657438,HOBO,HOBO pH,control,4
364,07/27/2023 22:30:00,32.72,-64.08,7.85,21657438,HOBO,HOBO pH,control,4
365,07/27/2023 22:40:00,32.87,-64.97,7.86,21657438,HOBO,HOBO pH,control,4
366,07/27/2023 22:50:00,32.98,-64.69,7.85,21657438,HOBO,HOBO pH,control,4
367,07/27/2023 23:00:00,32.98,-64.30,7.85,21657438,HOBO,HOBO pH,control,4
368,07/27/2023 23:10:00,33.03,-64.31,7.85,21657438,HOBO,HOBO pH,control,4
369,07/27/2023 23:20:00,33.11,-64.47,7.85,21657438,HOBO,HOBO pH,control,4
370,07/27/2023 23:30:00,33.11,-63.74,7.84,21657438,HOBO,HOBO pH,control,4
371,07/27/2023 23:40:00,33.05,-63.46,7.83,21657438,HOBO,HOBO pH,control,4
372,07/27/2023 23:50:00,33.05,-63.91,7.84,21657438,HOBO,HOBO pH,control,4
373,07/28/2023 00:00:00,33.05,-62.88,7.82,21657438,HOBO,HOBO pH,control,4
374,07/28/2023 00:10:00,33.08,-62.52,7.82,21657438,HOBO,HOBO pH,control,4
375,07/28/2023 00:20:00,33.13,-62.02,7.81,21657438,HOBO,HOBO pH,control,4
376,07/28/2023 00:30:00,33.26,-62.88,7.82,21657438,HOBO,HOBO pH,control,4
377,07/28/2023 00:40:00,33.42,-63.89,7.84,21657438,HOBO,HOBO pH,control,4
378,07/28/2023 00:50:00,33.29,-61.74,7.80,21657438,HOBO,HOBO pH,control,4
379,07/28/2023 01:00:00,33.31,-62.30,7.81,21657438,HOBO,HOBO pH,control,4
380,07/28/2023 01:10:00,33.29,-60.64,7.79,21657438,HOBO,HOBO pH,control,4
381,07/28/2023 01:20:00,33.29,-60.89,7.79,21657438,HOBO,HOBO pH,control,4
382,07/28/2023 01:30:00,33.42,-63.58,7.83,21657438,HOBO,HOBO pH,control,4
383,07/28/2023 01:40:00,33.31,-60.03,7.78,21657438,HOBO,HOBO pH,control,4
384,07/28/2023 01:50:00,33.42,-62.89,7.82,21657438,HOBO,HOBO pH,control,4
385,07/28/2023 02:00:00,33.42,-63.33,7.83,21657438,HOBO,HOBO pH,control,4
386,07/28/2023 02:10:00,33.34,-61.31,7.80,21657438,HOBO,HOBO pH,control,4
387,07/28/2023 02:20:00,33.23,-59.70,7.77,21657438,HOBO,HOBO pH,control,4
388,07/28/2023 02:30:00,33.31,-65.63,7.87,21657438,HOBO,HOBO pH,control,4
389,07/28/2023 02:40:00,33.37,-65.30,7.86,21657438,HOBO,HOBO pH,control,4
390,07/28/2023 02:50:00,33.37,-65.17,7.86,21657438,HOBO,HOBO pH,control,4
391,07/28/2023 03:00:00,33.37,-63.81,7.84,21657438,HOBO,HOBO pH,control,4
392,07/28/2023 03:10:00,33.31,-62.83,7.82,21657438,HOBO,HOBO pH,control,4
393,07/28/2023 03:20:00,33.34,-64.47,7.85,21657438,HOBO,HOBO pH,control,4
394,07/28/2023 03:30:00,33.34,-64.00,7.84,21657438,HOBO,HOBO pH,control,4
395,07/28/2023 03:40:00,33.34,-64.72,7.85,21657438,HOBO,HOBO pH,control,4
396,07/28/2023 03:50:00,33.34,-64.71,7.85,21657438,HOBO,HOBO pH,control,4
397,07/28/2023 04:00:00,33.37,-64.50,7.85,21657438,HOBO,HOBO pH,control,4
398,07/28/2023 04:10:00,33.37,-64.39,7.85,21657438,HOBO,HOBO pH,control,4
399,07/28/2023 04:20:00,33.34,-64.67,7.85,21657438,HOBO,HOBO pH,control,4
400,07/28/2023 04:30:00,33.31,-65.03,7.86,21657438,HOBO,HOBO pH,control,4
401,07/28/2023 04:40:00,33.29,-64.88,7.86,21657438,HOBO,HOBO pH,control,4
402,07/28/2023 04:50:00,33.21,-65.27,7.86,21657438,HOBO,HOBO pH,control,4
403,07/28/2023 05:00:00,33.03,-64.78,7.86,21657438,HOBO,HOBO pH,control,4
404,07/28/2023 05:10:00,32.82,-64.33,7.85,21657438,HOBO,HOBO pH,control,4
405,07/28/2023 05:20:00,32.69,-64.17,7.85,21657438,HOBO,HOBO pH,control,4
406,07/28/2023 05:30:00,32.51,-64.16,7.85,21657438,HOBO,HOBO pH,control,4
407,07/28/2023 05:40:00,32.36,-64.19,7.85,21657438,HOBO,HOBO pH,control,4
408,07/28/2023 05:50:00,32.23,-63.69,7.84,21657438,HOBO,HOBO pH,control,4
409,07/28/2023 06:00:00,32.18,-62.91,7.83,21657438,HOBO,HOBO pH,control,4
410,07/28/2023 06:10:00,32.07,-61.53,7.80,21657438,HOBO,HOBO pH,control,4
411,07/28/2023 06:20:00,32.00,-61.64,7.81,21657438,HOBO,HOBO pH,control,4
412,07/28/2023 06:30:00,31.89,-61.56,7.81,21657438,HOBO,HOBO pH,control,4
413,07/28/2023 06:40:00,31.84,-61.31,7.80,21657438,HOBO,HOBO pH,control,4
414,07/28/2023 06:50:00,31.82,-60.89,7.79,21657438,HOBO,HOBO pH,control,4
415,07/28/2023 07:00:00,31.74,-60.22,7.78,21657438,HOBO,HOBO pH,control,4
416,07/28/2023 07:10:00,31.66,-59.91,7.78,21657438,HOBO,HOBO pH,control,4
417,07/28/2023 07:20:00,31.64,-58.31,7.75,21657438,HOBO,HOBO pH,control,4
418,07/28/2023 07:30:00,31.66,-58.89,7.76,21657438,HOBO,HOBO pH,control,4
419,07/28/2023 07:40:00,31.74,-59.60,7.77,21657438,HOBO,HOBO pH,control,4
420,07/28/2023 07:50:00,31.87,-60.44,7.79,21657438,HOBO,HOBO pH,control,4
421,07/28/2023 08:00:00,32.02,-61.00,7.80,21657438,HOBO,HOBO pH,control,4
422,07/28/2023 08:10:00,32.15,-60.85,7.79,21657438,HOBO,HOBO pH,control,4
423,07/28/2023 08:20:00,32.38,-61.24,7.80,21657438,HOBO,HOBO pH,control,4
424,07/28/2023 08:30:00,32.61,-62.30,7.82,21657438,HOBO,HOBO pH,control,4
425,07/28/2023 08:40:00,32.85,-63.77,7.84,21657438,HOBO,HOBO pH,control,4
426,07/28/2023 08:50:00,33.00,-64.80,7.86,21657438,HOBO,HOBO pH,control,4
427,07/28/2023 09:00:00,33.16,-65.31,7.86,21657438,HOBO,HOBO pH,control,4
428,07/28/2023 09:10:00,33.29,-65.58,7.87,21657438,HOBO,HOBO pH,control,4
429,07/28/2023 09:20:00,33.39,-66.02,7.88,21657438,HOBO,HOBO pH,control,4
430,07/28/2023 09:30:00,33.52,-66.41,7.88,21657438,HOBO,HOBO pH,control,4
431,07/28/2023 09:40:00,33.65,-67.03,7.89,21657438,HOBO,HOBO pH,control,4
432,07/28/2023 09:50:00,33.78,-67.42,7.90,21657438,HOBO,HOBO pH,control,4
433,07/28/2023 10:00:00,33.94,-67.91,7.91,21657438,HOBO,HOBO pH,control,4
434,07/28/2023 10:10:00,34.04,-68.30,7.91,21657438,HOBO,HOBO pH,control,4
435,07/28/2023 10:20:00,34.12,-68.44,7.91,21657438,HOBO,HOBO pH,control,4
436,07/28/2023 10:30:00,34.20,-68.53,7.92,21657438,HOBO,HOBO pH,control,4
437,07/28/2023 10:40:00,34.23,-68.67,7.92,21657438,HOBO,HOBO pH,control,4
438,07/28/2023 10:50:00,34.26,-68.75,7.92,21657438,HOBO,HOBO pH,control,4
439,07/28/2023 11:00:00,34.23,-68.77,7.92,21657438,HOBO,HOBO pH,control,4
440,07/28/2023 11:10:00,34.18,-68.63,7.92,21657438,HOBO,HOBO pH,control,4
441,07/28/2023 11:20:00,34.23,-68.88,7.92,21657438,HOBO,HOBO pH,control,4
442,07/28/2023 11:30:00,34.33,-69.74,7.94,21657438,HOBO,HOBO pH,control,4
443,07/28/2023 11:40:00,34.60,-71.69,7.97,21657438,HOBO,HOBO pH,control,4
444,07/28/2023 11:50:00,34.78,-72.46,7.98,21657438,HOBO,HOBO pH,control,4
445,07/28/2023 12:00:00,34.94,-73.60,8.00,21657438,HOBO,HOBO pH,control,4
446,07/28/2023 12:10:00,35.02,-73.67,8.00,21657438,HOBO,HOBO pH,control,4
447,07/28/2023 12:20:00,35.05,-73.63,8.00,21657438,HOBO,HOBO pH,control,4
448,07/28/2023 12:30:00,35.10,-73.71,8.00,21657438,HOBO,HOBO pH,control,4
449,07/28/2023 12:40:00,35.21,-73.92,8.00,21657438,HOBO,HOBO pH,control,4
450,07/28/2023 12:50:00,35.29,-74.21,8.01,21657438,HOBO,HOBO pH,control,4
451,07/28/2023 13:00:00,35.39,-74.47,8.01,21657438,HOBO,HOBO pH,control,4
452,07/28/2023 13:10:00,35.45,-74.64,8.01,21657438,HOBO,HOBO pH,control,4
453,07/28/2023 13:20:00,35.48,-74.88,8.02,21657438,HOBO,HOBO pH,control,4
454,07/28/2023 13:30:00,35.53,-74.99,8.02,21657438,HOBO,HOBO pH,control,4
455,07/28/2023 13:40:00,35.53,-75.13,8.02,21657438,HOBO,HOBO pH,control,4
456,07/28/2023 13:50:00,35.53,-75.13,8.02,21657438,HOBO,HOBO pH,control,4
457,07/28/2023 14:00:00,35.53,-75.05,8.02,21657438,HOBO,HOBO pH,control,4
458,07/28/2023 14:10:00,35.56,-75.38,8.03,21657438,HOBO,HOBO pH,control,4
459,07/28/2023 14:20:00,35.61,-75.52,8.03,21657438,HOBO,HOBO pH,control,4
460,07/28/2023 14:30:00,35.66,-75.77,8.03,21657438,HOBO,HOBO pH,control,4
461,07/28/2023 14:40:00,35.66,-75.97,8.03,21657438,HOBO,HOBO pH,control,4
462,07/28/2023 14:50:00,35.64,-75.66,8.03,21657438,HOBO,HOBO pH,control,4
463,07/28/2023 15:00:00,35.58,-75.86,8.03,21657438,HOBO,HOBO pH,control,4
464,07/28/2023 15:10:00,35.53,-75.52,8.03,21657438,HOBO,HOBO pH,control,4
465,07/28/2023 15:20:00,35.45,-75.16,8.02,21657438,HOBO,HOBO pH,control,4
466,07/28/2023 15:30:00,35.34,-74.60,8.01,21657438,HOBO,HOBO pH,control,4
467,07/28/2023 15:40:00,35.31,-74.74,8.02,21657438,HOBO,HOBO pH,control,4
468,07/28/2023 15:50:00,35.29,-74.80,8.02,21657438,HOBO,HOBO pH,control,4
469,07/28/2023 16:00:00,35.23,-74.36,8.01,21657438,HOBO,HOBO pH,control,4
470,07/28/2023 16:10:00,35.21,-74.41,8.01,21657438,HOBO,HOBO pH,control,4
471,07/28/2023 16:20:00,35.18,-74.30,8.01,21657438,HOBO,HOBO pH,control,4
472,07/28/2023 16:30:00,35.16,-74.77,8.02,21657438,HOBO,HOBO pH,control,4
473,07/28/2023 16:40:00,35.16,-74.85,8.02,21657438,HOBO,HOBO pH,control,4
474,07/28/2023 16:50:00,35.13,-74.67,8.01,21657438,HOBO,HOBO pH,control,4
475,07/28/2023 17:00:00,35.08,-74.49,8.01,21657438,HOBO,HOBO pH,control,4
476,07/28/2023 17:10:00,34.94,-74.19,8.01,21657438,HOBO,HOBO pH,control,4
477,07/28/2023 17:20:00,34.76,-73.74,8.00,21657438,HOBO,HOBO pH,control,4
478,07/28/2023 17:30:00,34.68,-73.88,8.00,21657438,HOBO,HOBO pH,control,4
479,07/28/2023 17:40:00,34.60,-74.00,8.01,21657438,HOBO,HOBO pH,control,4
480,07/28/2023 17:50:00,34.55,-73.69,8.00,21657438,HOBO,HOBO pH,control,4
481,07/28/2023 18:00:00,34.44,-73.38,8.00,21657438,HOBO,HOBO pH,control,4
482,07/28/2023 18:10:00,34.33,-73.02,7.99,21657438,HOBO,HOBO pH,control,4
483,07/28/2023 18:20:00,34.20,-72.44,7.98,21657438,HOBO,HOBO pH,control,4
484,07/28/2023 18:30:00,34.07,-72.52,7.98,21657438,HOBO,HOBO pH,control,4
485,07/28/2023 18:40:00,33.89,-72.02,7.97,21657438,HOBO,HOBO pH,control,4
486,07/28/2023 18:50:00,33.70,-71.33,7.96,21657438,HOBO,HOBO pH,control,4
487,07/28/2023 19:00:00,33.57,-70.75,7.95,21657438,HOBO,HOBO pH,control,4
488,07/28/2023 19:10:00,33.50,-70.41,7.95,21657438,HOBO,HOBO pH,control,4
489,07/28/2023 19:20:00,33.31,-70.02,7.94,21657438,HOBO,HOBO pH,control,4
490,07/28/2023 19:30:00,33.18,-69.19,7.93,21657438,HOBO,HOBO pH,control,4
491,07/28/2023 19:40:00,33.11,-68.83,7.92,21657438,HOBO,HOBO pH,control,4
492,07/28/2023 19:50:00,32.98,-68.49,7.92,21657438,HOBO,HOBO pH,control,4
493,07/28/2023 20:00:00,32.90,-67.78,7.91,21657438,HOBO,HOBO pH,control,4
494,07/28/2023 20:10:00,32.79,-67.33,7.90,21657438,HOBO,HOBO pH,control,4
495,07/28/2023 20:20:00,32.72,-66.81,7.89,21657438,HOBO,HOBO pH,control,4
496,07/28/2023 20:30:00,32.66,-66.39,7.88,21657438,HOBO,HOBO pH,control,4
497,07/28/2023 20:40:00,32.64,-65.86,7.88,21657438,HOBO,HOBO pH,control,4
498,07/28/2023 20:50:00,32.56,-65.31,7.87,21657438,HOBO,HOBO pH,control,4
499,07/28/2023 21:00:00,32.54,-64.77,7.86,21657438,HOBO,HOBO pH,control,4
500,07/28/2023 21:10:00,32.54,-64.42,7.85,21657438,HOBO,HOBO pH,control,4
501,07/28/2023 21:20:00,32.51,-64.28,7.85,21657438,HOBO,HOBO pH,control,4
502,07/28/2023 21:30:00,32.48,-63.83,7.84,21657438,HOBO,HOBO pH,control,4
503,07/28/2023 21:40:00,32.43,-63.36,7.83,21657438,HOBO,HOBO pH,control,4
504,07/28/2023 21:50:00,32.43,-62.83,7.83,21657438,HOBO,HOBO pH,control,4
505,07/28/2023 22:00:00,32.41,-62.33,7.82,21657438,HOBO,HOBO pH,control,4
506,07/28/2023 22:10:00,32.38,-61.35,7.80,21657438,HOBO,HOBO pH,control,4
507,07/28/2023 22:20:00,32.36,-60.64,7.79,21657438,HOBO,HOBO pH,control,4
508,07/28/2023 22:30:00,32.36,-60.52,7.79,21657438,HOBO,HOBO pH,control,4
509,07/28/2023 22:40:00,32.41,-60.83,7.79,21657438,HOBO,HOBO pH,control,4
510,07/28/2023 22:50:00,32.41,-61.24,7.80,21657438,HOBO,HOBO pH,control,4
511,07/28/2023 23:00:00,32.43,-61.02,7.79,21657438,HOBO,HOBO pH,control,4
512,07/28/2023 23:10:00,32.48,-61.00,7.79,21657438,HOBO,HOBO pH,control,4
513,07/28/2023 23:20:00,32.64,-61.19,7.80,21657438,HOBO,HOBO pH,control,4
514,07/28/2023 23:30:00,32.72,-61.99,7.81,21657438,HOBO,HOBO pH,control,4
515,07/28/2023 23:40:00,32.72,-61.39,7.80,21657438,HOBO,HOBO pH,control,4
516,07/28/2023 23:50:00,32.66,-60.53,7.79,21657438,HOBO,HOBO pH,control,4
517,07/29/2023 00:00:00,32.72,-60.56,7.79,21657438,HOBO,HOBO pH,control,4
518,07/29/2023 00:10:00,32.82,-61.14,7.80,21657438,HOBO,HOBO pH,control,4
519,07/29/2023 00:20:00,32.77,-60.03,7.78,21657438,HOBO,HOBO pH,control,4
520,07/29/2023 00:30:00,32.79,-60.63,7.79,21657438,HOBO,HOBO pH,control,4
521,07/29/2023 00:40:00,32.82,-60.80,7.79,21657438,HOBO,HOBO pH,control,4
522,07/29/2023 00:50:00,32.95,-61.08,7.79,21657438,HOBO,HOBO pH,control,4
523,07/29/2023 01:00:00,33.11,-60.56,7.79,21657438,HOBO,HOBO pH,control,4
524,07/29/2023 01:10:00,33.00,-60.22,7.78,21657438,HOBO,HOBO pH,control,4
525,07/29/2023 01:20:00,33.03,-61.20,7.80,21657438,HOBO,HOBO pH,control,4
526,07/29/2023 01:30:00,33.03,-61.31,7.80,21657438,HOBO,HOBO pH,control,4
527,07/29/2023 01:40:00,33.05,-61.74,7.81,21657438,HOBO,HOBO pH,control,4
528,07/29/2023 01:50:00,33.08,-61.06,7.79,21657438,HOBO,HOBO pH,control,4
529,07/29/2023 02:00:00,33.16,-61.88,7.81,21657438,HOBO,HOBO pH,control,4
530,07/29/2023 02:10:00,33.39,-63.66,7.84,21657438,HOBO,HOBO pH,control,4
531,07/29/2023 02:20:00,33.29,-60.77,7.79,21657438,HOBO,HOBO pH,control,4
532,07/29/2023 02:30:00,33.18,-60.39,7.78,21657438,HOBO,HOBO pH,control,4
533,07/29/2023 02:40:00,33.13,-59.80,7.77,21657438,HOBO,HOBO pH,control,4
534,07/29/2023 02:50:00,33.05,-62.50,7.82,21657438,HOBO,HOBO pH,control,4
535,07/29/2023 03:00:00,33.03,-64.41,7.85,21657438,HOBO,HOBO pH,control,4
536,07/29/2023 03:10:00,33.08,-64.39,7.85,21657438,HOBO,HOBO pH,control,4
537,07/29/2023 03:20:00,33.18,-64.46,7.85,21657438,HOBO,HOBO pH,control,4
538,07/29/2023 03:30:00,33.18,-64.49,7.85,21657438,HOBO,HOBO pH,control,4
539,07/29/2023 03:40:00,33.13,-65.49,7.87,21657438,HOBO,HOBO pH,control,4
540,07/29/2023 03:50:00,33.13,-65.21,7.86,21657438,HOBO,HOBO pH,control,4
541,07/29/2023 04:00:00,33.16,-65.42,7.87,21657438,HOBO,HOBO pH,control,4
542,07/29/2023 04:10:00,33.13,-65.02,7.86,21657438,HOBO,HOBO pH,control,4
543,07/29/2023 04:20:00,33.03,-64.42,7.85,21657438,HOBO,HOBO pH,control,4
544,07/29/2023 04:30:00,32.98,-64.39,7.85,21657438,HOBO,HOBO pH,control,4
545,07/29/2023 04:40:00,32.72,-63.46,7.83,21657438,HOBO,HOBO pH,control,4
546,07/29/2023 04:50:00,32.61,-63.38,7.83,21657438,HOBO,HOBO pH,control,4
547,07/29/2023 05:00:00,32.48,-63.28,7.83,21657438,HOBO,HOBO pH,control,4
548,07/29/2023 05:10:00,32.28,-62.44,7.82,21657438,HOBO,HOBO pH,control,4
549,07/29/2023 05:20:00,32.15,-61.28,7.80,21657438,HOBO,HOBO pH,control,4
550,07/29/2023 05:30:00,32.02,-60.77,7.79,21657438,HOBO,HOBO pH,control,4
551,07/29/2023 05:40:00,31.87,-60.08,7.78,21657438,HOBO,HOBO pH,control,4
552,07/29/2023 05:50:00,31.77,-59.30,7.77,21657438,HOBO,HOBO pH,control,4
553,07/29/2023 06:00:00,31.64,-59.75,7.78,21657438,HOBO,HOBO pH,control,4
554,07/29/2023 06:10:00,31.56,-60.10,7.78,21657438,HOBO,HOBO pH,control,4
555,07/29/2023 06:20:00,31.46,-60.10,7.78,21657438,HOBO,HOBO pH,control,4
556,07/29/2023 06:30:00,31.38,-59.80,7.78,21657438,HOBO,HOBO pH,control,4
557,07/29/2023 06:40:00,31.20,-59.41,7.77,21657438,HOBO,HOBO pH,control,4
558,07/29/2023 06:50:00,31.10,-59.24,7.77,21657438,HOBO,HOBO pH,control,4
559,07/29/2023 07:00:00,31.03,-59.36,7.77,21657438,HOBO,HOBO pH,control,4
560,07/29/2023 07:10:00,30.95,-59.52,7.77,21657438,HOBO,HOBO pH,control,4
561,07/29/2023 07:20:00,30.90,-59.88,7.78,21657438,HOBO,HOBO pH,control,4
562,07/29/2023 07:30:00,30.90,-60.42,7.79,21657438,HOBO,HOBO pH,control,4
563,07/29/2023 07:40:00,30.92,-61.50,7.81,21657438,HOBO,HOBO pH,control,4
564,07/29/2023 07:50:00,30.98,-63.36,7.84,21657438,HOBO,HOBO pH,control,4
565,07/29/2023 08:00:00,31.03,-65.14,7.87,21657438,HOBO,HOBO pH,control,4
566,07/29/2023 08:10:00,31.10,-64.63,7.86,21657438,HOBO,HOBO pH,control,4
567,07/29/2023 08:20:00,31.15,-65.96,7.88,21657438,HOBO,HOBO pH,control,4
568,07/29/2023 08:30:00,31.26,-65.25,7.87,21657438,HOBO,HOBO pH,control,4
569,07/29/2023 08:40:00,31.36,-68.13,7.92,21657438,HOBO,HOBO pH,control,4
570,07/29/2023 08:50:00,31.48,-65.22,7.87,21657438,HOBO,HOBO pH,control,4
571,07/29/2023 09:00:00,31.64,-72.46,7.99,21657438,HOBO,HOBO pH,control,4
572,07/29/2023 09:10:00,31.84,-76.53,8.06,21657438,HOBO,HOBO pH,control,4
573,07/29/2023 09:20:00,31.89,-74.86,8.03,21657438,HOBO,HOBO pH,control,4
574,07/29/2023 09:30:00,32.23,-78.83,8.09,21657438,HOBO,HOBO pH,control,4
575,07/29/2023 09:40:00,32.46,-74.69,8.02,21657438,HOBO,HOBO pH,control,4
576,07/29/2023 09:50:00,32.69,-67.00,7.89,21657438,HOBO,HOBO pH,control,4
577,07/29/2023 10:00:00,32.90,-72.33,7.98,21657438,HOBO,HOBO pH,control,4
578,07/29/2023 10:10:00,32.51,132.47,4.55,21657438,HOBO,HOBO pH,control,4
579,07/29/2023 10:20:00,33.89,147.54,4.31,21657438,HOBO,HOBO pH,control,4
580,07/29/2023 10:30:00,34.18,160.02,4.10,21657438,HOBO,HOBO pH,control,4
581,07/29/2023 10:40:00,25.84,159.43,4.03,21657438,HOBO,HOBO pH,control,4
582,07/29/2023 10:50:00,23.47,159.85,4.00,21657438,HOBO,HOBO pH,control,4
583,07/29/2023 11:00:00,22.70,159.94,3.99,21657438,HOBO,HOBO pH,control,4
584,07/29/2023 11:10:00,22.39,159.65,3.99,21657438,HOBO,HOBO pH,control,4
585,07/29/2023 11:20:00,22.20,159.35,4.00,21657438,HOBO,HOBO pH,control,4
586,07/29/2023 11:30:00,22.03,159.02,4.00,21657438,HOBO,HOBO pH,control,4
587,07/29/2023 11:40:00,21.91,158.60,4.01,21657438,HOBO,HOBO pH,control,4
588,07/29/2023 11:50:00,21.82,158.24,4.01,21657438,HOBO,HOBO pH,control,4
589,07/29/2023 12:00:00,21.72,157.94,4.02,21657438,HOBO,HOBO pH,control,4
590,07/29/2023 12:10:00,21.68,157.68,4.02,21657438,HOBO,HOBO pH,control,4
591,07/29/2023 12:20:00,21.60,157.43,4.02,21657438,HOBO,HOBO pH,control,4
592,07/29/2023 12:30:00,21.53,157.19,4.03,21657438,HOBO,HOBO pH,control,4
593,07/29/2023 12:40:00,21.46,156.85,4.03,21657438,HOBO,HOBO pH,control,4
594,07/29/2023 12:50:00,21.39,156.58,4.04,21657438,HOBO,HOBO pH,control,4
595,07/29/2023 13:00:00,21.29,156.47,4.04,21657438,HOBO,HOBO pH,control,4
596,07/29/2023 13:10:00,21.25,156.36,4.04,21657438,HOBO,HOBO pH,control,4
597,07/29/2023 13:20:00,21.20,156.24,4.04,21657438,HOBO,HOBO pH,control,4
598,07/29/2023 13:30:00,21.15,156.10,4.04,21657438,HOBO,HOBO pH,control,4
599,07/29/2023 13:40:00,21.08,155.88,4.04,21657438,HOBO,HOBO pH,control,4
600,07/29/2023 13:50:00,21.03,155.77,4.05,21657438,HOBO,HOBO pH,control,4
601,07/29/2023 14:00:00,20.98,155.71,4.05,21657438,HOBO,HOBO pH,control,4
602,07/29/2023 14:10:00,20.94,155.77,4.05,21657438,HOBO,HOBO pH,control,4
603,07/29/2023 14:20:00,20.89,155.57,4.05,21657438,HOBO,HOBO pH,control,4
604,07/29/2023 14:30:00,20.86,155.47,4.05,21657438,HOBO,HOBO pH,control,4
605,07/29/2023 14:40:00,20.84,155.41,4.05,21657438,HOBO,HOBO pH,control,4
606,07/29/2023 14:50:00,20.82,155.24,4.05,21657438,HOBO,HOBO pH,control,4
607,07/29/2023 15:00:00,20.75,155.10,4.06,21657438,HOBO,HOBO pH,control,4
608,07/29/2023 15:10:00,20.70,155.05,4.06,21657438,HOBO,HOBO pH,control,4
609,07/29/2023 15:20:00,20.67,155.04,4.06,21657438,HOBO,HOBO pH,control,4
610,07/29/2023 15:30:00,20.65,155.00,4.06,21657438,HOBO,HOBO pH,control,4
611,07/29/2023 15:40:00,20.63,154.94,4.06,21657438,HOBO,HOBO pH,control,4
612,07/29/2023 15:50:00,20.63,154.88,4.06,21657438,HOBO,HOBO pH,control,4
613,07/29/2023 16:00:00,20.60,154.82,4.06,21657438,HOBO,HOBO pH,control,4
614,07/29/2023 16:10:00,20.58,154.74,4.06,21657438,HOBO,HOBO pH,control,4
615,07/29/2023 16:20:00,20.58,154.66,4.06,21657438,HOBO,HOBO pH,control,4
616,07/29/2023 16:30:00,20.56,154.57,4.06,21657438,HOBO,HOBO pH,control,4
617,07/29/2023 16:40:00,20.51,154.44,4.06,21657438,HOBO,HOBO pH,control,4
618,07/29/2023 16:50:00,20.46,154.40,4.06,21657438,HOBO,HOBO pH,control,4
619,07/29/2023 17:00:00,20.46,154.41,4.06,21657438,HOBO,HOBO pH,control,4
620,07/29/2023 17:10:00,20.44,154.36,4.07,21657438,HOBO,HOBO pH,control,4
621,07/29/2023 17:20:00,20.44,154.32,4.07,21657438,HOBO,HOBO pH,control,4
622,07/29/2023 17:30:00,20.44,154.29,4.07,21657438,HOBO,HOBO pH,control,4
623,07/29/2023 17:40:00,20.44,154.24,4.07,21657438,HOBO,HOBO pH,control,4
624,07/29/2023 17:50:00,20.44,154.16,4.07,21657438,HOBO,HOBO pH,control,4
625,07/29/2023 18:00:00,20.39,154.07,4.07,21657438,HOBO,HOBO pH,control,4
626,07/29/2023 18:10:00,20.36,153.99,4.07,21657438,HOBO,HOBO pH,control,4
627,07/29/2023 18:20:00,20.34,153.94,4.07,21657438,HOBO,HOBO pH,control,4
628,07/29/2023 18:30:00,20.34,153.94,4.07,21657438,HOBO,HOBO pH,control,4
629,07/29/2023 18:40:00,20.32,153.90,4.07,21657438,HOBO,HOBO pH,control,4
630,07/29/2023 18:50:00,20.32,153.86,4.07,21657438,HOBO,HOBO pH,control,4
631,07/29/2023 19:00:00,20.32,153.83,4.07,21657438,HOBO,HOBO pH,control,4
632,07/29/2023 19:10:00,20.32,153.79,4.07,21657438,HOBO,HOBO pH,control,4
633,07/29/2023 19:20:00,20.29,153.69,4.08,21657438,HOBO,HOBO pH,control,4
634,07/29/2023 19:30:00,20.27,153.61,4.08,21657438,HOBO,HOBO pH,control,4
635,07/29/2023 19:40:00,20.25,153.55,4.08,21657438,HOBO,HOBO pH,control,4
636,07/29/2023 19:50:00,20.25,153.55,4.08,21657438,HOBO,HOBO pH,control,4
637,07/29/2023 20:00:00,20.25,153.54,4.08,21657438,HOBO,HOBO pH,control,4
638,07/29/2023 20:10:00,20.22,153.50,4.08,21657438,HOBO,HOBO pH,control,4
639,07/29/2023 20:20:00,20.22,153.46,4.08,21657438,HOBO,HOBO pH,control,4
640,07/29/2023 20:30:00,20.22,153.43,4.08,21657438,HOBO,HOBO pH,control,4
641,07/29/2023 20:40:00,20.22,153.38,4.08,21657438,HOBO,HOBO pH,control,4
642,07/29/2023 20:50:00,20.20,153.30,4.08,21657438,HOBO,HOBO pH,control,4
643,07/29/2023 21:00:00,20.20,153.22,4.08,21657438,HOBO,HOBO pH,control,4
644,07/29/2023 21:10:00,20.17,153.19,4.08,21657438,HOBO,HOBO pH,control,4
645,07/29/2023 21:20:00,20.17,153.19,4.08,21657438,HOBO,HOBO pH,control,4
646,07/29/2023 21:30:00,20.17,153.16,4.08,21657438,HOBO,HOBO pH,control,4
647,07/29/2023 21:40:00,20.17,153.16,4.08,21657438,HOBO,HOBO pH,control,4
648,07/29/2023 21:50:00,20.17,153.11,4.08,21657438,HOBO,HOBO pH,control,4
649,07/29/2023 22:00:00,20.17,153.10,4.08,21657438,HOBO,HOBO pH,control,4
650,07/29/2023 22:10:00,20.17,153.04,4.09,21657438,HOBO,HOBO pH,control,4
651,07/29/2023 22:20:00,20.15,152.94,4.09,21657438,HOBO,HOBO pH,control,4
652,07/29/2023 22:30:00,20.13,152.90,4.09,21657438,HOBO,HOBO pH,control,4
653,07/29/2023 22:40:00,20.13,152.86,4.09,21657438,HOBO,HOBO pH,control,4
654,07/29/2023 22:50:00,20.13,152.86,4.09,21657438,HOBO,HOBO pH,control,4
655,07/29/2023 23:00:00,20.13,152.86,4.09,21657438,HOBO,HOBO pH,control,4
656,07/29/2023 23:10:00,20.13,152.83,4.09,21657438,HOBO,HOBO pH,control,4
657,07/29/2023 23:20:00,20.13,152.80,4.09,21657438,HOBO,HOBO pH,control,4
658,07/29/2023 23:30:00,20.13,152.77,4.09,21657438,HOBO,HOBO pH,control,4
659,07/29/2023 23:40:00,20.10,152.69,4.09,21657438,HOBO,HOBO pH,control,4
660,07/29/2023 23:50:00,20.08,152.61,4.09,21657438,HOBO,HOBO pH,control,4
661,07/30/2023 00:00:00,20.08,152.60,4.09,21657438,HOBO,HOBO pH,control,4
662,07/30/2023 00:10:00,20.08,152.63,4.09,21657438,HOBO,HOBO pH,control,4
663,07/30/2023 00:20:00,20.08,152.60,4.09,21657438,HOBO,HOBO pH,control,4
664,07/30/2023 00:30:00,20.08,152.61,4.09,21657438,HOBO,HOBO pH,control,4
665,07/30/2023 00:40:00,20.10,152.58,4.09,21657438,HOBO,HOBO pH,control,4
666,07/30/2023 00:50:00,20.10,152.57,4.09,21657438,HOBO,HOBO pH,control,4
667,07/30/2023 01:00:00,20.08,152.50,4.09,21657438,HOBO,HOBO pH,control,4
668,07/30/2023 01:10:00,20.08,152.46,4.09,21657438,HOBO,HOBO pH,control,4
669,07/30/2023 01:20:00,20.08,152.41,4.10,21657438,HOBO,HOBO pH,control,4
670,07/30/2023 01:30:00,20.08,152.46,4.09,21657438,HOBO,HOBO pH,control,4
671,07/30/2023 01:40:00,20.10,152.46,4.09,21657438,HOBO,HOBO pH,control,4
672,07/30/2023 01:50:00,20.10,152.43,4.10,21657438,HOBO,HOBO pH,control,4
673,07/30/2023 02:00:00,20.10,152.38,4.10,21657438,HOBO,HOBO pH,control,4
674,07/30/2023 02:10:00,20.08,152.32,4.10,21657438,HOBO,HOBO pH,control,4
675,07/30/2023 02:20:00,20.08,152.27,4.10,21657438,HOBO,HOBO pH,control,4
676,07/30/2023 02:30:00,20.10,152.30,4.10,21657438,HOBO,HOBO pH,control,4
677,07/30/2023 02:40:00,20.10,152.30,4.10,21657438,HOBO,HOBO pH,control,4
678,07/30/2023 02:50:00,20.13,152.29,4.10,21657438,HOBO,HOBO pH,control,4
679,07/30/2023 03:00:00,20.13,152.29,4.10,21657438,HOBO,HOBO pH,control,4
680,07/30/2023 03:10:00,20.15,152.25,4.10,21657438,HOBO,HOBO pH,control,4
681,07/30/2023 03:20:00,20.13,152.19,4.10,21657438,HOBO,HOBO pH,control,4
682,07/30/2023 03:30:00,20.13,152.15,4.10,21657438,HOBO,HOBO pH,control,4
683,07/30/2023 03:40:00,20.10,152.11,4.10,21657438,HOBO,HOBO pH,control,4
684,07/30/2023 03:50:00,20.10,152.10,4.10,21657438,HOBO,HOBO pH,control,4
685,07/30/2023 04:00:00,20.13,152.11,4.10,21657438,HOBO,HOBO pH,control,4
686,07/30/2023 04:10:00,20.13,152.13,4.10,21657438,HOBO,HOBO pH,control,4
687,07/30/2023 04:20:00,20.15,152.08,4.10,21657438,HOBO,HOBO pH,control,4
688,07/30/2023 04:30:00,20.15,152.10,4.10,21657438,HOBO,HOBO pH,control,4
689,07/30/2023 04:40:00,20.15,152.04,4.10,21657438,HOBO,HOBO pH,control,4
690,07/30/2023 04:50:00,20.13,151.96,4.10,21657438,HOBO,HOBO pH,control,4
691,07/30/2023 05:00:00,20.13,151.93,4.10,21657438,HOBO,HOBO pH,control,4
692,07/30/2023 05:10:00,20.13,151.94,4.10,21657438,HOBO,HOBO pH,control,4
693,07/30/2023 05:20:00,20.13,151.96,4.10,21657438,HOBO,HOBO pH,control,4
694,07/30/2023 05:30:00,20.15,151.97,4.10,21657438,HOBO,HOBO pH,control,4
695,07/30/2023 05:40:00,20.15,151.94,4.10,21657438,HOBO,HOBO pH,control,4
696,07/30/2023 05:50:00,20.15,151.93,4.10,21657438,HOBO,HOBO pH,control,4
697,07/30/2023 06:00:00,20.15,151.91,4.11,21657438,HOBO,HOBO pH,control,4
698,07/30/2023 06:10:00,20.13,151.82,4.11,21657438,HOBO,HOBO pH,control,4
699,07/30/2023 06:20:00,20.13,151.74,4.11,21657438,HOBO,HOBO pH,control,4
700,07/30/2023 06:30:00,20.10,151.80,4.11,21657438,HOBO,HOBO pH,control,4
701,07/30/2023 06:40:00,20.13,151.82,4.11,21657438,HOBO,HOBO pH,control,4
702,07/30/2023 06:50:00,20.13,151.82,4.11,21657438,HOBO,HOBO pH,control,4
703,07/30/2023 07:00:00,20.15,151.82,4.11,21657438,HOBO,HOBO pH,control,4
704,07/30/2023 07:10:00,20.15,151.80,4.11,21657438,HOBO,HOBO pH,control,4
705,07/30/2023 07:20:00,20.15,151.77,4.11,21657438,HOBO,HOBO pH,control,4
706,07/30/2023 07:30:00,20.13,151.69,4.11,21657438,HOBO,HOBO pH,control,4
707,07/30/2023 07:40:00,20.10,151.65,4.11,21657438,HOBO,HOBO pH,control,4
708,07/30/2023 07:50:00,20.10,151.65,4.11,21657438,HOBO,HOBO pH,control,4
709,07/30/2023 08:00:00,20.10,151.69,4.11,21657438,HOBO,HOBO pH,control,4
710,07/30/2023 08:10:00,20.13,151.69,4.11,21657438,HOBO,HOBO pH,control,4
711,07/30/2023 08:20:00,20.13,151.66,4.11,21657438,HOBO,HOBO pH,control,4
712,07/30/2023 08:30:00,20.13,151.68,4.11,21657438,HOBO,HOBO pH,control,4
713,07/30/2023 08:40:00,20.15,151.66,4.11,21657438,HOBO,HOBO pH,control,4
714,07/30/2023 08:50:00,20.13,151.58,4.11,21657438,HOBO,HOBO pH,control,4
715,07/30/2023 09:00:00,20.13,151.54,4.11,21657438,HOBO,HOBO pH,control,4
716,07/30/2023 09:10:00,20.10,151.41,4.11,21657438,HOBO,HOBO pH,control,4
717,07/30/2023 09:20:00,20.20,150.86,4.12,21657438,HOBO,HOBO pH,control,4
718,07/30/2023 09:30:00,20.15,150.93,4.12,21657438,HOBO,HOBO pH,control,4
719,07/30/2023 09:40:00,20.29,150.94,4.12,21657438,HOBO,HOBO pH,control,4
