#,date_time,DO,temp,serial,brand,model,treatment,day
1,7/25/2023 10:00,9.53,26.64,21661344,HOBO,HOBO DO,copper,4
2,7/25/2023 10:05,8.3,31.62,21661344,HOBO,HOBO DO,copper,4
3,7/25/2023 10:10,7.96,33.14,21661344,HOBO,HOBO DO,copper,4
4,7/25/2023 10:15,7.79,33.7,21661344,HOBO,HOBO DO,copper,4
5,7/25/2023 10:20,7.81,33.9,21661344,HOBO,HOBO DO,copper,4
6,7/25/2023 10:25,7.46,34.06,21661344,HOBO,HOBO DO,copper,4
7,7/25/2023 10:30,7.48,33.94,21661344,HOBO,HOBO DO,copper,4
8,7/25/2023 10:35,7.56,33.96,21661344,HOBO,HOBO DO,copper,4
9,7/25/2023 10:40,7.55,34.02,21661344,HOBO,HOBO DO,copper,4
10,7/25/2023 10:45,8.01,34.06,21661344,HOBO,HOBO DO,copper,4
11,7/25/2023 10:50,8.12,34.14,21661344,HOBO,HOBO DO,copper,4
12,7/25/2023 10:55,8.19,34.22,21661344,HOBO,HOBO DO,copper,4
13,7/25/2023 11:00,8.31,34.28,21661344,HOBO,HOBO DO,copper,4
14,7/25/2023 11:05,8.28,34.3,21661344,HOBO,HOBO DO,copper,4
15,7/25/2023 11:10,8.41,34.32,21661344,HOBO,HOBO DO,copper,4
16,7/25/2023 11:15,8.45,34.38,21661344,HOBO,HOBO DO,copper,4
17,7/25/2023 11:20,8.57,34.44,21661344,HOBO,HOBO DO,copper,4
18,7/25/2023 11:25,8.6,34.54,21661344,HOBO,HOBO DO,copper,4
19,7/25/2023 11:30,8.7,34.6,21661344,HOBO,HOBO DO,copper,4
20,7/25/2023 11:35,8.72,34.62,21661344,HOBO,HOBO DO,copper,4
21,7/25/2023 11:40,8.7,34.7,21661344,HOBO,HOBO DO,copper,4
22,7/25/2023 11:45,8.74,34.74,21661344,HOBO,HOBO DO,copper,4
23,7/25/2023 11:50,8.71,34.78,21661344,HOBO,HOBO DO,copper,4
24,7/25/2023 11:55,8.77,34.86,21661344,HOBO,HOBO DO,copper,4
25,7/25/2023 12:00,8.78,34.9,21661344,HOBO,HOBO DO,copper,4
26,7/25/2023 12:05,8.96,34.94,21661344,HOBO,HOBO DO,copper,4
27,7/25/2023 12:10,9.03,35,21661344,HOBO,HOBO DO,copper,4
28,7/25/2023 12:15,9.03,35.06,21661344,HOBO,HOBO DO,copper,4
29,7/25/2023 12:20,9.12,35.1,21661344,HOBO,HOBO DO,copper,4
30,7/25/2023 12:25,9.11,35.1,21661344,HOBO,HOBO DO,copper,4
31,7/25/2023 12:30,8.8,35.02,21661344,HOBO,HOBO DO,copper,4
32,7/25/2023 12:35,8.81,34.9,21661344,HOBO,HOBO DO,copper,4
33,7/25/2023 12:40,8.85,34.86,21661344,HOBO,HOBO DO,copper,4
34,7/25/2023 12:45,8.92,34.9,21661344,HOBO,HOBO DO,copper,4
35,7/25/2023 12:50,8.93,34.92,21661344,HOBO,HOBO DO,copper,4
36,7/25/2023 12:55,8.84,34.94,21661344,HOBO,HOBO DO,copper,4
37,7/25/2023 13:00,8.84,34.92,21661344,HOBO,HOBO DO,copper,4
38,7/25/2023 13:05,8.97,35,21661344,HOBO,HOBO DO,copper,4
39,7/25/2023 13:10,8.86,34.96,21661344,HOBO,HOBO DO,copper,4
40,7/25/2023 13:15,8.91,35,21661344,HOBO,HOBO DO,copper,4
41,7/25/2023 13:20,8.96,35,21661344,HOBO,HOBO DO,copper,4
42,7/25/2023 13:25,8.91,35,21661344,HOBO,HOBO DO,copper,4
43,7/25/2023 13:30,8.79,34.96,21661344,HOBO,HOBO DO,copper,4
44,7/25/2023 13:35,8.7,34.98,21661344,HOBO,HOBO DO,copper,4
45,7/25/2023 13:40,8.97,35.04,21661344,HOBO,HOBO DO,copper,4
46,7/25/2023 13:45,9.04,35.12,21661344,HOBO,HOBO DO,copper,4
47,7/25/2023 13:50,9.28,35.22,21661344,HOBO,HOBO DO,copper,4
48,7/25/2023 13:55,9.34,35.36,21661344,HOBO,HOBO DO,copper,4
49,7/25/2023 14:00,9.42,35.44,21661344,HOBO,HOBO DO,copper,4
50,7/25/2023 14:05,9.54,35.5,21661344,HOBO,HOBO DO,copper,4
51,7/25/2023 14:10,9.51,35.56,21661344,HOBO,HOBO DO,copper,4
52,7/25/2023 14:15,9.53,35.58,21661344,HOBO,HOBO DO,copper,4
53,7/25/2023 14:20,9.66,35.6,21661344,HOBO,HOBO DO,copper,4
54,7/25/2023 14:25,9.83,35.66,21661344,HOBO,HOBO DO,copper,4
55,7/25/2023 14:30,10.05,35.84,21661344,HOBO,HOBO DO,copper,4
56,7/25/2023 14:35,9.76,35.82,21661344,HOBO,HOBO DO,copper,4
57,7/25/2023 14:40,9.93,35.9,21661344,HOBO,HOBO DO,copper,4
58,7/25/2023 14:45,10.15,35.96,21661344,HOBO,HOBO DO,copper,4
59,7/25/2023 14:50,9.94,35.94,21661344,HOBO,HOBO DO,copper,4
60,7/25/2023 14:55,9.98,36,21661344,HOBO,HOBO DO,copper,4
61,7/25/2023 15:00,10.27,36.08,21661344,HOBO,HOBO DO,copper,4
62,7/25/2023 15:05,10.41,36.1,21661344,HOBO,HOBO DO,copper,4
63,7/25/2023 15:10,10.29,36.12,21661344,HOBO,HOBO DO,copper,4
64,7/25/2023 15:15,10.67,36.18,21661344,HOBO,HOBO DO,copper,4
65,7/25/2023 15:20,10.62,36.24,21661344,HOBO,HOBO DO,copper,4
66,7/25/2023 15:25,10.43,36.2,21661344,HOBO,HOBO DO,copper,4
67,7/25/2023 15:30,11.01,36.28,21661344,HOBO,HOBO DO,copper,4
68,7/25/2023 15:35,10.95,36.32,21661344,HOBO,HOBO DO,copper,4
69,7/25/2023 15:40,11.04,36.44,21661344,HOBO,HOBO DO,copper,4
70,7/25/2023 15:45,10.82,36.4,21661344,HOBO,HOBO DO,copper,4
71,7/25/2023 15:50,10.66,36.4,21661344,HOBO,HOBO DO,copper,4
72,7/25/2023 15:55,10.62,36.38,21661344,HOBO,HOBO DO,copper,4
73,7/25/2023 16:00,10.43,36.32,21661344,HOBO,HOBO DO,copper,4
74,7/25/2023 16:05,10.38,36.2,21661344,HOBO,HOBO DO,copper,4
75,7/25/2023 16:10,10.47,36.14,21661344,HOBO,HOBO DO,copper,4
76,7/25/2023 16:15,10.63,36.24,21661344,HOBO,HOBO DO,copper,4
77,7/25/2023 16:20,10.3,36.16,21661344,HOBO,HOBO DO,copper,4
78,7/25/2023 16:25,10.52,36.16,21661344,HOBO,HOBO DO,copper,4
79,7/25/2023 16:30,10.09,36.08,21661344,HOBO,HOBO DO,copper,4
80,7/25/2023 16:35,10,35.96,21661344,HOBO,HOBO DO,copper,4
81,7/25/2023 16:40,9.97,35.92,21661344,HOBO,HOBO DO,copper,4
82,7/25/2023 16:45,9.96,35.9,21661344,HOBO,HOBO DO,copper,4
83,7/25/2023 16:50,9.77,35.84,21661344,HOBO,HOBO DO,copper,4
84,7/25/2023 16:55,9.78,35.8,21661344,HOBO,HOBO DO,copper,4
85,7/25/2023 17:00,9.79,35.76,21661344,HOBO,HOBO DO,copper,4
86,7/25/2023 17:05,9.73,35.74,21661344,HOBO,HOBO DO,copper,4
87,7/25/2023 17:10,9.8,35.72,21661344,HOBO,HOBO DO,copper,4
88,7/25/2023 17:15,9.71,35.68,21661344,HOBO,HOBO DO,copper,4
89,7/25/2023 17:20,9.65,35.68,21661344,HOBO,HOBO DO,copper,4
90,7/25/2023 17:25,9.56,35.64,21661344,HOBO,HOBO DO,copper,4
91,7/25/2023 17:30,9.85,35.68,21661344,HOBO,HOBO DO,copper,4
92,7/25/2023 17:35,9.85,35.68,21661344,HOBO,HOBO DO,copper,4
93,7/25/2023 17:40,9.68,35.68,21661344,HOBO,HOBO DO,copper,4
94,7/25/2023 17:45,9.66,35.66,21661344,HOBO,HOBO DO,copper,4
95,7/25/2023 17:50,9.5,35.56,21661344,HOBO,HOBO DO,copper,4
96,7/25/2023 17:55,9.61,35.52,21661344,HOBO,HOBO DO,copper,4
97,7/25/2023 18:00,9.44,35.52,21661344,HOBO,HOBO DO,copper,4
98,7/25/2023 18:05,9.45,35.48,21661344,HOBO,HOBO DO,copper,4
99,7/25/2023 18:10,9.3,35.4,21661344,HOBO,HOBO DO,copper,4
100,7/25/2023 18:15,9.19,35.36,21661344,HOBO,HOBO DO,copper,4
101,7/25/2023 18:20,9.18,35.3,21661344,HOBO,HOBO DO,copper,4
102,7/25/2023 18:25,9.33,35.32,21661344,HOBO,HOBO DO,copper,4
103,7/25/2023 18:30,9.25,35.26,21661344,HOBO,HOBO DO,copper,4
104,7/25/2023 18:35,9.34,35.26,21661344,HOBO,HOBO DO,copper,4
105,7/25/2023 18:40,9.26,35.26,21661344,HOBO,HOBO DO,copper,4
106,7/25/2023 18:45,9.4,35.22,21661344,HOBO,HOBO DO,copper,4
107,7/25/2023 18:50,9.57,35.24,21661344,HOBO,HOBO DO,copper,4
108,7/25/2023 18:55,9.34,35.2,21661344,HOBO,HOBO DO,copper,4
109,7/25/2023 19:00,9.15,35.12,21661344,HOBO,HOBO DO,copper,4
110,7/25/2023 19:05,8.89,35.02,21661344,HOBO,HOBO DO,copper,4
111,7/25/2023 19:10,8.89,34.92,21661344,HOBO,HOBO DO,copper,4
112,7/25/2023 19:15,9.5,34.9,21661344,HOBO,HOBO DO,copper,4
113,7/25/2023 19:20,9.35,34.8,21661344,HOBO,HOBO DO,copper,4
114,7/25/2023 19:25,9.2,34.74,21661344,HOBO,HOBO DO,copper,4
115,7/25/2023 19:30,9.09,34.66,21661344,HOBO,HOBO DO,copper,4
116,7/25/2023 19:35,8.48,34.54,21661344,HOBO,HOBO DO,copper,4
117,7/25/2023 19:40,8.11,34.4,21661344,HOBO,HOBO DO,copper,4
118,7/25/2023 19:45,7.88,34.32,21661344,HOBO,HOBO DO,copper,4
119,7/25/2023 19:50,7.63,34.26,21661344,HOBO,HOBO DO,copper,4
120,7/25/2023 19:55,7.35,34.2,21661344,HOBO,HOBO DO,copper,4
121,7/25/2023 20:00,7.26,34.16,21661344,HOBO,HOBO DO,copper,4
122,7/25/2023 20:05,7.26,34.14,21661344,HOBO,HOBO DO,copper,4
123,7/25/2023 20:10,7.16,34.14,21661344,HOBO,HOBO DO,copper,4
124,7/25/2023 20:15,7.59,34.16,21661344,HOBO,HOBO DO,copper,4
125,7/25/2023 20:20,7.24,34.1,21661344,HOBO,HOBO DO,copper,4
126,7/25/2023 20:25,7.33,34.06,21661344,HOBO,HOBO DO,copper,4
127,7/25/2023 20:30,7.56,34.06,21661344,HOBO,HOBO DO,copper,4
128,7/25/2023 20:35,7.7,34.04,21661344,HOBO,HOBO DO,copper,4
129,7/25/2023 20:40,7.46,33.98,21661344,HOBO,HOBO DO,copper,4
130,7/25/2023 20:45,7.38,33.94,21661344,HOBO,HOBO DO,copper,4
131,7/25/2023 20:50,7.05,33.86,21661344,HOBO,HOBO DO,copper,4
132,7/25/2023 20:55,6.8,33.8,21661344,HOBO,HOBO DO,copper,4
133,7/25/2023 21:00,6.62,33.78,21661344,HOBO,HOBO DO,copper,4
134,7/25/2023 21:05,6.66,33.78,21661344,HOBO,HOBO DO,copper,4
135,7/25/2023 21:10,6.65,33.76,21661344,HOBO,HOBO DO,copper,4
136,7/25/2023 21:15,6.72,33.74,21661344,HOBO,HOBO DO,copper,4
137,7/25/2023 21:20,6.82,33.76,21661344,HOBO,HOBO DO,copper,4
138,7/25/2023 21:25,6.81,33.76,21661344,HOBO,HOBO DO,copper,4
139,7/25/2023 21:30,6.87,33.78,21661344,HOBO,HOBO DO,copper,4
140,7/25/2023 21:35,7.13,33.82,21661344,HOBO,HOBO DO,copper,4
141,7/25/2023 21:40,7.12,33.84,21661344,HOBO,HOBO DO,copper,4
142,7/25/2023 21:45,7.24,33.84,21661344,HOBO,HOBO DO,copper,4
143,7/25/2023 21:50,7.38,33.84,21661344,HOBO,HOBO DO,copper,4
144,7/25/2023 21:55,7.4,33.82,21661344,HOBO,HOBO DO,copper,4
145,7/25/2023 22:00,7.59,33.82,21661344,HOBO,HOBO DO,copper,4
146,7/25/2023 22:05,7.67,33.82,21661344,HOBO,HOBO DO,copper,4
147,7/25/2023 22:10,7.57,33.8,21661344,HOBO,HOBO DO,copper,4
148,7/25/2023 22:15,7.6,33.78,21661344,HOBO,HOBO DO,copper,4
149,7/25/2023 22:20,7.51,33.78,21661344,HOBO,HOBO DO,copper,4
150,7/25/2023 22:25,7.39,33.78,21661344,HOBO,HOBO DO,copper,4
151,7/25/2023 22:30,7.41,33.78,21661344,HOBO,HOBO DO,copper,4
152,7/25/2023 22:35,7.45,33.74,21661344,HOBO,HOBO DO,copper,4
153,7/25/2023 22:40,7.58,33.72,21661344,HOBO,HOBO DO,copper,4
154,7/25/2023 22:45,7.54,33.7,21661344,HOBO,HOBO DO,copper,4
155,7/25/2023 22:50,7.49,33.68,21661344,HOBO,HOBO DO,copper,4
156,7/25/2023 22:55,7.45,33.66,21661344,HOBO,HOBO DO,copper,4
157,7/25/2023 23:00,7.45,33.66,21661344,HOBO,HOBO DO,copper,4
158,7/25/2023 23:05,7.47,33.64,21661344,HOBO,HOBO DO,copper,4
159,7/25/2023 23:10,7.41,33.64,21661344,HOBO,HOBO DO,copper,4
160,7/25/2023 23:15,7.36,33.66,21661344,HOBO,HOBO DO,copper,4
161,7/25/2023 23:20,7.26,33.64,21661344,HOBO,HOBO DO,copper,4
162,7/25/2023 23:25,6.95,33.66,21661344,HOBO,HOBO DO,copper,4
163,7/25/2023 23:30,6.71,33.7,21661344,HOBO,HOBO DO,copper,4
164,7/25/2023 23:35,6.8,33.74,21661344,HOBO,HOBO DO,copper,4
165,7/25/2023 23:40,6.98,33.76,21661344,HOBO,HOBO DO,copper,4
166,7/25/2023 23:45,7.11,33.78,21661344,HOBO,HOBO DO,copper,4
167,7/25/2023 23:50,7.33,33.78,21661344,HOBO,HOBO DO,copper,4
168,7/25/2023 23:55,7.37,33.78,21661344,HOBO,HOBO DO,copper,4
169,7/26/2023 0:00,7.41,33.78,21661344,HOBO,HOBO DO,copper,4
170,7/26/2023 0:05,7.25,33.8,21661344,HOBO,HOBO DO,copper,4
171,7/26/2023 0:10,7.13,33.84,21661344,HOBO,HOBO DO,copper,4
172,7/26/2023 0:15,6.87,33.88,21661344,HOBO,HOBO DO,copper,4
173,7/26/2023 0:20,6.62,33.9,21661344,HOBO,HOBO DO,copper,4
174,7/26/2023 0:25,6.51,33.88,21661344,HOBO,HOBO DO,copper,4
175,7/26/2023 0:30,6.55,33.84,21661344,HOBO,HOBO DO,copper,4
176,7/26/2023 0:35,6.49,33.76,21661344,HOBO,HOBO DO,copper,4
177,7/26/2023 0:40,6.52,33.68,21661344,HOBO,HOBO DO,copper,4
178,7/26/2023 0:45,6.68,33.62,21661344,HOBO,HOBO DO,copper,4
179,7/26/2023 0:50,6.77,33.58,21661344,HOBO,HOBO DO,copper,4
180,7/26/2023 0:55,6.8,33.58,21661344,HOBO,HOBO DO,copper,4
181,7/26/2023 1:00,6.92,33.6,21661344,HOBO,HOBO DO,copper,4
182,7/26/2023 1:05,7.12,33.6,21661344,HOBO,HOBO DO,copper,4
183,7/26/2023 1:10,7.15,33.6,21661344,HOBO,HOBO DO,copper,4
184,7/26/2023 1:15,7.08,33.58,21661344,HOBO,HOBO DO,copper,4
185,7/26/2023 1:20,7.12,33.56,21661344,HOBO,HOBO DO,copper,4
186,7/26/2023 1:25,7.16,33.54,21661344,HOBO,HOBO DO,copper,4
187,7/26/2023 1:30,7.07,33.54,21661344,HOBO,HOBO DO,copper,4
188,7/26/2023 1:35,7.09,33.52,21661344,HOBO,HOBO DO,copper,4
189,7/26/2023 1:40,7.09,33.52,21661344,HOBO,HOBO DO,copper,4
190,7/26/2023 1:45,7.04,33.52,21661344,HOBO,HOBO DO,copper,4
191,7/26/2023 1:50,6.3,33.54,21661344,HOBO,HOBO DO,copper,4
192,7/26/2023 1:55,6.26,33.52,21661344,HOBO,HOBO DO,copper,4
193,7/26/2023 2:00,6.26,33.48,21661344,HOBO,HOBO DO,copper,4
194,7/26/2023 2:05,6.6,33.36,21661344,HOBO,HOBO DO,copper,4
195,7/26/2023 2:10,6.54,33.24,21661344,HOBO,HOBO DO,copper,4
196,7/26/2023 2:15,6.48,33.14,21661344,HOBO,HOBO DO,copper,4
197,7/26/2023 2:20,6.37,33.1,21661344,HOBO,HOBO DO,copper,4
198,7/26/2023 2:25,6.27,33.04,21661344,HOBO,HOBO DO,copper,4
199,7/26/2023 2:30,6.15,33.02,21661344,HOBO,HOBO DO,copper,4
200,7/26/2023 2:35,6.06,33,21661344,HOBO,HOBO DO,copper,4
201,7/26/2023 2:40,6.03,32.98,21661344,HOBO,HOBO DO,copper,4
202,7/26/2023 2:45,5.94,32.96,21661344,HOBO,HOBO DO,copper,4
203,7/26/2023 2:50,5.79,32.94,21661344,HOBO,HOBO DO,copper,4
204,7/26/2023 2:55,5.56,32.92,21661344,HOBO,HOBO DO,copper,4
205,7/26/2023 3:00,5.52,32.9,21661344,HOBO,HOBO DO,copper,4
206,7/26/2023 3:05,5.66,32.9,21661344,HOBO,HOBO DO,copper,4
207,7/26/2023 3:10,5.55,32.9,21661344,HOBO,HOBO DO,copper,4
208,7/26/2023 3:15,5.48,32.9,21661344,HOBO,HOBO DO,copper,4
209,7/26/2023 3:20,5.42,32.9,21661344,HOBO,HOBO DO,copper,4
210,7/26/2023 3:25,5.35,32.92,21661344,HOBO,HOBO DO,copper,4
211,7/26/2023 3:30,5.35,32.92,21661344,HOBO,HOBO DO,copper,4
212,7/26/2023 3:35,5.36,32.92,21661344,HOBO,HOBO DO,copper,4
213,7/26/2023 3:40,5.33,32.94,21661344,HOBO,HOBO DO,copper,4
214,7/26/2023 3:45,5.41,32.94,21661344,HOBO,HOBO DO,copper,4
215,7/26/2023 3:50,5.77,32.94,21661344,HOBO,HOBO DO,copper,4
216,7/26/2023 3:55,5.76,32.92,21661344,HOBO,HOBO DO,copper,4
217,7/26/2023 4:00,5.74,32.94,21661344,HOBO,HOBO DO,copper,4
218,7/26/2023 4:05,5.66,32.92,21661344,HOBO,HOBO DO,copper,4
219,7/26/2023 4:10,5.66,32.94,21661344,HOBO,HOBO DO,copper,4
220,7/26/2023 4:15,5.7,32.92,21661344,HOBO,HOBO DO,copper,4
221,7/26/2023 4:20,5.77,32.92,21661344,HOBO,HOBO DO,copper,4
222,7/26/2023 4:25,5.74,32.92,21661344,HOBO,HOBO DO,copper,4
223,7/26/2023 4:30,5.73,32.9,21661344,HOBO,HOBO DO,copper,4
224,7/26/2023 4:35,5.7,32.9,21661344,HOBO,HOBO DO,copper,4
225,7/26/2023 4:40,5.66,32.88,21661344,HOBO,HOBO DO,copper,4
226,7/26/2023 4:45,5.6,32.86,21661344,HOBO,HOBO DO,copper,4
227,7/26/2023 4:50,5.54,32.84,21661344,HOBO,HOBO DO,copper,4
228,7/26/2023 4:55,5.62,32.84,21661344,HOBO,HOBO DO,copper,4
229,7/26/2023 5:00,5.43,32.84,21661344,HOBO,HOBO DO,copper,4
230,7/26/2023 5:05,5.52,32.82,21661344,HOBO,HOBO DO,copper,4
231,7/26/2023 5:10,5.5,32.84,21661344,HOBO,HOBO DO,copper,4
232,7/26/2023 5:15,5.6,32.86,21661344,HOBO,HOBO DO,copper,4
233,7/26/2023 5:20,5.72,32.88,21661344,HOBO,HOBO DO,copper,4
234,7/26/2023 5:25,5.86,32.9,21661344,HOBO,HOBO DO,copper,4
235,7/26/2023 5:30,5.82,32.92,21661344,HOBO,HOBO DO,copper,4
236,7/26/2023 5:35,5.9,32.94,21661344,HOBO,HOBO DO,copper,4
237,7/26/2023 5:40,6,32.96,21661344,HOBO,HOBO DO,copper,4
238,7/26/2023 5:45,5.93,32.96,21661344,HOBO,HOBO DO,copper,4
239,7/26/2023 5:50,5.92,32.94,21661344,HOBO,HOBO DO,copper,4
240,7/26/2023 5:55,5.85,32.92,21661344,HOBO,HOBO DO,copper,4
241,7/26/2023 6:00,5.9,32.9,21661344,HOBO,HOBO DO,copper,4
242,7/26/2023 6:05,5.92,32.88,21661344,HOBO,HOBO DO,copper,4
243,7/26/2023 6:10,5.97,32.88,21661344,HOBO,HOBO DO,copper,4
244,7/26/2023 6:15,5.96,32.86,21661344,HOBO,HOBO DO,copper,4
245,7/26/2023 6:20,5.96,32.88,21661344,HOBO,HOBO DO,copper,4
246,7/26/2023 6:25,5.88,32.88,21661344,HOBO,HOBO DO,copper,4
247,7/26/2023 6:30,5.81,32.88,21661344,HOBO,HOBO DO,copper,4
248,7/26/2023 6:35,5.78,32.88,21661344,HOBO,HOBO DO,copper,4
249,7/26/2023 6:40,5.79,32.9,21661344,HOBO,HOBO DO,copper,4
250,7/26/2023 6:45,5.74,32.9,21661344,HOBO,HOBO DO,copper,4
251,7/26/2023 6:50,5.71,32.92,21661344,HOBO,HOBO DO,copper,4
252,7/26/2023 6:55,5.66,32.92,21661344,HOBO,HOBO DO,copper,4
253,7/26/2023 7:00,5.67,32.9,21661344,HOBO,HOBO DO,copper,4
254,7/26/2023 7:05,5.67,32.9,21661344,HOBO,HOBO DO,copper,4
255,7/26/2023 7:10,5.83,32.88,21661344,HOBO,HOBO DO,copper,4
256,7/26/2023 7:15,5.84,32.88,21661344,HOBO,HOBO DO,copper,4
257,7/26/2023 7:20,5.9,32.9,21661344,HOBO,HOBO DO,copper,4
258,7/26/2023 7:25,5.89,32.9,21661344,HOBO,HOBO DO,copper,4
259,7/26/2023 7:30,5.87,32.92,21661344,HOBO,HOBO DO,copper,4
260,7/26/2023 7:35,5.86,32.94,21661344,HOBO,HOBO DO,copper,4
261,7/26/2023 7:40,5.79,32.98,21661344,HOBO,HOBO DO,copper,4
262,7/26/2023 7:45,5.81,33.02,21661344,HOBO,HOBO DO,copper,4
263,7/26/2023 7:50,5.76,33.04,21661344,HOBO,HOBO DO,copper,4
264,7/26/2023 7:55,5.73,33.1,21661344,HOBO,HOBO DO,copper,4
265,7/26/2023 8:00,5.73,33.12,21661344,HOBO,HOBO DO,copper,4
266,7/26/2023 8:05,5.68,33.16,21661344,HOBO,HOBO DO,copper,4
267,7/26/2023 8:10,5.68,33.18,21661344,HOBO,HOBO DO,copper,4
268,7/26/2023 8:15,5.66,33.2,21661344,HOBO,HOBO DO,copper,4
269,7/26/2023 8:20,5.65,33.18,21661344,HOBO,HOBO DO,copper,4
270,7/26/2023 8:25,5.68,33.16,21661344,HOBO,HOBO DO,copper,4
271,7/26/2023 8:30,5.74,33.12,21661344,HOBO,HOBO DO,copper,4
272,7/26/2023 8:35,5.72,33.08,21661344,HOBO,HOBO DO,copper,4
273,7/26/2023 8:40,6,33.1,21661344,HOBO,HOBO DO,copper,4
274,7/26/2023 8:45,5.89,33.12,21661344,HOBO,HOBO DO,copper,4
275,7/26/2023 8:50,6.04,33.16,21661344,HOBO,HOBO DO,copper,4
276,7/26/2023 8:55,6,33.26,21661344,HOBO,HOBO DO,copper,4
277,7/26/2023 9:00,5.93,33.38,21661344,HOBO,HOBO DO,copper,4
278,7/26/2023 9:05,5.92,33.42,21661344,HOBO,HOBO DO,copper,4
279,7/26/2023 9:10,6,33.46,21661344,HOBO,HOBO DO,copper,4
280,7/26/2023 9:15,6.08,33.46,21661344,HOBO,HOBO DO,copper,4
281,7/26/2023 9:20,6.01,33.5,21661344,HOBO,HOBO DO,copper,4
282,7/26/2023 9:25,6.04,33.58,21661344,HOBO,HOBO DO,copper,4
283,7/26/2023 9:30,6.1,33.6,21661344,HOBO,HOBO DO,copper,4
284,7/26/2023 9:35,6.16,33.58,21661344,HOBO,HOBO DO,copper,4
285,7/26/2023 9:40,6.25,33.5,21661344,HOBO,HOBO DO,copper,4
286,7/26/2023 9:45,6.3,33.5,21661344,HOBO,HOBO DO,copper,4
287,7/26/2023 9:50,6.35,33.52,21661344,HOBO,HOBO DO,copper,4
288,7/26/2023 9:55,6.51,33.56,21661344,HOBO,HOBO DO,copper,4
289,7/26/2023 10:00,6.51,33.62,21661344,HOBO,HOBO DO,copper,4
290,7/26/2023 10:05,6.5,33.68,21661344,HOBO,HOBO DO,copper,4
291,7/26/2023 10:10,6.54,33.74,21661344,HOBO,HOBO DO,copper,4
292,7/26/2023 10:15,6.49,33.8,21661344,HOBO,HOBO DO,copper,4
293,7/26/2023 10:20,6.43,33.9,21661344,HOBO,HOBO DO,copper,4
294,7/26/2023 10:25,6.42,34.02,21661344,HOBO,HOBO DO,copper,4
295,7/26/2023 10:30,6.57,34.02,21661344,HOBO,HOBO DO,copper,4
296,7/26/2023 10:35,6.62,34.02,21661344,HOBO,HOBO DO,copper,4
297,7/26/2023 10:40,6.72,34.12,21661344,HOBO,HOBO DO,copper,4
298,7/26/2023 10:45,6.81,34.22,21661344,HOBO,HOBO DO,copper,4
299,7/26/2023 10:50,6.84,34.26,21661344,HOBO,HOBO DO,copper,4
300,7/26/2023 10:55,6.89,34.26,21661344,HOBO,HOBO DO,copper,4
301,7/26/2023 11:00,7.05,34.2,21661344,HOBO,HOBO DO,copper,4
302,7/26/2023 11:05,7,34.24,21661344,HOBO,HOBO DO,copper,4
303,7/26/2023 11:10,6.98,34.22,21661344,HOBO,HOBO DO,copper,4
304,7/26/2023 11:15,7.08,34.24,21661344,HOBO,HOBO DO,copper,4
305,7/26/2023 11:20,7.08,34.28,21661344,HOBO,HOBO DO,copper,4
306,7/26/2023 11:25,7.25,34.32,21661344,HOBO,HOBO DO,copper,4
307,7/26/2023 11:30,7.22,34.44,21661344,HOBO,HOBO DO,copper,4
308,7/26/2023 11:35,7.23,34.46,21661344,HOBO,HOBO DO,copper,4
309,7/26/2023 11:40,7.26,34.48,21661344,HOBO,HOBO DO,copper,4
310,7/26/2023 11:45,7.4,34.52,21661344,HOBO,HOBO DO,copper,4
311,7/26/2023 11:50,7.78,34.52,21661344,HOBO,HOBO DO,copper,4
312,7/26/2023 11:55,7.96,34.46,21661344,HOBO,HOBO DO,copper,4
313,7/26/2023 12:00,8.1,34.44,21661344,HOBO,HOBO DO,copper,4
314,7/26/2023 12:05,8.14,34.38,21661344,HOBO,HOBO DO,copper,4
315,7/26/2023 12:10,8.19,34.38,21661344,HOBO,HOBO DO,copper,4
316,7/26/2023 12:15,8.2,34.42,21661344,HOBO,HOBO DO,copper,4
317,7/26/2023 12:20,8.21,34.42,21661344,HOBO,HOBO DO,copper,4
318,7/26/2023 12:25,8.23,34.46,21661344,HOBO,HOBO DO,copper,4
319,7/26/2023 12:30,8.23,34.48,21661344,HOBO,HOBO DO,copper,4
320,7/26/2023 12:35,8.3,34.54,21661344,HOBO,HOBO DO,copper,4
321,7/26/2023 12:40,8.47,34.56,21661344,HOBO,HOBO DO,copper,4
322,7/26/2023 12:45,8.64,34.66,21661344,HOBO,HOBO DO,copper,4
323,7/26/2023 12:50,8.84,34.74,21661344,HOBO,HOBO DO,copper,4
324,7/26/2023 12:55,8.96,34.86,21661344,HOBO,HOBO DO,copper,4
325,7/26/2023 13:00,9.24,34.94,21661344,HOBO,HOBO DO,copper,4
326,7/26/2023 13:05,9.42,35.04,21661344,HOBO,HOBO DO,copper,4
327,7/26/2023 13:10,9.63,35.12,21661344,HOBO,HOBO DO,copper,4
328,7/26/2023 13:15,9.76,35.2,21661344,HOBO,HOBO DO,copper,4
329,7/26/2023 13:20,9.89,35.26,21661344,HOBO,HOBO DO,copper,4
330,7/26/2023 13:25,9.89,35.32,21661344,HOBO,HOBO DO,copper,4
331,7/26/2023 13:30,10.05,35.4,21661344,HOBO,HOBO DO,copper,4
332,7/26/2023 13:35,9.84,35.44,21661344,HOBO,HOBO DO,copper,4
333,7/26/2023 13:40,10.15,35.54,21661344,HOBO,HOBO DO,copper,4
334,7/26/2023 13:45,10.12,35.6,21661344,HOBO,HOBO DO,copper,4
335,7/26/2023 13:50,10.07,35.66,21661344,HOBO,HOBO DO,copper,4
336,7/26/2023 13:55,10.08,35.66,21661344,HOBO,HOBO DO,copper,4
337,7/26/2023 14:00,10.05,35.74,21661344,HOBO,HOBO DO,copper,4
338,7/26/2023 14:05,10.11,35.76,21661344,HOBO,HOBO DO,copper,4
339,7/26/2023 14:10,10.16,35.8,21661344,HOBO,HOBO DO,copper,4
340,7/26/2023 14:15,10.2,35.82,21661344,HOBO,HOBO DO,copper,4
341,7/26/2023 14:20,10.21,35.86,21661344,HOBO,HOBO DO,copper,4
342,7/26/2023 14:25,10.23,35.92,21661344,HOBO,HOBO DO,copper,4
343,7/26/2023 14:30,10.29,35.96,21661344,HOBO,HOBO DO,copper,4
344,7/26/2023 14:35,10.13,35.98,21661344,HOBO,HOBO DO,copper,4
345,7/26/2023 14:40,10.27,35.98,21661344,HOBO,HOBO DO,copper,4
346,7/26/2023 14:45,10.22,36.02,21661344,HOBO,HOBO DO,copper,4
347,7/26/2023 14:50,10.06,36.04,21661344,HOBO,HOBO DO,copper,4
348,7/26/2023 14:55,10.17,36.06,21661344,HOBO,HOBO DO,copper,4
349,7/26/2023 15:00,10.22,36.1,21661344,HOBO,HOBO DO,copper,4
350,7/26/2023 15:05,10.09,36.1,21661344,HOBO,HOBO DO,copper,4
351,7/26/2023 15:10,10.05,36.08,21661344,HOBO,HOBO DO,copper,4
352,7/26/2023 15:15,9.94,36.06,21661344,HOBO,HOBO DO,copper,4
353,7/26/2023 15:20,9.89,36,21661344,HOBO,HOBO DO,copper,4
354,7/26/2023 15:25,9.94,36,21661344,HOBO,HOBO DO,copper,4
355,7/26/2023 15:30,9.96,35.98,21661344,HOBO,HOBO DO,copper,4
356,7/26/2023 15:35,9.97,35.98,21661344,HOBO,HOBO DO,copper,4
357,7/26/2023 15:40,10,36.02,21661344,HOBO,HOBO DO,copper,4
358,7/26/2023 15:45,9.93,35.98,21661344,HOBO,HOBO DO,copper,4
359,7/26/2023 15:50,9.99,35.96,21661344,HOBO,HOBO DO,copper,4
360,7/26/2023 15:55,9.98,35.98,21661344,HOBO,HOBO DO,copper,4
361,7/26/2023 16:00,9.96,35.96,21661344,HOBO,HOBO DO,copper,4
362,7/26/2023 16:05,9.94,35.94,21661344,HOBO,HOBO DO,copper,4
363,7/26/2023 16:10,9.96,35.94,21661344,HOBO,HOBO DO,copper,4
364,7/26/2023 16:15,9.93,35.94,21661344,HOBO,HOBO DO,copper,4
365,7/26/2023 16:20,9.9,35.9,21661344,HOBO,HOBO DO,copper,4
366,7/26/2023 16:25,9.85,35.88,21661344,HOBO,HOBO DO,copper,4
367,7/26/2023 16:30,9.82,35.8,21661344,HOBO,HOBO DO,copper,4
368,7/26/2023 16:35,9.8,35.7,21661344,HOBO,HOBO DO,copper,4
369,7/26/2023 16:40,9.79,35.64,21661344,HOBO,HOBO DO,copper,4
370,7/26/2023 16:45,9.8,35.6,21661344,HOBO,HOBO DO,copper,4
371,7/26/2023 16:50,9.82,35.56,21661344,HOBO,HOBO DO,copper,4
372,7/26/2023 16:55,9.75,35.46,21661344,HOBO,HOBO DO,copper,4
373,7/26/2023 17:00,9.78,35.42,21661344,HOBO,HOBO DO,copper,4
374,7/26/2023 17:05,9.87,35.36,21661344,HOBO,HOBO DO,copper,4
375,7/26/2023 17:10,9.94,35.38,21661344,HOBO,HOBO DO,copper,4
376,7/26/2023 17:15,9.95,35.42,21661344,HOBO,HOBO DO,copper,4
377,7/26/2023 17:20,9.93,35.44,21661344,HOBO,HOBO DO,copper,4
378,7/26/2023 17:25,9.9,35.44,21661344,HOBO,HOBO DO,copper,4
379,7/26/2023 17:30,9.72,35.34,21661344,HOBO,HOBO DO,copper,4
380,7/26/2023 17:35,9.71,35.22,21661344,HOBO,HOBO DO,copper,4
381,7/26/2023 17:40,9.78,35.18,21661344,HOBO,HOBO DO,copper,4
382,7/26/2023 17:45,9.75,35.12,21661344,HOBO,HOBO DO,copper,4
383,7/26/2023 17:50,9.75,35.02,21661344,HOBO,HOBO DO,copper,4
384,7/26/2023 17:55,9.57,34.9,21661344,HOBO,HOBO DO,copper,4
385,7/26/2023 18:00,9.51,34.78,21661344,HOBO,HOBO DO,copper,4
386,7/26/2023 18:05,9.53,34.7,21661344,HOBO,HOBO DO,copper,4
387,7/26/2023 18:10,9.53,34.64,21661344,HOBO,HOBO DO,copper,4
388,7/26/2023 18:15,9.52,34.6,21661344,HOBO,HOBO DO,copper,4
389,7/26/2023 18:20,9.53,34.58,21661344,HOBO,HOBO DO,copper,4
390,7/26/2023 18:25,9.47,34.54,21661344,HOBO,HOBO DO,copper,4
391,7/26/2023 18:30,9.34,34.48,21661344,HOBO,HOBO DO,copper,4
392,7/26/2023 18:35,9.33,34.42,21661344,HOBO,HOBO DO,copper,4
393,7/26/2023 18:40,9.3,34.38,21661344,HOBO,HOBO DO,copper,4
394,7/26/2023 18:45,9.3,34.36,21661344,HOBO,HOBO DO,copper,4
395,7/26/2023 18:50,9.25,34.34,21661344,HOBO,HOBO DO,copper,4
396,7/26/2023 18:55,9.22,34.32,21661344,HOBO,HOBO DO,copper,4
397,7/26/2023 19:00,9.13,34.26,21661344,HOBO,HOBO DO,copper,4
398,7/26/2023 19:05,9.1,34.16,21661344,HOBO,HOBO DO,copper,4
399,7/26/2023 19:10,9.07,34.1,21661344,HOBO,HOBO DO,copper,4
400,7/26/2023 19:15,9.03,34.02,21661344,HOBO,HOBO DO,copper,4
401,7/26/2023 19:20,8.97,33.98,21661344,HOBO,HOBO DO,copper,4
402,7/26/2023 19:25,8.91,33.9,21661344,HOBO,HOBO DO,copper,4
403,7/26/2023 19:30,8.76,33.86,21661344,HOBO,HOBO DO,copper,4
404,7/26/2023 19:35,8.71,33.8,21661344,HOBO,HOBO DO,copper,4
405,7/26/2023 19:40,8.61,33.72,21661344,HOBO,HOBO DO,copper,4
406,7/26/2023 19:45,8.57,33.68,21661344,HOBO,HOBO DO,copper,4
407,7/26/2023 19:50,8.52,33.64,21661344,HOBO,HOBO DO,copper,4
408,7/26/2023 19:55,8.46,33.6,21661344,HOBO,HOBO DO,copper,4
409,7/26/2023 20:00,8.44,33.54,21661344,HOBO,HOBO DO,copper,4
410,7/26/2023 20:05,8.42,33.5,21661344,HOBO,HOBO DO,copper,4
411,7/26/2023 20:10,8.31,33.46,21661344,HOBO,HOBO DO,copper,4
412,7/26/2023 20:15,8.26,33.44,21661344,HOBO,HOBO DO,copper,4
413,7/26/2023 20:20,8.31,33.42,21661344,HOBO,HOBO DO,copper,4
414,7/26/2023 20:25,8.22,33.4,21661344,HOBO,HOBO DO,copper,4
415,7/26/2023 20:30,8.2,33.36,21661344,HOBO,HOBO DO,copper,4
416,7/26/2023 20:35,8.14,33.34,21661344,HOBO,HOBO DO,copper,4
417,7/26/2023 20:40,8.15,33.32,21661344,HOBO,HOBO DO,copper,4
418,7/26/2023 20:45,7.77,33.28,21661344,HOBO,HOBO DO,copper,4
419,7/26/2023 20:50,7.76,33.2,21661344,HOBO,HOBO DO,copper,4
420,7/26/2023 20:55,7.58,33.14,21661344,HOBO,HOBO DO,copper,4
421,7/26/2023 21:00,7.31,33.1,21661344,HOBO,HOBO DO,copper,4
422,7/26/2023 21:05,7.13,33.06,21661344,HOBO,HOBO DO,copper,4
423,7/26/2023 21:10,6.97,33.04,21661344,HOBO,HOBO DO,copper,4
424,7/26/2023 21:15,6.86,33.02,21661344,HOBO,HOBO DO,copper,4
425,7/26/2023 21:20,6.79,32.98,21661344,HOBO,HOBO DO,copper,4
426,7/26/2023 21:25,6.71,32.96,21661344,HOBO,HOBO DO,copper,4
427,7/26/2023 21:30,6.59,32.96,21661344,HOBO,HOBO DO,copper,4
428,7/26/2023 21:35,6.6,32.96,21661344,HOBO,HOBO DO,copper,4
429,7/26/2023 21:40,6.83,32.96,21661344,HOBO,HOBO DO,copper,4
430,7/26/2023 21:45,6.63,32.96,21661344,HOBO,HOBO DO,copper,4
431,7/26/2023 21:50,6.68,32.96,21661344,HOBO,HOBO DO,copper,4
432,7/26/2023 21:55,6.76,32.96,21661344,HOBO,HOBO DO,copper,4
433,7/26/2023 22:00,6.77,32.96,21661344,HOBO,HOBO DO,copper,4
434,7/26/2023 22:05,6.87,33,21661344,HOBO,HOBO DO,copper,4
435,7/26/2023 22:10,7.02,33.02,21661344,HOBO,HOBO DO,copper,4
436,7/26/2023 22:15,7.09,33.06,21661344,HOBO,HOBO DO,copper,4
437,7/26/2023 22:20,7.45,33.12,21661344,HOBO,HOBO DO,copper,4
438,7/26/2023 22:25,7.48,33.2,21661344,HOBO,HOBO DO,copper,4
439,7/26/2023 22:30,7.5,33.24,21661344,HOBO,HOBO DO,copper,4
440,7/26/2023 22:35,7.36,33.28,21661344,HOBO,HOBO DO,copper,4
441,7/26/2023 22:40,7.4,33.34,21661344,HOBO,HOBO DO,copper,4
442,7/26/2023 22:45,7.35,33.36,21661344,HOBO,HOBO DO,copper,4
443,7/26/2023 22:50,7.3,33.38,21661344,HOBO,HOBO DO,copper,4
444,7/26/2023 22:55,7.12,33.38,21661344,HOBO,HOBO DO,copper,4
445,7/26/2023 23:00,7.05,33.34,21661344,HOBO,HOBO DO,copper,4
446,7/26/2023 23:05,6.92,33.34,21661344,HOBO,HOBO DO,copper,4
447,7/26/2023 23:10,6.84,33.3,21661344,HOBO,HOBO DO,copper,4
448,7/26/2023 23:15,6.59,33.26,21661344,HOBO,HOBO DO,copper,4
449,7/26/2023 23:20,6.58,33.28,21661344,HOBO,HOBO DO,copper,4
450,7/26/2023 23:25,6.6,33.3,21661344,HOBO,HOBO DO,copper,4
451,7/26/2023 23:30,6.51,33.36,21661344,HOBO,HOBO DO,copper,4
452,7/26/2023 23:35,6.49,33.42,21661344,HOBO,HOBO DO,copper,4
453,7/26/2023 23:40,6.4,33.44,21661344,HOBO,HOBO DO,copper,4
454,7/26/2023 23:45,6.31,33.42,21661344,HOBO,HOBO DO,copper,4
455,7/26/2023 23:50,6.28,33.44,21661344,HOBO,HOBO DO,copper,4
456,7/26/2023 23:55,6.39,33.44,21661344,HOBO,HOBO DO,copper,4
457,7/27/2023 0:00,6.37,33.4,21661344,HOBO,HOBO DO,copper,4
458,7/27/2023 0:05,6.35,33.4,21661344,HOBO,HOBO DO,copper,4
459,7/27/2023 0:10,6.32,33.4,21661344,HOBO,HOBO DO,copper,4
460,7/27/2023 0:15,6.35,33.38,21661344,HOBO,HOBO DO,copper,4
461,7/27/2023 0:20,6.25,33.38,21661344,HOBO,HOBO DO,copper,4
462,7/27/2023 0:25,6.32,33.38,21661344,HOBO,HOBO DO,copper,4
463,7/27/2023 0:30,6.19,33.36,21661344,HOBO,HOBO DO,copper,4
464,7/27/2023 0:35,6.21,33.32,21661344,HOBO,HOBO DO,copper,4
465,7/27/2023 0:40,6.19,33.32,21661344,HOBO,HOBO DO,copper,4
466,7/27/2023 0:45,6.07,33.32,21661344,HOBO,HOBO DO,copper,4
467,7/27/2023 0:50,6.05,33.32,21661344,HOBO,HOBO DO,copper,4
468,7/27/2023 0:55,5.99,33.3,21661344,HOBO,HOBO DO,copper,4
469,7/27/2023 1:00,5.95,33.28,21661344,HOBO,HOBO DO,copper,4
470,7/27/2023 1:05,5.79,33.28,21661344,HOBO,HOBO DO,copper,4
471,7/27/2023 1:10,5.96,33.26,21661344,HOBO,HOBO DO,copper,4
472,7/27/2023 1:15,6.04,33.24,21661344,HOBO,HOBO DO,copper,4
473,7/27/2023 1:20,6.1,33.26,21661344,HOBO,HOBO DO,copper,4
474,7/27/2023 1:25,6.21,33.26,21661344,HOBO,HOBO DO,copper,4
475,7/27/2023 1:30,6.36,33.26,21661344,HOBO,HOBO DO,copper,4
476,7/27/2023 1:35,6.4,33.26,21661344,HOBO,HOBO DO,copper,4
477,7/27/2023 1:40,6.33,33.24,21661344,HOBO,HOBO DO,copper,4
478,7/27/2023 1:45,6.27,33.22,21661344,HOBO,HOBO DO,copper,4
479,7/27/2023 1:50,6.25,33.2,21661344,HOBO,HOBO DO,copper,4
480,7/27/2023 1:55,6.2,33.2,21661344,HOBO,HOBO DO,copper,4
481,7/27/2023 2:00,5.71,33.18,21661344,HOBO,HOBO DO,copper,4
482,7/27/2023 2:05,5.75,33.18,21661344,HOBO,HOBO DO,copper,4
483,7/27/2023 2:10,5.94,33.2,21661344,HOBO,HOBO DO,copper,4
484,7/27/2023 2:15,5.89,33.2,21661344,HOBO,HOBO DO,copper,4
485,7/27/2023 2:20,5.89,33.22,21661344,HOBO,HOBO DO,copper,4
486,7/27/2023 2:25,5.75,33.24,21661344,HOBO,HOBO DO,copper,4
487,7/27/2023 2:30,5.7,33.26,21661344,HOBO,HOBO DO,copper,4
488,7/27/2023 2:35,5.68,33.28,21661344,HOBO,HOBO DO,copper,4
489,7/27/2023 2:40,5.62,33.3,21661344,HOBO,HOBO DO,copper,4
490,7/27/2023 2:45,5.56,33.32,21661344,HOBO,HOBO DO,copper,4
491,7/27/2023 2:50,5.46,33.32,21661344,HOBO,HOBO DO,copper,4
492,7/27/2023 2:55,5.39,33.34,21661344,HOBO,HOBO DO,copper,4
493,7/27/2023 3:00,5.31,33.36,21661344,HOBO,HOBO DO,copper,4
494,7/27/2023 3:05,5.34,33.36,21661344,HOBO,HOBO DO,copper,4
495,7/27/2023 3:10,5.45,33.38,21661344,HOBO,HOBO DO,copper,4
496,7/27/2023 3:15,5.63,33.38,21661344,HOBO,HOBO DO,copper,4
497,7/27/2023 3:20,5.6,33.4,21661344,HOBO,HOBO DO,copper,4
498,7/27/2023 3:25,5.74,33.38,21661344,HOBO,HOBO DO,copper,4
499,7/27/2023 3:30,5.84,33.38,21661344,HOBO,HOBO DO,copper,4
500,7/27/2023 3:35,5.89,33.38,21661344,HOBO,HOBO DO,copper,4
501,7/27/2023 3:40,5.93,33.38,21661344,HOBO,HOBO DO,copper,4
502,7/27/2023 3:45,6,33.36,21661344,HOBO,HOBO DO,copper,4
503,7/27/2023 3:50,5.88,33.38,21661344,HOBO,HOBO DO,copper,4
504,7/27/2023 3:55,5.85,33.38,21661344,HOBO,HOBO DO,copper,4
505,7/27/2023 4:00,5.97,33.36,21661344,HOBO,HOBO DO,copper,4
506,7/27/2023 4:05,6.08,33.36,21661344,HOBO,HOBO DO,copper,4
507,7/27/2023 4:10,6.26,33.36,21661344,HOBO,HOBO DO,copper,4
508,7/27/2023 4:15,6.35,33.32,21661344,HOBO,HOBO DO,copper,4
509,7/27/2023 4:20,6.4,33.32,21661344,HOBO,HOBO DO,copper,4
510,7/27/2023 4:25,6.39,33.3,21661344,HOBO,HOBO DO,copper,4
511,7/27/2023 4:30,6.31,33.28,21661344,HOBO,HOBO DO,copper,4
512,7/27/2023 4:35,6.27,33.26,21661344,HOBO,HOBO DO,copper,4
513,7/27/2023 4:40,6.03,33.18,21661344,HOBO,HOBO DO,copper,4
514,7/27/2023 4:45,5.87,33.12,21661344,HOBO,HOBO DO,copper,4
515,7/27/2023 4:50,5.7,33.02,21661344,HOBO,HOBO DO,copper,4
516,7/27/2023 4:55,5.66,32.94,21661344,HOBO,HOBO DO,copper,4
517,7/27/2023 5:00,5.65,32.9,21661344,HOBO,HOBO DO,copper,4
518,7/27/2023 5:05,5.7,32.84,21661344,HOBO,HOBO DO,copper,4
519,7/27/2023 5:10,5.68,32.78,21661344,HOBO,HOBO DO,copper,4
520,7/27/2023 5:15,5.66,32.74,21661344,HOBO,HOBO DO,copper,4
521,7/27/2023 5:20,5.76,32.7,21661344,HOBO,HOBO DO,copper,4
522,7/27/2023 5:25,5.77,32.68,21661344,HOBO,HOBO DO,copper,4
523,7/27/2023 5:30,5.7,32.64,21661344,HOBO,HOBO DO,copper,4
524,7/27/2023 5:35,5.72,32.6,21661344,HOBO,HOBO DO,copper,4
525,7/27/2023 5:40,5.59,32.56,21661344,HOBO,HOBO DO,copper,4
526,7/27/2023 5:45,5.34,32.5,21661344,HOBO,HOBO DO,copper,4
527,7/27/2023 5:50,5.21,32.4,21661344,HOBO,HOBO DO,copper,4
528,7/27/2023 5:55,5.1,32.32,21661344,HOBO,HOBO DO,copper,4
529,7/27/2023 6:00,5.01,32.26,21661344,HOBO,HOBO DO,copper,4
530,7/27/2023 6:05,4.96,32.18,21661344,HOBO,HOBO DO,copper,4
531,7/27/2023 6:10,4.91,32.12,21661344,HOBO,HOBO DO,copper,4
532,7/27/2023 6:15,4.8,32.06,21661344,HOBO,HOBO DO,copper,4
533,7/27/2023 6:20,4.69,32,21661344,HOBO,HOBO DO,copper,4
534,7/27/2023 6:25,4.63,31.9,21661344,HOBO,HOBO DO,copper,4
535,7/27/2023 6:30,4.56,31.84,21661344,HOBO,HOBO DO,copper,4
536,7/27/2023 6:35,4.51,31.82,21661344,HOBO,HOBO DO,copper,4
537,7/27/2023 6:40,4.36,31.76,21661344,HOBO,HOBO DO,copper,4
538,7/27/2023 6:45,4.2,31.7,21661344,HOBO,HOBO DO,copper,4
539,7/27/2023 6:50,4.05,31.7,21661344,HOBO,HOBO DO,copper,4
540,7/27/2023 6:55,3.94,31.66,21661344,HOBO,HOBO DO,copper,4
541,7/27/2023 7:00,3.75,31.62,21661344,HOBO,HOBO DO,copper,4
542,7/27/2023 7:05,3.66,31.58,21661344,HOBO,HOBO DO,copper,4
543,7/27/2023 7:10,3.82,31.58,21661344,HOBO,HOBO DO,copper,4
544,7/27/2023 7:15,4.14,31.6,21661344,HOBO,HOBO DO,copper,4
545,7/27/2023 7:20,4.27,31.68,21661344,HOBO,HOBO DO,copper,4
546,7/27/2023 7:25,4.18,31.74,21661344,HOBO,HOBO DO,copper,4
547,7/27/2023 7:30,4.18,31.8,21661344,HOBO,HOBO DO,copper,4
548,7/27/2023 7:35,4.37,31.9,21661344,HOBO,HOBO DO,copper,4
549,7/27/2023 7:40,4.55,32,21661344,HOBO,HOBO DO,copper,4
550,7/27/2023 7:45,4.62,32.1,21661344,HOBO,HOBO DO,copper,4
551,7/27/2023 7:50,4.66,32.2,21661344,HOBO,HOBO DO,copper,4
552,7/27/2023 7:55,4.67,32.26,21661344,HOBO,HOBO DO,copper,4
553,7/27/2023 8:00,4.73,32.36,21661344,HOBO,HOBO DO,copper,4
554,7/27/2023 8:05,4.86,32.46,21661344,HOBO,HOBO DO,copper,4
555,7/27/2023 8:10,5.1,32.54,21661344,HOBO,HOBO DO,copper,4
556,7/27/2023 8:15,5.27,32.6,21661344,HOBO,HOBO DO,copper,4
557,7/27/2023 8:20,5.48,32.68,21661344,HOBO,HOBO DO,copper,4
558,7/27/2023 8:25,5.6,32.76,21661344,HOBO,HOBO DO,copper,4
559,7/27/2023 8:30,5.75,32.82,21661344,HOBO,HOBO DO,copper,4
560,7/27/2023 8:35,5.92,32.9,21661344,HOBO,HOBO DO,copper,4
561,7/27/2023 8:40,6.04,32.96,21661344,HOBO,HOBO DO,copper,4
562,7/27/2023 8:45,6.08,33.02,21661344,HOBO,HOBO DO,copper,4
563,7/27/2023 8:50,6.2,33.1,21661344,HOBO,HOBO DO,copper,4
564,7/27/2023 8:55,6.29,33.16,21661344,HOBO,HOBO DO,copper,4
565,7/27/2023 9:00,6.38,33.22,21661344,HOBO,HOBO DO,copper,4
566,7/27/2023 9:05,6.46,33.3,21661344,HOBO,HOBO DO,copper,4
567,7/27/2023 9:10,6.55,33.36,21661344,HOBO,HOBO DO,copper,4
568,7/27/2023 9:15,6.65,33.42,21661344,HOBO,HOBO DO,copper,4
569,7/27/2023 9:20,6.72,33.48,21661344,HOBO,HOBO DO,copper,4
570,7/27/2023 9:25,6.82,33.54,21661344,HOBO,HOBO DO,copper,4
571,7/27/2023 9:30,6.94,33.6,21661344,HOBO,HOBO DO,copper,4
572,7/27/2023 9:35,7.03,33.68,21661344,HOBO,HOBO DO,copper,4
573,7/27/2023 9:40,7.08,33.74,21661344,HOBO,HOBO DO,copper,4
574,7/27/2023 9:45,7.16,33.8,21661344,HOBO,HOBO DO,copper,4
575,7/27/2023 9:50,7.18,33.86,21661344,HOBO,HOBO DO,copper,4
576,7/27/2023 9:55,7.3,33.92,21661344,HOBO,HOBO DO,copper,4
577,7/27/2023 10:00,7.36,33.98,21661344,HOBO,HOBO DO,copper,4
578,7/27/2023 10:05,7.42,34.02,21661344,HOBO,HOBO DO,copper,4
579,7/27/2023 10:10,7.46,34.08,21661344,HOBO,HOBO DO,copper,4
580,7/27/2023 10:15,7.51,34.12,21661344,HOBO,HOBO DO,copper,4
581,7/27/2023 10:20,7.56,34.2,21661344,HOBO,HOBO DO,copper,4
582,7/27/2023 10:25,7.63,34.24,21661344,HOBO,HOBO DO,copper,4
583,7/27/2023 10:30,7.62,34.28,21661344,HOBO,HOBO DO,copper,4
584,7/27/2023 10:35,7.71,34.32,21661344,HOBO,HOBO DO,copper,4
585,7/27/2023 10:40,7.7,34.36,21661344,HOBO,HOBO DO,copper,4
586,7/27/2023 10:45,7.73,34.38,21661344,HOBO,HOBO DO,copper,4
587,7/27/2023 10:50,7.7,34.44,21661344,HOBO,HOBO DO,copper,4
588,7/27/2023 10:55,7.83,34.46,21661344,HOBO,HOBO DO,copper,4
589,7/27/2023 11:00,7.91,34.46,21661344,HOBO,HOBO DO,copper,4
590,7/27/2023 11:05,8.17,34.5,21661344,HOBO,HOBO DO,copper,4
591,7/27/2023 11:10,8.04,34.54,21661344,HOBO,HOBO DO,copper,4
592,7/27/2023 11:15,8.25,34.58,21661344,HOBO,HOBO DO,copper,4
593,7/27/2023 11:20,8.33,34.66,21661344,HOBO,HOBO DO,copper,4
594,7/27/2023 11:25,8.57,34.74,21661344,HOBO,HOBO DO,copper,4
595,7/27/2023 11:30,8.78,34.86,21661344,HOBO,HOBO DO,copper,4
596,7/27/2023 11:35,8.72,34.88,21661344,HOBO,HOBO DO,copper,4
597,7/27/2023 11:40,8.84,34.98,21661344,HOBO,HOBO DO,copper,4
598,7/27/2023 11:45,8.74,34.96,21661344,HOBO,HOBO DO,copper,4
599,7/27/2023 11:50,8.81,34.96,21661344,HOBO,HOBO DO,copper,4
600,7/27/2023 11:55,8.66,34.9,21661344,HOBO,HOBO DO,copper,4
601,7/27/2023 12:00,8.75,34.88,21661344,HOBO,HOBO DO,copper,4
602,7/27/2023 12:05,8.66,34.88,21661344,HOBO,HOBO DO,copper,4
603,7/27/2023 12:10,8.81,34.88,21661344,HOBO,HOBO DO,copper,4
604,7/27/2023 12:15,8.79,34.88,21661344,HOBO,HOBO DO,copper,4
605,7/27/2023 12:20,8.9,34.96,21661344,HOBO,HOBO DO,copper,4
606,7/27/2023 12:25,9.04,35.04,21661344,HOBO,HOBO DO,copper,4
607,7/27/2023 12:30,9.18,35.1,21661344,HOBO,HOBO DO,copper,4
608,7/27/2023 12:35,9.14,35.16,21661344,HOBO,HOBO DO,copper,4
609,7/27/2023 12:40,9.31,35.24,21661344,HOBO,HOBO DO,copper,4
610,7/27/2023 12:45,9.51,35.34,21661344,HOBO,HOBO DO,copper,4
611,7/27/2023 12:50,9.4,35.38,21661344,HOBO,HOBO DO,copper,4
612,7/27/2023 12:55,9.5,35.42,21661344,HOBO,HOBO DO,copper,4
613,7/27/2023 13:00,9.51,35.44,21661344,HOBO,HOBO DO,copper,4
614,7/27/2023 13:05,9.69,35.46,21661344,HOBO,HOBO DO,copper,4
615,7/27/2023 13:10,9.84,35.56,21661344,HOBO,HOBO DO,copper,4
616,7/27/2023 13:15,9.8,35.62,21661344,HOBO,HOBO DO,copper,4
617,7/27/2023 13:20,9.99,35.72,21661344,HOBO,HOBO DO,copper,4
618,7/27/2023 13:25,10.18,35.86,21661344,HOBO,HOBO DO,copper,4
619,7/27/2023 13:30,10.25,35.98,21661344,HOBO,HOBO DO,copper,4
620,7/27/2023 13:35,10.26,36.08,21661344,HOBO,HOBO DO,copper,4
621,7/27/2023 13:40,10.32,36.14,21661344,HOBO,HOBO DO,copper,4
622,7/27/2023 13:45,10.33,36.18,21661344,HOBO,HOBO DO,copper,4
623,7/27/2023 13:50,10.33,36.2,21661344,HOBO,HOBO DO,copper,4
624,7/27/2023 13:55,10.45,36.26,21661344,HOBO,HOBO DO,copper,4
625,7/27/2023 14:00,10.53,36.28,21661344,HOBO,HOBO DO,copper,4
626,7/27/2023 14:05,10.55,36.3,21661344,HOBO,HOBO DO,copper,4
627,7/27/2023 14:10,10.34,36.2,21661344,HOBO,HOBO DO,copper,4
628,7/27/2023 14:15,10.26,36.12,21661344,HOBO,HOBO DO,copper,4
629,7/27/2023 14:20,10.1,36.02,21661344,HOBO,HOBO DO,copper,4
630,7/27/2023 14:25,10.09,35.96,21661344,HOBO,HOBO DO,copper,4
631,7/27/2023 14:30,10.09,35.92,21661344,HOBO,HOBO DO,copper,4
632,7/27/2023 14:35,9.97,35.88,21661344,HOBO,HOBO DO,copper,4
633,7/27/2023 14:40,9.8,35.78,21661344,HOBO,HOBO DO,copper,4
634,7/27/2023 14:45,9.6,35.66,21661344,HOBO,HOBO DO,copper,4
635,7/27/2023 14:50,9.46,35.58,21661344,HOBO,HOBO DO,copper,4
636,7/27/2023 14:55,9.3,35.44,21661344,HOBO,HOBO DO,copper,4
637,7/27/2023 15:00,9.25,35.34,21661344,HOBO,HOBO DO,copper,4
638,7/27/2023 15:05,9.13,35.24,21661344,HOBO,HOBO DO,copper,4
639,7/27/2023 15:10,9.19,35.16,21661344,HOBO,HOBO DO,copper,4
640,7/27/2023 15:15,9.04,35.1,21661344,HOBO,HOBO DO,copper,4
641,7/27/2023 15:20,8.97,35,21661344,HOBO,HOBO DO,copper,4
642,7/27/2023 15:25,8.96,34.94,21661344,HOBO,HOBO DO,copper,4
643,7/27/2023 15:30,8.95,34.92,21661344,HOBO,HOBO DO,copper,4
644,7/27/2023 15:35,8.85,34.86,21661344,HOBO,HOBO DO,copper,4
645,7/27/2023 15:40,8.91,34.8,21661344,HOBO,HOBO DO,copper,4
646,7/27/2023 15:45,8.95,34.82,21661344,HOBO,HOBO DO,copper,4
647,7/27/2023 15:50,8.79,34.78,21661344,HOBO,HOBO DO,copper,4
648,7/27/2023 15:55,8.78,34.72,21661344,HOBO,HOBO DO,copper,4
649,7/27/2023 16:00,8.77,34.68,21661344,HOBO,HOBO DO,copper,4
650,7/27/2023 16:05,8.77,34.62,21661344,HOBO,HOBO DO,copper,4
651,7/27/2023 16:10,8.78,34.58,21661344,HOBO,HOBO DO,copper,4
652,7/27/2023 16:15,8.75,34.56,21661344,HOBO,HOBO DO,copper,4
653,7/27/2023 16:20,8.76,34.5,21661344,HOBO,HOBO DO,copper,4
654,7/27/2023 16:25,8.71,34.48,21661344,HOBO,HOBO DO,copper,4
655,7/27/2023 16:30,8.68,34.44,21661344,HOBO,HOBO DO,copper,4
656,7/27/2023 16:35,8.61,34.4,21661344,HOBO,HOBO DO,copper,4
657,7/27/2023 16:40,8.6,34.38,21661344,HOBO,HOBO DO,copper,4
658,7/27/2023 16:45,8.61,34.38,21661344,HOBO,HOBO DO,copper,4
659,7/27/2023 16:50,8.61,34.38,21661344,HOBO,HOBO DO,copper,4
660,7/27/2023 16:55,8.56,34.32,21661344,HOBO,HOBO DO,copper,4
661,7/27/2023 17:00,8.55,34.32,21661344,HOBO,HOBO DO,copper,4
662,7/27/2023 17:05,8.49,34.28,21661344,HOBO,HOBO DO,copper,4
663,7/27/2023 17:10,8.46,34.24,21661344,HOBO,HOBO DO,copper,4
664,7/27/2023 17:15,8.47,34.22,21661344,HOBO,HOBO DO,copper,4
665,7/27/2023 17:20,8.52,34.22,21661344,HOBO,HOBO DO,copper,4
666,7/27/2023 17:25,8.5,34.2,21661344,HOBO,HOBO DO,copper,4
667,7/27/2023 17:30,8.54,34.18,21661344,HOBO,HOBO DO,copper,4
668,7/27/2023 17:35,8.48,34.16,21661344,HOBO,HOBO DO,copper,4
669,7/27/2023 17:40,8.53,34.12,21661344,HOBO,HOBO DO,copper,4
670,7/27/2023 17:45,8.54,34.08,21661344,HOBO,HOBO DO,copper,4
671,7/27/2023 17:50,8.53,34.1,21661344,HOBO,HOBO DO,copper,4
672,7/27/2023 17:55,8.49,34.06,21661344,HOBO,HOBO DO,copper,4
673,7/27/2023 18:00,8.48,34.04,21661344,HOBO,HOBO DO,copper,4
674,7/27/2023 18:05,8.47,34,21661344,HOBO,HOBO DO,copper,4
675,7/27/2023 18:10,8.47,34,21661344,HOBO,HOBO DO,copper,4
676,7/27/2023 18:15,8.44,33.96,21661344,HOBO,HOBO DO,copper,4
677,7/27/2023 18:20,8.41,33.9,21661344,HOBO,HOBO DO,copper,4
678,7/27/2023 18:25,8.42,33.88,21661344,HOBO,HOBO DO,copper,4
679,7/27/2023 18:30,8.42,33.86,21661344,HOBO,HOBO DO,copper,4
680,7/27/2023 18:35,8.39,33.82,21661344,HOBO,HOBO DO,copper,4
681,7/27/2023 18:40,8.39,33.8,21661344,HOBO,HOBO DO,copper,4
682,7/27/2023 18:45,8.33,33.78,21661344,HOBO,HOBO DO,copper,4
683,7/27/2023 18:50,8.3,33.7,21661344,HOBO,HOBO DO,copper,4
684,7/27/2023 18:55,8.27,33.66,21661344,HOBO,HOBO DO,copper,4
685,7/27/2023 19:00,8.25,33.62,21661344,HOBO,HOBO DO,copper,4
686,7/27/2023 19:05,8.23,33.58,21661344,HOBO,HOBO DO,copper,4
687,7/27/2023 19:10,8.16,33.54,21661344,HOBO,HOBO DO,copper,4
688,7/27/2023 19:15,8.12,33.48,21661344,HOBO,HOBO DO,copper,4
689,7/27/2023 19:20,8.06,33.44,21661344,HOBO,HOBO DO,copper,4
690,7/27/2023 19:25,7.98,33.38,21661344,HOBO,HOBO DO,copper,4
691,7/27/2023 19:30,7.92,33.34,21661344,HOBO,HOBO DO,copper,4
692,7/27/2023 19:35,7.83,33.28,21661344,HOBO,HOBO DO,copper,4
693,7/27/2023 19:40,7.82,33.24,21661344,HOBO,HOBO DO,copper,4
694,7/27/2023 19:45,7.77,33.22,21661344,HOBO,HOBO DO,copper,4
695,7/27/2023 19:50,7.67,33.18,21661344,HOBO,HOBO DO,copper,4
696,7/27/2023 19:55,7.6,33.14,21661344,HOBO,HOBO DO,copper,4
697,7/27/2023 20:00,7.38,33.06,21661344,HOBO,HOBO DO,copper,4
698,7/27/2023 20:05,7.27,32.98,21661344,HOBO,HOBO DO,copper,4
699,7/27/2023 20:10,7.24,32.92,21661344,HOBO,HOBO DO,copper,4
700,7/27/2023 20:15,7.18,32.88,21661344,HOBO,HOBO DO,copper,4
701,7/27/2023 20:20,7.15,32.84,21661344,HOBO,HOBO DO,copper,4
702,7/27/2023 20:25,7.06,32.84,21661344,HOBO,HOBO DO,copper,4
703,7/27/2023 20:30,7,32.8,21661344,HOBO,HOBO DO,copper,4
704,7/27/2023 20:35,6.92,32.78,21661344,HOBO,HOBO DO,copper,4
705,7/27/2023 20:40,6.86,32.78,21661344,HOBO,HOBO DO,copper,4
706,7/27/2023 20:45,6.79,32.76,21661344,HOBO,HOBO DO,copper,4
707,7/27/2023 20:50,6.81,32.76,21661344,HOBO,HOBO DO,copper,4
708,7/27/2023 20:55,6.49,32.74,21661344,HOBO,HOBO DO,copper,4
709,7/27/2023 21:00,6.39,32.7,21661344,HOBO,HOBO DO,copper,4
710,7/27/2023 21:05,6.38,32.7,21661344,HOBO,HOBO DO,copper,4
711,7/27/2023 21:10,6.27,32.68,21661344,HOBO,HOBO DO,copper,4
712,7/27/2023 21:15,6.24,32.66,21661344,HOBO,HOBO DO,copper,4
713,7/27/2023 21:20,6.17,32.66,21661344,HOBO,HOBO DO,copper,4
714,7/27/2023 21:25,6.13,32.66,21661344,HOBO,HOBO DO,copper,4
715,7/27/2023 21:30,6.14,32.68,21661344,HOBO,HOBO DO,copper,4
716,7/27/2023 21:35,6.08,32.68,21661344,HOBO,HOBO DO,copper,4
717,7/27/2023 21:40,6.06,32.68,21661344,HOBO,HOBO DO,copper,4
718,7/27/2023 21:45,6.03,32.68,21661344,HOBO,HOBO DO,copper,4
719,7/27/2023 21:50,5.96,32.68,21661344,HOBO,HOBO DO,copper,4
720,7/27/2023 21:55,5.84,32.68,21661344,HOBO,HOBO DO,copper,4
721,7/27/2023 22:00,5.73,32.66,21661344,HOBO,HOBO DO,copper,4
722,7/27/2023 22:05,5.67,32.66,21661344,HOBO,HOBO DO,copper,4
723,7/27/2023 22:10,5.59,32.66,21661344,HOBO,HOBO DO,copper,4
724,7/27/2023 22:15,5.73,32.68,21661344,HOBO,HOBO DO,copper,4
725,7/27/2023 22:20,5.73,32.7,21661344,HOBO,HOBO DO,copper,4
726,7/27/2023 22:25,5.92,32.84,21661344,HOBO,HOBO DO,copper,4
727,7/27/2023 22:30,5.9,32.96,21661344,HOBO,HOBO DO,copper,4
728,7/27/2023 22:35,5.89,33,21661344,HOBO,HOBO DO,copper,4
729,7/27/2023 22:40,5.87,33.04,21661344,HOBO,HOBO DO,copper,4
730,7/27/2023 22:45,5.84,33.06,21661344,HOBO,HOBO DO,copper,4
731,7/27/2023 22:50,5.93,33.06,21661344,HOBO,HOBO DO,copper,4
732,7/27/2023 22:55,5.92,33.08,21661344,HOBO,HOBO DO,copper,4
733,7/27/2023 23:00,5.93,33.1,21661344,HOBO,HOBO DO,copper,4
734,7/27/2023 23:05,5.85,33.12,21661344,HOBO,HOBO DO,copper,4
735,7/27/2023 23:10,5.92,33.18,21661344,HOBO,HOBO DO,copper,4
736,7/27/2023 23:15,5.98,33.24,21661344,HOBO,HOBO DO,copper,4
737,7/27/2023 23:20,5.92,33.26,21661344,HOBO,HOBO DO,copper,4
738,7/27/2023 23:25,5.94,33.26,21661344,HOBO,HOBO DO,copper,4
739,7/27/2023 23:30,5.98,33.32,21661344,HOBO,HOBO DO,copper,4
740,7/27/2023 23:35,6.08,33.38,21661344,HOBO,HOBO DO,copper,4
741,7/27/2023 23:40,5.94,33.4,21661344,HOBO,HOBO DO,copper,4
742,7/27/2023 23:45,6.1,33.48,21661344,HOBO,HOBO DO,copper,4
743,7/27/2023 23:50,5.85,33.42,21661344,HOBO,HOBO DO,copper,4
744,7/27/2023 23:55,5.88,33.44,21661344,HOBO,HOBO DO,copper,4
745,7/28/2023 0:00,5.75,33.46,21661344,HOBO,HOBO DO,copper,4
746,7/28/2023 0:05,5.94,33.44,21661344,HOBO,HOBO DO,copper,4
747,7/28/2023 0:10,6.01,33.54,21661344,HOBO,HOBO DO,copper,4
748,7/28/2023 0:15,6.25,33.58,21661344,HOBO,HOBO DO,copper,4
749,7/28/2023 0:20,6.32,33.6,21661344,HOBO,HOBO DO,copper,4
750,7/28/2023 0:25,6.22,33.6,21661344,HOBO,HOBO DO,copper,4
751,7/28/2023 0:30,6.26,33.58,21661344,HOBO,HOBO DO,copper,4
752,7/28/2023 0:35,6.43,33.62,21661344,HOBO,HOBO DO,copper,4
753,7/28/2023 0:40,6.66,33.62,21661344,HOBO,HOBO DO,copper,4
754,7/28/2023 0:45,6.62,33.62,21661344,HOBO,HOBO DO,copper,4
755,7/28/2023 0:50,6.7,33.62,21661344,HOBO,HOBO DO,copper,4
756,7/28/2023 0:55,6.66,33.62,21661344,HOBO,HOBO DO,copper,4
757,7/28/2023 1:00,6.49,33.62,21661344,HOBO,HOBO DO,copper,4
758,7/28/2023 1:05,6.58,33.62,21661344,HOBO,HOBO DO,copper,4
759,7/28/2023 1:10,6.13,33.6,21661344,HOBO,HOBO DO,copper,4
760,7/28/2023 1:15,6.07,33.58,21661344,HOBO,HOBO DO,copper,4
761,7/28/2023 1:20,6.44,33.58,21661344,HOBO,HOBO DO,copper,4
762,7/28/2023 1:25,6.48,33.58,21661344,HOBO,HOBO DO,copper,4
763,7/28/2023 1:30,6.42,33.56,21661344,HOBO,HOBO DO,copper,4
764,7/28/2023 1:35,6.42,33.54,21661344,HOBO,HOBO DO,copper,4
765,7/28/2023 1:40,6.41,33.54,21661344,HOBO,HOBO DO,copper,4
766,7/28/2023 1:45,6.42,33.54,21661344,HOBO,HOBO DO,copper,4
767,7/28/2023 1:50,6.4,33.52,21661344,HOBO,HOBO DO,copper,4
768,7/28/2023 1:55,6.17,33.5,21661344,HOBO,HOBO DO,copper,4
769,7/28/2023 2:00,6.05,33.5,21661344,HOBO,HOBO DO,copper,4
770,7/28/2023 2:05,6.14,33.48,21661344,HOBO,HOBO DO,copper,4
771,7/28/2023 2:10,5.56,33.44,21661344,HOBO,HOBO DO,copper,4
772,7/28/2023 2:15,5.76,33.44,21661344,HOBO,HOBO DO,copper,4
773,7/28/2023 2:20,5.78,33.4,21661344,HOBO,HOBO DO,copper,4
774,7/28/2023 2:25,6.15,33.36,21661344,HOBO,HOBO DO,copper,4
775,7/28/2023 2:30,6.21,33.36,21661344,HOBO,HOBO DO,copper,4
776,7/28/2023 2:35,6.19,33.38,21661344,HOBO,HOBO DO,copper,4
777,7/28/2023 2:40,6.14,33.38,21661344,HOBO,HOBO DO,copper,4
778,7/28/2023 2:45,6.07,33.4,21661344,HOBO,HOBO DO,copper,4
779,7/28/2023 2:50,6.03,33.4,21661344,HOBO,HOBO DO,copper,4
780,7/28/2023 2:55,6.03,33.4,21661344,HOBO,HOBO DO,copper,4
781,7/28/2023 3:00,6.15,33.4,21661344,HOBO,HOBO DO,copper,4
782,7/28/2023 3:05,6.03,33.4,21661344,HOBO,HOBO DO,copper,4
783,7/28/2023 3:10,5.81,33.38,21661344,HOBO,HOBO DO,copper,4
784,7/28/2023 3:15,6.17,33.38,21661344,HOBO,HOBO DO,copper,4
785,7/28/2023 3:20,6.36,33.4,21661344,HOBO,HOBO DO,copper,4
786,7/28/2023 3:25,6.41,33.4,21661344,HOBO,HOBO DO,copper,4
787,7/28/2023 3:30,6.4,33.4,21661344,HOBO,HOBO DO,copper,4
788,7/28/2023 3:35,6.3,33.38,21661344,HOBO,HOBO DO,copper,4
789,7/28/2023 3:40,6.16,33.36,21661344,HOBO,HOBO DO,copper,4
790,7/28/2023 3:45,6.01,33.34,21661344,HOBO,HOBO DO,copper,4
791,7/28/2023 3:50,5.92,33.36,21661344,HOBO,HOBO DO,copper,4
792,7/28/2023 3:55,5.74,33.38,21661344,HOBO,HOBO DO,copper,4
793,7/28/2023 4:00,5.7,33.38,21661344,HOBO,HOBO DO,copper,4
794,7/28/2023 4:05,5.67,33.38,21661344,HOBO,HOBO DO,copper,4
795,7/28/2023 4:10,5.63,33.38,21661344,HOBO,HOBO DO,copper,4
796,7/28/2023 4:15,5.67,33.38,21661344,HOBO,HOBO DO,copper,4
797,7/28/2023 4:20,5.75,33.38,21661344,HOBO,HOBO DO,copper,4
798,7/28/2023 4:25,5.89,33.36,21661344,HOBO,HOBO DO,copper,4
799,7/28/2023 4:30,5.98,33.36,21661344,HOBO,HOBO DO,copper,4
800,7/28/2023 4:35,5.97,33.34,21661344,HOBO,HOBO DO,copper,4
801,7/28/2023 4:40,5.97,33.32,21661344,HOBO,HOBO DO,copper,4
802,7/28/2023 4:45,6.1,33.28,21661344,HOBO,HOBO DO,copper,4
803,7/28/2023 4:50,6.14,33.24,21661344,HOBO,HOBO DO,copper,4
804,7/28/2023 4:55,6.04,33.18,21661344,HOBO,HOBO DO,copper,4
805,7/28/2023 5:00,5.94,33.08,21661344,HOBO,HOBO DO,copper,4
806,7/28/2023 5:05,5.83,32.94,21661344,HOBO,HOBO DO,copper,4
807,7/28/2023 5:10,5.81,32.86,21661344,HOBO,HOBO DO,copper,4
808,7/28/2023 5:15,5.75,32.8,21661344,HOBO,HOBO DO,copper,4
809,7/28/2023 5:20,5.72,32.74,21661344,HOBO,HOBO DO,copper,4
810,7/28/2023 5:25,5.67,32.66,21661344,HOBO,HOBO DO,copper,4
811,7/28/2023 5:30,5.62,32.58,21661344,HOBO,HOBO DO,copper,4
812,7/28/2023 5:35,5.68,32.44,21661344,HOBO,HOBO DO,copper,4
813,7/28/2023 5:40,5.54,32.36,21661344,HOBO,HOBO DO,copper,4
814,7/28/2023 5:45,5.43,32.32,21661344,HOBO,HOBO DO,copper,4
815,7/28/2023 5:50,5.3,32.22,21661344,HOBO,HOBO DO,copper,4
816,7/28/2023 5:55,5.19,32.18,21661344,HOBO,HOBO DO,copper,4
817,7/28/2023 6:00,5.06,32.18,21661344,HOBO,HOBO DO,copper,4
818,7/28/2023 6:05,4.7,32.14,21661344,HOBO,HOBO DO,copper,4
819,7/28/2023 6:10,4.63,32.08,21661344,HOBO,HOBO DO,copper,4
820,7/28/2023 6:15,4.64,32.06,21661344,HOBO,HOBO DO,copper,4
821,7/28/2023 6:20,4.65,32,21661344,HOBO,HOBO DO,copper,4
822,7/28/2023 6:25,4.65,31.96,21661344,HOBO,HOBO DO,copper,4
823,7/28/2023 6:30,4.64,31.9,21661344,HOBO,HOBO DO,copper,4
824,7/28/2023 6:35,4.56,31.88,21661344,HOBO,HOBO DO,copper,4
825,7/28/2023 6:40,4.54,31.86,21661344,HOBO,HOBO DO,copper,4
826,7/28/2023 6:45,4.44,31.84,21661344,HOBO,HOBO DO,copper,4
827,7/28/2023 6:50,4.33,31.82,21661344,HOBO,HOBO DO,copper,4
828,7/28/2023 6:55,4.25,31.8,21661344,HOBO,HOBO DO,copper,4
829,7/28/2023 7:00,4.23,31.78,21661344,HOBO,HOBO DO,copper,4
830,7/28/2023 7:05,4.21,31.7,21661344,HOBO,HOBO DO,copper,4
831,7/28/2023 7:10,4.13,31.68,21661344,HOBO,HOBO DO,copper,4
832,7/28/2023 7:15,4.06,31.68,21661344,HOBO,HOBO DO,copper,4
833,7/28/2023 7:20,3.9,31.66,21661344,HOBO,HOBO DO,copper,4
834,7/28/2023 7:25,3.83,31.64,21661344,HOBO,HOBO DO,copper,4
835,7/28/2023 7:30,4.01,31.68,21661344,HOBO,HOBO DO,copper,4
836,7/28/2023 7:35,4.15,31.72,21661344,HOBO,HOBO DO,copper,4
837,7/28/2023 7:40,4.25,31.76,21661344,HOBO,HOBO DO,copper,4
838,7/28/2023 7:45,4.35,31.82,21661344,HOBO,HOBO DO,copper,4
839,7/28/2023 7:50,4.45,31.88,21661344,HOBO,HOBO DO,copper,4
840,7/28/2023 7:55,4.75,31.96,21661344,HOBO,HOBO DO,copper,4
841,7/28/2023 8:00,4.7,32.04,21661344,HOBO,HOBO DO,copper,4
842,7/28/2023 8:05,4.51,32.12,21661344,HOBO,HOBO DO,copper,4
843,7/28/2023 8:10,4.46,32.18,21661344,HOBO,HOBO DO,copper,4
844,7/28/2023 8:15,4.54,32.28,21661344,HOBO,HOBO DO,copper,4
845,7/28/2023 8:20,4.57,32.4,21661344,HOBO,HOBO DO,copper,4
846,7/28/2023 8:25,4.76,32.52,21661344,HOBO,HOBO DO,copper,4
847,7/28/2023 8:30,4.86,32.64,21661344,HOBO,HOBO DO,copper,4
848,7/28/2023 8:35,5.13,32.76,21661344,HOBO,HOBO DO,copper,4
849,7/28/2023 8:40,5.56,32.86,21661344,HOBO,HOBO DO,copper,4
850,7/28/2023 8:45,5.79,32.96,21661344,HOBO,HOBO DO,copper,4
851,7/28/2023 8:50,5.92,33.04,21661344,HOBO,HOBO DO,copper,4
852,7/28/2023 8:55,5.99,33.12,21661344,HOBO,HOBO DO,copper,4
853,7/28/2023 9:00,6.1,33.2,21661344,HOBO,HOBO DO,copper,4
854,7/28/2023 9:05,6.21,33.26,21661344,HOBO,HOBO DO,copper,4
855,7/28/2023 9:10,6.31,33.32,21661344,HOBO,HOBO DO,copper,4
856,7/28/2023 9:15,6.43,33.38,21661344,HOBO,HOBO DO,copper,4
857,7/28/2023 9:20,6.54,33.44,21661344,HOBO,HOBO DO,copper,4
858,7/28/2023 9:25,6.66,33.5,21661344,HOBO,HOBO DO,copper,4
859,7/28/2023 9:30,6.75,33.56,21661344,HOBO,HOBO DO,copper,4
860,7/28/2023 9:35,6.84,33.64,21661344,HOBO,HOBO DO,copper,4
861,7/28/2023 9:40,6.95,33.72,21661344,HOBO,HOBO DO,copper,4
862,7/28/2023 9:45,6.97,33.76,21661344,HOBO,HOBO DO,copper,4
863,7/28/2023 9:50,7.11,33.84,21661344,HOBO,HOBO DO,copper,4
864,7/28/2023 9:55,7.18,33.9,21661344,HOBO,HOBO DO,copper,4
865,7/28/2023 10:00,7.24,33.96,21661344,HOBO,HOBO DO,copper,4
866,7/28/2023 10:05,7.42,34.04,21661344,HOBO,HOBO DO,copper,4
867,7/28/2023 10:10,7.4,34.08,21661344,HOBO,HOBO DO,copper,4
868,7/28/2023 10:15,7.48,34.12,21661344,HOBO,HOBO DO,copper,4
869,7/28/2023 10:20,7.54,34.18,21661344,HOBO,HOBO DO,copper,4
870,7/28/2023 10:25,7.58,34.22,21661344,HOBO,HOBO DO,copper,4
871,7/28/2023 10:30,7.59,34.26,21661344,HOBO,HOBO DO,copper,4
872,7/28/2023 10:35,7.6,34.28,21661344,HOBO,HOBO DO,copper,4
873,7/28/2023 10:40,7.65,34.26,21661344,HOBO,HOBO DO,copper,4
874,7/28/2023 10:45,7.68,34.28,21661344,HOBO,HOBO DO,copper,4
875,7/28/2023 10:50,7.7,34.26,21661344,HOBO,HOBO DO,copper,4
876,7/28/2023 10:55,7.73,34.28,21661344,HOBO,HOBO DO,copper,4
877,7/28/2023 11:00,7.74,34.28,21661344,HOBO,HOBO DO,copper,4
878,7/28/2023 11:05,7.72,34.28,21661344,HOBO,HOBO DO,copper,4
879,7/28/2023 11:10,7.65,34.24,21661344,HOBO,HOBO DO,copper,4
880,7/28/2023 11:15,7.63,34.22,21661344,HOBO,HOBO DO,copper,4
881,7/28/2023 11:20,7.92,34.28,21661344,HOBO,HOBO DO,copper,4
882,7/28/2023 11:25,8.09,34.36,21661344,HOBO,HOBO DO,copper,4
883,7/28/2023 11:30,8,34.4,21661344,HOBO,HOBO DO,copper,4
884,7/28/2023 11:35,8.35,34.5,21661344,HOBO,HOBO DO,copper,4
885,7/28/2023 11:40,8.69,34.66,21661344,HOBO,HOBO DO,copper,4
886,7/28/2023 11:45,8.85,34.78,21661344,HOBO,HOBO DO,copper,4
887,7/28/2023 11:50,8.99,34.84,21661344,HOBO,HOBO DO,copper,4
888,7/28/2023 11:55,9.02,34.92,21661344,HOBO,HOBO DO,copper,4
889,7/28/2023 12:00,9.19,34.98,21661344,HOBO,HOBO DO,copper,4
890,7/28/2023 12:05,9.24,35.02,21661344,HOBO,HOBO DO,copper,4
891,7/28/2023 12:10,9.25,35.06,21661344,HOBO,HOBO DO,copper,4
892,7/28/2023 12:15,9.24,35.1,21661344,HOBO,HOBO DO,copper,4
893,7/28/2023 12:20,9.25,35.12,21661344,HOBO,HOBO DO,copper,4
894,7/28/2023 12:25,9.3,35.16,21661344,HOBO,HOBO DO,copper,4
895,7/28/2023 12:30,9.29,35.18,21661344,HOBO,HOBO DO,copper,4
896,7/28/2023 12:35,9.36,35.22,21661344,HOBO,HOBO DO,copper,4
897,7/28/2023 12:40,9.33,35.26,21661344,HOBO,HOBO DO,copper,4
898,7/28/2023 12:45,9.44,35.3,21661344,HOBO,HOBO DO,copper,4
899,7/28/2023 12:50,9.46,35.36,21661344,HOBO,HOBO DO,copper,4
900,7/28/2023 12:55,9.52,35.4,21661344,HOBO,HOBO DO,copper,4
901,7/28/2023 13:00,9.53,35.44,21661344,HOBO,HOBO DO,copper,4
902,7/28/2023 13:05,9.57,35.48,21661344,HOBO,HOBO DO,copper,4
903,7/28/2023 13:10,9.61,35.52,21661344,HOBO,HOBO DO,copper,4
904,7/28/2023 13:15,9.62,35.54,21661344,HOBO,HOBO DO,copper,4
905,7/28/2023 13:20,9.6,35.56,21661344,HOBO,HOBO DO,copper,4
906,7/28/2023 13:25,9.61,35.56,21661344,HOBO,HOBO DO,copper,4
907,7/28/2023 13:30,9.65,35.58,21661344,HOBO,HOBO DO,copper,4
908,7/28/2023 13:35,9.63,35.58,21661344,HOBO,HOBO DO,copper,4
909,7/28/2023 13:40,9.62,35.6,21661344,HOBO,HOBO DO,copper,4
910,7/28/2023 13:45,9.69,35.6,21661344,HOBO,HOBO DO,copper,4
911,7/28/2023 13:50,9.68,35.62,21661344,HOBO,HOBO DO,copper,4
912,7/28/2023 13:55,9.64,35.62,21661344,HOBO,HOBO DO,copper,4
913,7/28/2023 14:00,9.65,35.62,21661344,HOBO,HOBO DO,copper,4
914,7/28/2023 14:05,9.63,35.62,21661344,HOBO,HOBO DO,copper,4
915,7/28/2023 14:10,9.66,35.62,21661344,HOBO,HOBO DO,copper,4
916,7/28/2023 14:15,9.65,35.64,21661344,HOBO,HOBO DO,copper,4
917,7/28/2023 14:20,9.64,35.68,21661344,HOBO,HOBO DO,copper,4
918,7/28/2023 14:25,9.63,35.68,21661344,HOBO,HOBO DO,copper,4
919,7/28/2023 14:30,9.61,35.72,21661344,HOBO,HOBO DO,copper,4
920,7/28/2023 14:35,9.63,35.72,21661344,HOBO,HOBO DO,copper,4
921,7/28/2023 14:40,9.66,35.7,21661344,HOBO,HOBO DO,copper,4
922,7/28/2023 14:45,9.6,35.68,21661344,HOBO,HOBO DO,copper,4
923,7/28/2023 14:50,9.67,35.68,21661344,HOBO,HOBO DO,copper,4
924,7/28/2023 14:55,9.65,35.68,21661344,HOBO,HOBO DO,copper,4
925,7/28/2023 15:00,9.58,35.64,21661344,HOBO,HOBO DO,copper,4
926,7/28/2023 15:05,9.64,35.66,21661344,HOBO,HOBO DO,copper,4
927,7/28/2023 15:10,9.47,35.6,21661344,HOBO,HOBO DO,copper,4
928,7/28/2023 15:15,9.46,35.56,21661344,HOBO,HOBO DO,copper,4
929,7/28/2023 15:20,9.32,35.5,21661344,HOBO,HOBO DO,copper,4
930,7/28/2023 15:25,9.3,35.44,21661344,HOBO,HOBO DO,copper,4
931,7/28/2023 15:30,9.18,35.4,21661344,HOBO,HOBO DO,copper,4
932,7/28/2023 15:35,9.14,35.4,21661344,HOBO,HOBO DO,copper,4
933,7/28/2023 15:40,9.13,35.36,21661344,HOBO,HOBO DO,copper,4
934,7/28/2023 15:45,9.1,35.32,21661344,HOBO,HOBO DO,copper,4
935,7/28/2023 15:50,9.13,35.3,21661344,HOBO,HOBO DO,copper,4
936,7/28/2023 15:55,9.18,35.32,21661344,HOBO,HOBO DO,copper,4
937,7/28/2023 16:00,9.2,35.32,21661344,HOBO,HOBO DO,copper,4
938,7/28/2023 16:05,9.2,35.28,21661344,HOBO,HOBO DO,copper,4
939,7/28/2023 16:10,9.25,35.28,21661344,HOBO,HOBO DO,copper,4
940,7/28/2023 16:15,9.14,35.26,21661344,HOBO,HOBO DO,copper,4
941,7/28/2023 16:20,9.12,35.22,21661344,HOBO,HOBO DO,copper,4
942,7/28/2023 16:25,9.17,35.2,21661344,HOBO,HOBO DO,copper,4
943,7/28/2023 16:30,9.2,35.24,21661344,HOBO,HOBO DO,copper,4
944,7/28/2023 16:35,9.22,35.24,21661344,HOBO,HOBO DO,copper,4
945,7/28/2023 16:40,9.19,35.22,21661344,HOBO,HOBO DO,copper,4
946,7/28/2023 16:45,9.26,35.22,21661344,HOBO,HOBO DO,copper,4
947,7/28/2023 16:50,9.25,35.18,21661344,HOBO,HOBO DO,copper,4
948,7/28/2023 16:55,9.24,35.16,21661344,HOBO,HOBO DO,copper,4
949,7/28/2023 17:00,9.29,35.14,21661344,HOBO,HOBO DO,copper,4
950,7/28/2023 17:05,9.18,35.1,21661344,HOBO,HOBO DO,copper,4
951,7/28/2023 17:10,9.12,35.02,21661344,HOBO,HOBO DO,copper,4
952,7/28/2023 17:15,9.08,34.9,21661344,HOBO,HOBO DO,copper,4
953,7/28/2023 17:20,9.09,34.82,21661344,HOBO,HOBO DO,copper,4
954,7/28/2023 17:25,9.07,34.76,21661344,HOBO,HOBO DO,copper,4
955,7/28/2023 17:30,9.1,34.7,21661344,HOBO,HOBO DO,copper,4
956,7/28/2023 17:35,9.13,34.68,21661344,HOBO,HOBO DO,copper,4
957,7/28/2023 17:40,9.15,34.64,21661344,HOBO,HOBO DO,copper,4
958,7/28/2023 17:45,9.12,34.62,21661344,HOBO,HOBO DO,copper,4
959,7/28/2023 17:50,9.14,34.58,21661344,HOBO,HOBO DO,copper,4
960,7/28/2023 17:55,9.04,34.52,21661344,HOBO,HOBO DO,copper,4
961,7/28/2023 18:00,9.03,34.48,21661344,HOBO,HOBO DO,copper,4
962,7/28/2023 18:05,8.99,34.44,21661344,HOBO,HOBO DO,copper,4
963,7/28/2023 18:10,8.97,34.36,21661344,HOBO,HOBO DO,copper,4
964,7/28/2023 18:15,8.97,34.32,21661344,HOBO,HOBO DO,copper,4
965,7/28/2023 18:20,8.89,34.24,21661344,HOBO,HOBO DO,copper,4
966,7/28/2023 18:25,8.89,34.16,21661344,HOBO,HOBO DO,copper,4
967,7/28/2023 18:30,8.91,34.1,21661344,HOBO,HOBO DO,copper,4
968,7/28/2023 18:35,8.88,34.04,21661344,HOBO,HOBO DO,copper,4
969,7/28/2023 18:40,8.71,33.92,21661344,HOBO,HOBO DO,copper,4
970,7/28/2023 18:45,8.61,33.82,21661344,HOBO,HOBO DO,copper,4
971,7/28/2023 18:50,8.55,33.72,21661344,HOBO,HOBO DO,copper,4
972,7/28/2023 18:55,8.46,33.64,21661344,HOBO,HOBO DO,copper,4
973,7/28/2023 19:00,8.36,33.58,21661344,HOBO,HOBO DO,copper,4
974,7/28/2023 19:05,8.33,33.54,21661344,HOBO,HOBO DO,copper,4
975,7/28/2023 19:10,8.23,33.5,21661344,HOBO,HOBO DO,copper,4
976,7/28/2023 19:15,8.12,33.42,21661344,HOBO,HOBO DO,copper,4
977,7/28/2023 19:20,8.01,33.36,21661344,HOBO,HOBO DO,copper,4
978,7/28/2023 19:25,7.89,33.28,21661344,HOBO,HOBO DO,copper,4
979,7/28/2023 19:30,7.81,33.2,21661344,HOBO,HOBO DO,copper,4
980,7/28/2023 19:35,7.68,33.14,21661344,HOBO,HOBO DO,copper,4
981,7/28/2023 19:40,7.68,33.12,21661344,HOBO,HOBO DO,copper,4
982,7/28/2023 19:45,7.57,33.08,21661344,HOBO,HOBO DO,copper,4
983,7/28/2023 19:50,7.49,33.02,21661344,HOBO,HOBO DO,copper,4
984,7/28/2023 19:55,7.37,32.94,21661344,HOBO,HOBO DO,copper,4
985,7/28/2023 20:00,7.27,32.92,21661344,HOBO,HOBO DO,copper,4
986,7/28/2023 20:05,7.18,32.88,21661344,HOBO,HOBO DO,copper,4
987,7/28/2023 20:10,7.08,32.82,21661344,HOBO,HOBO DO,copper,4
988,7/28/2023 20:15,7,32.78,21661344,HOBO,HOBO DO,copper,4
989,7/28/2023 20:20,6.92,32.76,21661344,HOBO,HOBO DO,copper,4
990,7/28/2023 20:25,6.84,32.72,21661344,HOBO,HOBO DO,copper,4
991,7/28/2023 20:30,6.8,32.7,21661344,HOBO,HOBO DO,copper,4
992,7/28/2023 20:35,6.73,32.68,21661344,HOBO,HOBO DO,copper,4
993,7/28/2023 20:40,6.69,32.64,21661344,HOBO,HOBO DO,copper,4
994,7/28/2023 20:45,6.58,32.62,21661344,HOBO,HOBO DO,copper,4
995,7/28/2023 20:50,6.44,32.6,21661344,HOBO,HOBO DO,copper,4
996,7/28/2023 20:55,6.38,32.58,21661344,HOBO,HOBO DO,copper,4
997,7/28/2023 21:00,6.28,32.56,21661344,HOBO,HOBO DO,copper,4
998,7/28/2023 21:05,6.25,32.56,21661344,HOBO,HOBO DO,copper,4
999,7/28/2023 21:10,6.2,32.54,21661344,HOBO,HOBO DO,copper,4
1000,7/28/2023 21:15,6.11,32.54,21661344,HOBO,HOBO DO,copper,4
1001,7/28/2023 21:20,6.1,32.54,21661344,HOBO,HOBO DO,copper,4
1002,7/28/2023 21:25,6.05,32.52,21661344,HOBO,HOBO DO,copper,4
1003,7/28/2023 21:30,6,32.5,21661344,HOBO,HOBO DO,copper,4
1004,7/28/2023 21:35,5.85,32.48,21661344,HOBO,HOBO DO,copper,4
1005,7/28/2023 21:40,5.85,32.46,21661344,HOBO,HOBO DO,copper,4
1006,7/28/2023 21:45,5.82,32.46,21661344,HOBO,HOBO DO,copper,4
1007,7/28/2023 21:50,5.77,32.44,21661344,HOBO,HOBO DO,copper,4
1008,7/28/2023 21:55,5.71,32.44,21661344,HOBO,HOBO DO,copper,4
1009,7/28/2023 22:00,5.59,32.42,21661344,HOBO,HOBO DO,copper,4
1010,7/28/2023 22:05,5.5,32.4,21661344,HOBO,HOBO DO,copper,4
1011,7/28/2023 22:10,5.42,32.4,21661344,HOBO,HOBO DO,copper,4
1012,7/28/2023 22:15,5.34,32.38,21661344,HOBO,HOBO DO,copper,4
1013,7/28/2023 22:20,5.31,32.38,21661344,HOBO,HOBO DO,copper,4
1014,7/28/2023 22:25,5.29,32.38,21661344,HOBO,HOBO DO,copper,4
1015,7/28/2023 22:30,5.34,32.42,21661344,HOBO,HOBO DO,copper,4
1016,7/28/2023 22:35,5.55,32.48,21661344,HOBO,HOBO DO,copper,4
1017,7/28/2023 22:40,5.51,32.48,21661344,HOBO,HOBO DO,copper,4
1018,7/28/2023 22:45,5.4,32.46,21661344,HOBO,HOBO DO,copper,4
1019,7/28/2023 22:50,5.41,32.46,21661344,HOBO,HOBO DO,copper,4
1020,7/28/2023 22:55,5.48,32.5,21661344,HOBO,HOBO DO,copper,4
1021,7/28/2023 23:00,5.41,32.52,21661344,HOBO,HOBO DO,copper,4
1022,7/28/2023 23:05,5.28,32.58,21661344,HOBO,HOBO DO,copper,4
1023,7/28/2023 23:10,5.28,32.66,21661344,HOBO,HOBO DO,copper,4
1024,7/28/2023 23:15,5.92,32.82,21661344,HOBO,HOBO DO,copper,4
1025,7/28/2023 23:20,5.51,32.92,21661344,HOBO,HOBO DO,copper,4
1026,7/28/2023 23:25,5.51,33,21661344,HOBO,HOBO DO,copper,4
1027,7/28/2023 23:30,5.38,33.02,21661344,HOBO,HOBO DO,copper,4
1028,7/28/2023 23:35,5.32,32.94,21661344,HOBO,HOBO DO,copper,4
1029,7/28/2023 23:40,5.24,32.9,21661344,HOBO,HOBO DO,copper,4
1030,7/28/2023 23:45,5.28,32.86,21661344,HOBO,HOBO DO,copper,4
1031,7/28/2023 23:50,5.42,32.88,21661344,HOBO,HOBO DO,copper,4
1032,7/28/2023 23:55,5.36,32.92,21661344,HOBO,HOBO DO,copper,4
1033,7/29/2023 0:00,5.43,32.98,21661344,HOBO,HOBO DO,copper,4
1034,7/29/2023 0:05,5.43,33.06,21661344,HOBO,HOBO DO,copper,4
1035,7/29/2023 0:10,5.33,33.12,21661344,HOBO,HOBO DO,copper,4
1036,7/29/2023 0:15,5.68,33.3,21661344,HOBO,HOBO DO,copper,4
1037,7/29/2023 0:20,5.31,33.36,21661344,HOBO,HOBO DO,copper,4
1038,7/29/2023 0:25,5.12,33.26,21661344,HOBO,HOBO DO,copper,4
1039,7/29/2023 0:30,4.87,33.32,21661344,HOBO,HOBO DO,copper,4
1040,7/29/2023 0:35,5.09,33.32,21661344,HOBO,HOBO DO,copper,4
1041,7/29/2023 0:40,5.62,33.44,21661344,HOBO,HOBO DO,copper,4
1042,7/29/2023 0:45,5.38,33.42,21661344,HOBO,HOBO DO,copper,4
1043,7/29/2023 0:50,6.41,33.52,21661344,HOBO,HOBO DO,copper,4
1044,7/29/2023 0:55,6.55,33.56,21661344,HOBO,HOBO DO,copper,4
1045,7/29/2023 1:00,6.48,33.58,21661344,HOBO,HOBO DO,copper,4
1046,7/29/2023 1:05,6.6,33.58,21661344,HOBO,HOBO DO,copper,4
1047,7/29/2023 1:10,6.58,33.6,21661344,HOBO,HOBO DO,copper,4
1048,7/29/2023 1:15,6.36,33.6,21661344,HOBO,HOBO DO,copper,4
1049,7/29/2023 1:20,5.72,33.52,21661344,HOBO,HOBO DO,copper,4
1050,7/29/2023 1:25,5.66,33.46,21661344,HOBO,HOBO DO,copper,4
1051,7/29/2023 1:30,5.99,33.44,21661344,HOBO,HOBO DO,copper,4
1052,7/29/2023 1:35,5.7,33.44,21661344,HOBO,HOBO DO,copper,4
1053,7/29/2023 1:40,5.5,33.38,21661344,HOBO,HOBO DO,copper,4
1054,7/29/2023 1:45,5.63,33.36,21661344,HOBO,HOBO DO,copper,4
1055,7/29/2023 1:50,5.45,33.34,21661344,HOBO,HOBO DO,copper,4
1056,7/29/2023 1:55,5.74,33.38,21661344,HOBO,HOBO DO,copper,4
1057,7/29/2023 2:00,5.87,33.4,21661344,HOBO,HOBO DO,copper,4
1058,7/29/2023 2:05,6.22,33.46,21661344,HOBO,HOBO DO,copper,4
1059,7/29/2023 2:10,6.18,33.5,21661344,HOBO,HOBO DO,copper,4
1060,7/29/2023 2:15,6.24,33.5,21661344,HOBO,HOBO DO,copper,4
1061,7/29/2023 2:20,5.88,33.46,21661344,HOBO,HOBO DO,copper,4
1062,7/29/2023 2:25,5.59,33.4,21661344,HOBO,HOBO DO,copper,4
1063,7/29/2023 2:30,5.4,33.32,21661344,HOBO,HOBO DO,copper,4
1064,7/29/2023 2:35,5.54,33.26,21661344,HOBO,HOBO DO,copper,4
1065,7/29/2023 2:40,5.4,33.2,21661344,HOBO,HOBO DO,copper,4
1066,7/29/2023 2:45,5.32,33.12,21661344,HOBO,HOBO DO,copper,4
1067,7/29/2023 2:50,5.59,33.08,21661344,HOBO,HOBO DO,copper,4
1068,7/29/2023 2:55,5.95,33.06,21661344,HOBO,HOBO DO,copper,4
1069,7/29/2023 3:00,6.11,33.04,21661344,HOBO,HOBO DO,copper,4
1070,7/29/2023 3:05,6.13,33.06,21661344,HOBO,HOBO DO,copper,4
1071,7/29/2023 3:10,6.14,33.1,21661344,HOBO,HOBO DO,copper,4
1072,7/29/2023 3:15,6.33,33.14,21661344,HOBO,HOBO DO,copper,4
1073,7/29/2023 3:20,6.32,33.18,21661344,HOBO,HOBO DO,copper,4
1074,7/29/2023 3:25,6.3,33.22,21661344,HOBO,HOBO DO,copper,4
1075,7/29/2023 3:30,6.21,33.2,21661344,HOBO,HOBO DO,copper,4
1076,7/29/2023 3:35,6.19,33.18,21661344,HOBO,HOBO DO,copper,4
1077,7/29/2023 3:40,6.52,33.14,21661344,HOBO,HOBO DO,copper,4
1078,7/29/2023 3:45,6.53,33.14,21661344,HOBO,HOBO DO,copper,4
1079,7/29/2023 3:50,6.55,33.14,21661344,HOBO,HOBO DO,copper,4
1080,7/29/2023 3:55,6.55,33.18,21661344,HOBO,HOBO DO,copper,4
1081,7/29/2023 4:00,6.55,33.2,21661344,HOBO,HOBO DO,copper,4
1082,7/29/2023 4:05,6.48,33.18,21661344,HOBO,HOBO DO,copper,4
1083,7/29/2023 4:10,6.37,33.16,21661344,HOBO,HOBO DO,copper,4
1084,7/29/2023 4:15,6.27,33.1,21661344,HOBO,HOBO DO,copper,4
1085,7/29/2023 4:20,6.27,33.06,21661344,HOBO,HOBO DO,copper,4
1086,7/29/2023 4:25,6.29,33.04,21661344,HOBO,HOBO DO,copper,4
1087,7/29/2023 4:30,6.2,33.02,21661344,HOBO,HOBO DO,copper,4
1088,7/29/2023 4:35,5.98,32.92,21661344,HOBO,HOBO DO,copper,4
1089,7/29/2023 4:40,5.79,32.78,21661344,HOBO,HOBO DO,copper,4
1090,7/29/2023 4:45,5.79,32.68,21661344,HOBO,HOBO DO,copper,4
1091,7/29/2023 4:50,5.77,32.64,21661344,HOBO,HOBO DO,copper,4
1092,7/29/2023 4:55,5.72,32.6,21661344,HOBO,HOBO DO,copper,4
1093,7/29/2023 5:00,5.75,32.54,21661344,HOBO,HOBO DO,copper,4
1094,7/29/2023 5:05,5.46,32.42,21661344,HOBO,HOBO DO,copper,4
1095,7/29/2023 5:10,5.25,32.3,21661344,HOBO,HOBO DO,copper,4
1096,7/29/2023 5:15,5.17,32.24,21661344,HOBO,HOBO DO,copper,4
1097,7/29/2023 5:20,4.99,32.18,21661344,HOBO,HOBO DO,copper,4
1098,7/29/2023 5:25,4.77,32.12,21661344,HOBO,HOBO DO,copper,4
1099,7/29/2023 5:30,4.68,32.04,21661344,HOBO,HOBO DO,copper,4
1100,7/29/2023 5:35,4.53,31.98,21661344,HOBO,HOBO DO,copper,4
1101,7/29/2023 5:40,4.46,31.9,21661344,HOBO,HOBO DO,copper,4
1102,7/29/2023 5:45,4.3,31.84,21661344,HOBO,HOBO DO,copper,4
1103,7/29/2023 5:50,4.18,31.8,21661344,HOBO,HOBO DO,copper,4
1104,7/29/2023 5:55,4.1,31.72,21661344,HOBO,HOBO DO,copper,4
1105,7/29/2023 6:00,4.16,31.68,21661344,HOBO,HOBO DO,copper,4
1106,7/29/2023 6:05,4.25,31.64,21661344,HOBO,HOBO DO,copper,4
1107,7/29/2023 6:10,4.24,31.6,21661344,HOBO,HOBO DO,copper,4
1108,7/29/2023 6:15,4.22,31.54,21661344,HOBO,HOBO DO,copper,4
1109,7/29/2023 6:20,4.16,31.48,21661344,HOBO,HOBO DO,copper,4
1110,7/29/2023 6:25,4.1,31.44,21661344,HOBO,HOBO DO,copper,4
1111,7/29/2023 6:30,4,31.38,21661344,HOBO,HOBO DO,copper,4
1112,7/29/2023 6:35,3.83,31.3,21661344,HOBO,HOBO DO,copper,4
1113,7/29/2023 6:40,3.7,31.22,21661344,HOBO,HOBO DO,copper,4
1114,7/29/2023 6:45,3.6,31.16,21661344,HOBO,HOBO DO,copper,4
1115,7/29/2023 6:50,3.56,31.14,21661344,HOBO,HOBO DO,copper,4
1116,7/29/2023 6:55,3.45,31.1,21661344,HOBO,HOBO DO,copper,4
1117,7/29/2023 7:00,3.35,31.06,21661344,HOBO,HOBO DO,copper,4
1118,7/29/2023 7:05,3.26,31.04,21661344,HOBO,HOBO DO,copper,4
1119,7/29/2023 7:10,3.18,31,21661344,HOBO,HOBO DO,copper,4
1120,7/29/2023 7:15,3.12,30.98,21661344,HOBO,HOBO DO,copper,4
1121,7/29/2023 7:20,3.1,30.96,21661344,HOBO,HOBO DO,copper,4
1122,7/29/2023 7:25,3.02,30.94,21661344,HOBO,HOBO DO,copper,4
1123,7/29/2023 7:30,2.95,30.94,21661344,HOBO,HOBO DO,copper,4
1124,7/29/2023 7:35,2.93,30.98,21661344,HOBO,HOBO DO,copper,4
1125,7/29/2023 7:40,2.86,31,21661344,HOBO,HOBO DO,copper,4
1126,7/29/2023 7:45,2.82,31.04,21661344,HOBO,HOBO DO,copper,4
1127,7/29/2023 7:50,2.77,31.06,21661344,HOBO,HOBO DO,copper,4
1128,7/29/2023 7:55,2.73,31.1,21661344,HOBO,HOBO DO,copper,4
1129,7/29/2023 8:00,2.73,31.12,21661344,HOBO,HOBO DO,copper,4
1130,7/29/2023 8:05,2.71,31.16,21661344,HOBO,HOBO DO,copper,4
1131,7/29/2023 8:10,2.74,31.18,21661344,HOBO,HOBO DO,copper,4
1132,7/29/2023 8:15,2.7,31.2,21661344,HOBO,HOBO DO,copper,4
1133,7/29/2023 8:20,2.69,31.22,21661344,HOBO,HOBO DO,copper,4
1134,7/29/2023 8:25,2.83,31.26,21661344,HOBO,HOBO DO,copper,4
1135,7/29/2023 8:30,2.93,31.32,21661344,HOBO,HOBO DO,copper,4
1136,7/29/2023 8:35,2.91,31.42,21661344,HOBO,HOBO DO,copper,4
1137,7/29/2023 8:40,2.85,31.52,21661344,HOBO,HOBO DO,copper,4
1138,7/29/2023 8:45,2.93,31.56,21661344,HOBO,HOBO DO,copper,4
1139,7/29/2023 8:50,3.11,31.6,21661344,HOBO,HOBO DO,copper,4
1140,7/29/2023 8:55,3.06,31.68,21661344,HOBO,HOBO DO,copper,4
1141,7/29/2023 9:00,3.13,31.76,21661344,HOBO,HOBO DO,copper,4
1142,7/29/2023 9:05,3.17,31.88,21661344,HOBO,HOBO DO,copper,4
1143,7/29/2023 9:10,3.17,31.96,21661344,HOBO,HOBO DO,copper,4
1144,7/29/2023 9:15,3.22,32.04,21661344,HOBO,HOBO DO,copper,4
1145,7/29/2023 9:20,3.3,32.18,21661344,HOBO,HOBO DO,copper,4
1146,7/29/2023 9:25,3.39,32.32,21661344,HOBO,HOBO DO,copper,4
1147,7/29/2023 9:30,3.46,32.5,21661344,HOBO,HOBO DO,copper,4
1148,7/29/2023 9:35,3.59,32.6,21661344,HOBO,HOBO DO,copper,4
1149,7/29/2023 9:40,3.89,32.78,21661344,HOBO,HOBO DO,copper,4
1150,7/29/2023 9:45,4.22,32.78,21661344,HOBO,HOBO DO,copper,4
1151,7/29/2023 9:50,5.07,33.1,21661344,HOBO,HOBO DO,copper,4
1152,7/29/2023 9:55,5.24,33.24,21661344,HOBO,HOBO DO,copper,4
1153,7/29/2023 10:00,7.15,33.2,21661344,HOBO,HOBO DO,copper,4
1154,7/29/2023 10:05,7.34,32.86,21661344,HOBO,HOBO DO,copper,4
1155,7/29/2023 10:10,7.12,33.64,21661344,HOBO,HOBO DO,copper,4
1156,7/29/2023 10:15,7.16,33.4,21661344,HOBO,HOBO DO,copper,4
1157,7/29/2023 10:20,7.19,33.02,21661344,HOBO,HOBO DO,copper,4
1158,7/29/2023 10:25,7.2,32.82,21661344,HOBO,HOBO DO,copper,4
1159,7/29/2023 10:30,7.22,32.7,21661344,HOBO,HOBO DO,copper,4
1160,7/29/2023 10:35,6.69,27.82,21661344,HOBO,HOBO DO,copper,4
1161,7/29/2023 10:40,7.45,24.18,21661344,HOBO,HOBO DO,copper,4
1162,7/29/2023 10:45,7.58,23.04,21661344,HOBO,HOBO DO,copper,4
1163,7/29/2023 10:50,7.51,22.62,21661344,HOBO,HOBO DO,copper,4
1164,7/29/2023 10:55,7.49,22.44,21661344,HOBO,HOBO DO,copper,4
1165,7/29/2023 11:00,7.47,22.34,21661344,HOBO,HOBO DO,copper,4
1166,7/29/2023 11:05,7.45,22.26,21661344,HOBO,HOBO DO,copper,4
1167,7/29/2023 11:10,7.58,22.18,21661344,HOBO,HOBO DO,copper,4
1168,7/29/2023 11:15,7.7,22.12,21661344,HOBO,HOBO DO,copper,4
1169,7/29/2023 11:20,7.73,22.04,21661344,HOBO,HOBO DO,copper,4
1170,7/29/2023 11:25,7.74,21.98,21661344,HOBO,HOBO DO,copper,4
1171,7/29/2023 11:30,7.74,21.94,21661344,HOBO,HOBO DO,copper,4
1172,7/29/2023 11:35,7.74,21.92,21661344,HOBO,HOBO DO,copper,4
1173,7/29/2023 11:40,7.78,21.88,21661344,HOBO,HOBO DO,copper,4
1174,7/29/2023 11:45,7.82,21.86,21661344,HOBO,HOBO DO,copper,4
1175,7/29/2023 11:50,7.81,21.84,21661344,HOBO,HOBO DO,copper,4
1176,7/29/2023 11:55,7.83,21.8,21661344,HOBO,HOBO DO,copper,4
1177,7/29/2023 12:00,7.82,21.78,21661344,HOBO,HOBO DO,copper,4
1178,7/29/2023 12:05,7.78,21.74,21661344,HOBO,HOBO DO,copper,4
1179,7/29/2023 12:10,7.74,21.72,21661344,HOBO,HOBO DO,copper,4
1180,7/29/2023 12:15,7.63,21.7,21661344,HOBO,HOBO DO,copper,4
1181,7/29/2023 12:20,7.54,21.66,21661344,HOBO,HOBO DO,copper,4
1182,7/29/2023 12:25,7.4,21.64,21661344,HOBO,HOBO DO,copper,4
1183,7/29/2023 12:30,7.4,21.62,21661344,HOBO,HOBO DO,copper,4
1184,7/29/2023 12:35,7.59,21.6,21661344,HOBO,HOBO DO,copper,4
1185,7/29/2023 12:40,7.84,21.52,21661344,HOBO,HOBO DO,copper,4
1186,7/29/2023 12:45,7.89,21.48,21661344,HOBO,HOBO DO,copper,4
1187,7/29/2023 12:50,7.89,21.42,21661344,HOBO,HOBO DO,copper,4
1188,7/29/2023 12:55,7.89,21.4,21661344,HOBO,HOBO DO,copper,4
1189,7/29/2023 13:00,7.89,21.36,21661344,HOBO,HOBO DO,copper,4
1190,7/29/2023 13:05,7.89,21.34,21661344,HOBO,HOBO DO,copper,4
1191,7/29/2023 13:10,7.85,21.3,21661344,HOBO,HOBO DO,copper,4
1192,7/29/2023 13:15,7.69,21.28,21661344,HOBO,HOBO DO,copper,4
1193,7/29/2023 13:20,7.68,21.26,21661344,HOBO,HOBO DO,copper,4
1194,7/29/2023 13:25,7.56,21.24,21661344,HOBO,HOBO DO,copper,4
1195,7/29/2023 13:30,7.59,21.22,21661344,HOBO,HOBO DO,copper,4
1196,7/29/2023 13:35,7.73,21.18,21661344,HOBO,HOBO DO,copper,4
1197,7/29/2023 13:40,7.9,21.16,21661344,HOBO,HOBO DO,copper,4
1198,7/29/2023 13:45,7.94,21.12,21661344,HOBO,HOBO DO,copper,4
1199,7/29/2023 13:50,7.98,21.1,21661344,HOBO,HOBO DO,copper,4
1200,7/29/2023 13:55,7.99,21.06,21661344,HOBO,HOBO DO,copper,4
1201,7/29/2023 14:00,7.96,21.04,21661344,HOBO,HOBO DO,copper,4
1202,7/29/2023 14:05,7.89,21.02,21661344,HOBO,HOBO DO,copper,4
1203,7/29/2023 14:10,7.78,21,21661344,HOBO,HOBO DO,copper,4
1204,7/29/2023 14:15,7.74,20.98,21661344,HOBO,HOBO DO,copper,4
1205,7/29/2023 14:20,7.72,20.98,21661344,HOBO,HOBO DO,copper,4
1206,7/29/2023 14:25,7.71,20.96,21661344,HOBO,HOBO DO,copper,4
1207,7/29/2023 14:30,7.69,20.94,21661344,HOBO,HOBO DO,copper,4
1208,7/29/2023 14:35,7.68,20.92,21661344,HOBO,HOBO DO,copper,4
1209,7/29/2023 14:40,7.68,20.92,21661344,HOBO,HOBO DO,copper,4
1210,7/29/2023 14:45,7.71,20.9,21661344,HOBO,HOBO DO,copper,4
1211,7/29/2023 14:50,7.8,20.88,21661344,HOBO,HOBO DO,copper,4
1212,7/29/2023 14:55,7.88,20.84,21661344,HOBO,HOBO DO,copper,4
1213,7/29/2023 15:00,7.88,20.82,21661344,HOBO,HOBO DO,copper,4
1214,7/29/2023 15:05,7.84,20.8,21661344,HOBO,HOBO DO,copper,4
1215,7/29/2023 15:10,7.84,20.78,21661344,HOBO,HOBO DO,copper,4
1216,7/29/2023 15:15,7.83,20.76,21661344,HOBO,HOBO DO,copper,4
1217,7/29/2023 15:20,7.82,20.74,21661344,HOBO,HOBO DO,copper,4
1218,7/29/2023 15:25,7.82,20.74,21661344,HOBO,HOBO DO,copper,4
1219,7/29/2023 15:30,7.78,20.72,21661344,HOBO,HOBO DO,copper,4
1220,7/29/2023 15:35,7.76,20.72,21661344,HOBO,HOBO DO,copper,4
1221,7/29/2023 15:40,7.73,20.7,21661344,HOBO,HOBO DO,copper,4
1222,7/29/2023 15:45,7.73,20.7,21661344,HOBO,HOBO DO,copper,4
1223,7/29/2023 15:50,7.71,20.68,21661344,HOBO,HOBO DO,copper,4
1224,7/29/2023 15:55,7.71,20.68,21661344,HOBO,HOBO DO,copper,4
1225,7/29/2023 16:00,7.72,20.68,21661344,HOBO,HOBO DO,copper,4
1226,7/29/2023 16:05,7.71,20.66,21661344,HOBO,HOBO DO,copper,4
1227,7/29/2023 16:10,7.7,20.66,21661344,HOBO,HOBO DO,copper,4
1228,7/29/2023 16:15,7.7,20.66,21661344,HOBO,HOBO DO,copper,4
1229,7/29/2023 16:20,7.7,20.64,21661344,HOBO,HOBO DO,copper,4
1230,7/29/2023 16:25,7.7,20.64,21661344,HOBO,HOBO DO,copper,4
1231,7/29/2023 16:30,7.7,20.64,21661344,HOBO,HOBO DO,copper,4
1232,7/29/2023 16:35,7.73,20.62,21661344,HOBO,HOBO DO,copper,4
1233,7/29/2023 16:40,7.77,20.6,21661344,HOBO,HOBO DO,copper,4
1234,7/29/2023 16:45,7.8,20.58,21661344,HOBO,HOBO DO,copper,4
1235,7/29/2023 16:50,7.81,20.56,21661344,HOBO,HOBO DO,copper,4
1236,7/29/2023 16:55,7.84,20.54,21661344,HOBO,HOBO DO,copper,4
1237,7/29/2023 17:00,7.87,20.54,21661344,HOBO,HOBO DO,copper,4
1238,7/29/2023 17:05,7.88,20.52,21661344,HOBO,HOBO DO,copper,4
1239,7/29/2023 17:10,7.88,20.52,21661344,HOBO,HOBO DO,copper,4
1240,7/29/2023 17:15,7.87,20.52,21661344,HOBO,HOBO DO,copper,4
1241,7/29/2023 17:20,7.88,20.52,21661344,HOBO,HOBO DO,copper,4
1242,7/29/2023 17:25,7.87,20.5,21661344,HOBO,HOBO DO,copper,4
1243,7/29/2023 17:30,7.89,20.5,21661344,HOBO,HOBO DO,copper,4
1244,7/29/2023 17:35,7.89,20.5,21661344,HOBO,HOBO DO,copper,4
1245,7/29/2023 17:40,7.89,20.5,21661344,HOBO,HOBO DO,copper,4
1246,7/29/2023 17:45,7.89,20.5,21661344,HOBO,HOBO DO,copper,4
1247,7/29/2023 17:50,7.88,20.5,21661344,HOBO,HOBO DO,copper,4
1248,7/29/2023 17:55,7.9,20.5,21661344,HOBO,HOBO DO,copper,4
1249,7/29/2023 18:00,7.91,20.48,21661344,HOBO,HOBO DO,copper,4
1250,7/29/2023 18:05,7.92,20.46,21661344,HOBO,HOBO DO,copper,4
1251,7/29/2023 18:10,7.92,20.44,21661344,HOBO,HOBO DO,copper,4
1252,7/29/2023 18:15,7.92,20.42,21661344,HOBO,HOBO DO,copper,4
1253,7/29/2023 18:20,7.94,20.42,21661344,HOBO,HOBO DO,copper,4
1254,7/29/2023 18:25,7.96,20.42,21661344,HOBO,HOBO DO,copper,4
1255,7/29/2023 18:30,7.96,20.42,21661344,HOBO,HOBO DO,copper,4
1256,7/29/2023 18:35,7.98,20.4,21661344,HOBO,HOBO DO,copper,4
1257,7/29/2023 18:40,7.96,20.4,21661344,HOBO,HOBO DO,copper,4
1258,7/29/2023 18:45,7.95,20.4,21661344,HOBO,HOBO DO,copper,4
1259,7/29/2023 18:50,7.94,20.4,21661344,HOBO,HOBO DO,copper,4
1260,7/29/2023 18:55,7.93,20.4,21661344,HOBO,HOBO DO,copper,4
1261,7/29/2023 19:00,7.92,20.4,21661344,HOBO,HOBO DO,copper,4
1262,7/29/2023 19:05,7.94,20.4,21661344,HOBO,HOBO DO,copper,4
1263,7/29/2023 19:10,7.91,20.4,21661344,HOBO,HOBO DO,copper,4
1264,7/29/2023 19:15,7.93,20.4,21661344,HOBO,HOBO DO,copper,4
1265,7/29/2023 19:20,7.94,20.4,21661344,HOBO,HOBO DO,copper,4
1266,7/29/2023 19:25,7.95,20.38,21661344,HOBO,HOBO DO,copper,4
1267,7/29/2023 19:30,7.96,20.36,21661344,HOBO,HOBO DO,copper,4
1268,7/29/2023 19:35,7.99,20.34,21661344,HOBO,HOBO DO,copper,4
1269,7/29/2023 19:40,8.01,20.34,21661344,HOBO,HOBO DO,copper,4
1270,7/29/2023 19:45,8.04,20.32,21661344,HOBO,HOBO DO,copper,4
1271,7/29/2023 19:50,8.06,20.32,21661344,HOBO,HOBO DO,copper,4
1272,7/29/2023 19:55,8.09,20.32,21661344,HOBO,HOBO DO,copper,4
1273,7/29/2023 20:00,8.09,20.32,21661344,HOBO,HOBO DO,copper,4
1274,7/29/2023 20:05,8.05,20.32,21661344,HOBO,HOBO DO,copper,4
1275,7/29/2023 20:10,8.04,20.3,21661344,HOBO,HOBO DO,copper,4
1276,7/29/2023 20:15,8.03,20.32,21661344,HOBO,HOBO DO,copper,4
1277,7/29/2023 20:20,7.96,20.32,21661344,HOBO,HOBO DO,copper,4
1278,7/29/2023 20:25,7.91,20.32,21661344,HOBO,HOBO DO,copper,4
1279,7/29/2023 20:30,7.89,20.32,21661344,HOBO,HOBO DO,copper,4
1280,7/29/2023 20:35,7.87,20.32,21661344,HOBO,HOBO DO,copper,4
1281,7/29/2023 20:40,7.91,20.32,21661344,HOBO,HOBO DO,copper,4
1282,7/29/2023 20:45,7.98,20.32,21661344,HOBO,HOBO DO,copper,4
1283,7/29/2023 20:50,8.04,20.3,21661344,HOBO,HOBO DO,copper,4
1284,7/29/2023 20:55,8.05,20.28,21661344,HOBO,HOBO DO,copper,4
1285,7/29/2023 21:00,8.07,20.28,21661344,HOBO,HOBO DO,copper,4
1286,7/29/2023 21:05,8.1,20.26,21661344,HOBO,HOBO DO,copper,4
1287,7/29/2023 21:10,8.13,20.26,21661344,HOBO,HOBO DO,copper,4
1288,7/29/2023 21:15,8.17,20.24,21661344,HOBO,HOBO DO,copper,4
1289,7/29/2023 21:20,8.17,20.24,21661344,HOBO,HOBO DO,copper,4
1290,7/29/2023 21:25,8.17,20.24,21661344,HOBO,HOBO DO,copper,4
1291,7/29/2023 21:30,8.17,20.24,21661344,HOBO,HOBO DO,copper,4
1292,7/29/2023 21:35,8.15,20.24,21661344,HOBO,HOBO DO,copper,4
1293,7/29/2023 21:40,8.11,20.24,21661344,HOBO,HOBO DO,copper,4
1294,7/29/2023 21:45,8.02,20.24,21661344,HOBO,HOBO DO,copper,4
1295,7/29/2023 21:50,7.98,20.26,21661344,HOBO,HOBO DO,copper,4
1296,7/29/2023 21:55,7.95,20.26,21661344,HOBO,HOBO DO,copper,4
1297,7/29/2023 22:00,7.94,20.26,21661344,HOBO,HOBO DO,copper,4
1298,7/29/2023 22:05,7.98,20.26,21661344,HOBO,HOBO DO,copper,4
1299,7/29/2023 22:10,8.04,20.28,21661344,HOBO,HOBO DO,copper,4
1300,7/29/2023 22:15,8.09,20.26,21661344,HOBO,HOBO DO,copper,4
1301,7/29/2023 22:20,8.11,20.24,21661344,HOBO,HOBO DO,copper,4
1302,7/29/2023 22:25,8.17,20.22,21661344,HOBO,HOBO DO,copper,4
1303,7/29/2023 22:30,8.2,20.22,21661344,HOBO,HOBO DO,copper,4
1304,7/29/2023 22:35,8.23,20.2,21661344,HOBO,HOBO DO,copper,4
1305,7/29/2023 22:40,8.23,20.2,21661344,HOBO,HOBO DO,copper,4
1306,7/29/2023 22:45,8.25,20.2,21661344,HOBO,HOBO DO,copper,4
1307,7/29/2023 22:50,8.24,20.2,21661344,HOBO,HOBO DO,copper,4
1308,7/29/2023 22:55,8.24,20.2,21661344,HOBO,HOBO DO,copper,4
1309,7/29/2023 23:00,8.23,20.2,21661344,HOBO,HOBO DO,copper,4
1310,7/29/2023 23:05,8.19,20.2,21661344,HOBO,HOBO DO,copper,4
1311,7/29/2023 23:10,8.1,20.2,21661344,HOBO,HOBO DO,copper,4
1312,7/29/2023 23:15,8.04,20.2,21661344,HOBO,HOBO DO,copper,4
1313,7/29/2023 23:20,8.03,20.22,21661344,HOBO,HOBO DO,copper,4
1314,7/29/2023 23:25,8.02,20.22,21661344,HOBO,HOBO DO,copper,4
1315,7/29/2023 23:30,8.06,20.22,21661344,HOBO,HOBO DO,copper,4
1316,7/29/2023 23:35,8.12,20.22,21661344,HOBO,HOBO DO,copper,4
1317,7/29/2023 23:40,8.17,20.2,21661344,HOBO,HOBO DO,copper,4
1318,7/29/2023 23:45,8.2,20.18,21661344,HOBO,HOBO DO,copper,4
1319,7/29/2023 23:50,8.24,20.18,21661344,HOBO,HOBO DO,copper,4
1320,7/29/2023 23:55,8.28,20.16,21661344,HOBO,HOBO DO,copper,4
1321,7/30/2023 0:00,8.3,20.16,21661344,HOBO,HOBO DO,copper,4
1322,7/30/2023 0:05,8.3,20.14,21661344,HOBO,HOBO DO,copper,4
1323,7/30/2023 0:10,8.32,20.16,21661344,HOBO,HOBO DO,copper,4
1324,7/30/2023 0:15,8.31,20.16,21661344,HOBO,HOBO DO,copper,4
1325,7/30/2023 0:20,8.3,20.16,21661344,HOBO,HOBO DO,copper,4
1326,7/30/2023 0:25,8.27,20.16,21661344,HOBO,HOBO DO,copper,4
1327,7/30/2023 0:30,8.22,20.16,21661344,HOBO,HOBO DO,copper,4
1328,7/30/2023 0:35,8.14,20.16,21661344,HOBO,HOBO DO,copper,4
1329,7/30/2023 0:40,8.09,20.16,21661344,HOBO,HOBO DO,copper,4
1330,7/30/2023 0:45,8.07,20.18,21661344,HOBO,HOBO DO,copper,4
1331,7/30/2023 0:50,8.1,20.18,21661344,HOBO,HOBO DO,copper,4
1332,7/30/2023 0:55,8.15,20.2,21661344,HOBO,HOBO DO,copper,4
1333,7/30/2023 1:00,8.21,20.18,21661344,HOBO,HOBO DO,copper,4
1334,7/30/2023 1:05,8.24,20.18,21661344,HOBO,HOBO DO,copper,4
1335,7/30/2023 1:10,8.25,20.18,21661344,HOBO,HOBO DO,copper,4
1336,7/30/2023 1:15,8.26,20.16,21661344,HOBO,HOBO DO,copper,4
1337,7/30/2023 1:20,8.31,20.16,21661344,HOBO,HOBO DO,copper,4
1338,7/30/2023 1:25,8.33,20.16,21661344,HOBO,HOBO DO,copper,4
1339,7/30/2023 1:30,8.33,20.16,21661344,HOBO,HOBO DO,copper,4
1340,7/30/2023 1:35,8.32,20.16,21661344,HOBO,HOBO DO,copper,4
1341,7/30/2023 1:40,8.33,20.18,21661344,HOBO,HOBO DO,copper,4
1342,7/30/2023 1:45,8.24,20.18,21661344,HOBO,HOBO DO,copper,4
1343,7/30/2023 1:50,8.15,20.18,21661344,HOBO,HOBO DO,copper,4
1344,7/30/2023 1:55,8.16,20.2,21661344,HOBO,HOBO DO,copper,4
1345,7/30/2023 2:00,8.21,20.2,21661344,HOBO,HOBO DO,copper,4
1346,7/30/2023 2:05,8.24,20.18,21661344,HOBO,HOBO DO,copper,4
1347,7/30/2023 2:10,8.27,20.18,21661344,HOBO,HOBO DO,copper,4
1348,7/30/2023 2:15,8.28,20.16,21661344,HOBO,HOBO DO,copper,4
1349,7/30/2023 2:20,8.32,20.16,21661344,HOBO,HOBO DO,copper,4
1350,7/30/2023 2:25,8.33,20.16,21661344,HOBO,HOBO DO,copper,4
1351,7/30/2023 2:30,8.35,20.16,21661344,HOBO,HOBO DO,copper,4
1352,7/30/2023 2:35,8.36,20.18,21661344,HOBO,HOBO DO,copper,4
1353,7/30/2023 2:40,8.35,20.18,21661344,HOBO,HOBO DO,copper,4
1354,7/30/2023 2:45,8.31,20.18,21661344,HOBO,HOBO DO,copper,4
1355,7/30/2023 2:50,8.23,20.2,21661344,HOBO,HOBO DO,copper,4
1356,7/30/2023 2:55,8.21,20.2,21661344,HOBO,HOBO DO,copper,4
1357,7/30/2023 3:00,8.21,20.2,21661344,HOBO,HOBO DO,copper,4
1358,7/30/2023 3:05,8.2,20.22,21661344,HOBO,HOBO DO,copper,4
1359,7/30/2023 3:10,8.17,20.22,21661344,HOBO,HOBO DO,copper,4
1360,7/30/2023 3:15,8.23,20.22,21661344,HOBO,HOBO DO,copper,4
1361,7/30/2023 3:20,8.26,20.22,21661344,HOBO,HOBO DO,copper,4
1362,7/30/2023 3:25,8.31,20.22,21661344,HOBO,HOBO DO,copper,4
1363,7/30/2023 3:30,8.32,20.22,21661344,HOBO,HOBO DO,copper,4
1364,7/30/2023 3:35,8.34,20.2,21661344,HOBO,HOBO DO,copper,4
1365,7/30/2023 3:40,8.37,20.2,21661344,HOBO,HOBO DO,copper,4
1366,7/30/2023 3:45,8.39,20.18,21661344,HOBO,HOBO DO,copper,4
1367,7/30/2023 3:50,8.41,20.18,21661344,HOBO,HOBO DO,copper,4
1368,7/30/2023 3:55,8.41,20.2,21661344,HOBO,HOBO DO,copper,4
1369,7/30/2023 4:00,8.39,20.2,21661344,HOBO,HOBO DO,copper,4
1370,7/30/2023 4:05,8.41,20.2,21661344,HOBO,HOBO DO,copper,4
1371,7/30/2023 4:10,8.34,20.2,21661344,HOBO,HOBO DO,copper,4
1372,7/30/2023 4:15,8.27,20.2,21661344,HOBO,HOBO DO,copper,4
1373,7/30/2023 4:20,8.25,20.22,21661344,HOBO,HOBO DO,copper,4
1374,7/30/2023 4:25,8.23,20.22,21661344,HOBO,HOBO DO,copper,4
1375,7/30/2023 4:30,8.24,20.22,21661344,HOBO,HOBO DO,copper,4
1376,7/30/2023 4:35,8.25,20.24,21661344,HOBO,HOBO DO,copper,4
1377,7/30/2023 4:40,8.28,20.24,21661344,HOBO,HOBO DO,copper,4
1378,7/30/2023 4:45,8.31,20.24,21661344,HOBO,HOBO DO,copper,4
1379,7/30/2023 4:50,8.34,20.22,21661344,HOBO,HOBO DO,copper,4
1380,7/30/2023 4:55,8.36,20.22,21661344,HOBO,HOBO DO,copper,4
1381,7/30/2023 5:00,8.37,20.2,21661344,HOBO,HOBO DO,copper,4
1382,7/30/2023 5:05,8.39,20.2,21661344,HOBO,HOBO DO,copper,4
1383,7/30/2023 5:10,8.42,20.2,21661344,HOBO,HOBO DO,copper,4
1384,7/30/2023 5:15,8.44,20.2,21661344,HOBO,HOBO DO,copper,4
1385,7/30/2023 5:20,8.43,20.2,21661344,HOBO,HOBO DO,copper,4
1386,7/30/2023 5:25,8.43,20.2,21661344,HOBO,HOBO DO,copper,4
1387,7/30/2023 5:30,8.43,20.2,21661344,HOBO,HOBO DO,copper,4
1388,7/30/2023 5:35,8.39,20.22,21661344,HOBO,HOBO DO,copper,4
1389,7/30/2023 5:40,8.33,20.22,21661344,HOBO,HOBO DO,copper,4
1390,7/30/2023 5:45,8.3,20.22,21661344,HOBO,HOBO DO,copper,4
1391,7/30/2023 5:50,8.27,20.22,21661344,HOBO,HOBO DO,copper,4
1392,7/30/2023 5:55,8.28,20.24,21661344,HOBO,HOBO DO,copper,4
1393,7/30/2023 6:00,8.3,20.24,21661344,HOBO,HOBO DO,copper,4
1394,7/30/2023 6:05,8.33,20.24,21661344,HOBO,HOBO DO,copper,4
1395,7/30/2023 6:10,8.36,20.22,21661344,HOBO,HOBO DO,copper,4
1396,7/30/2023 6:15,8.38,20.2,21661344,HOBO,HOBO DO,copper,4
1397,7/30/2023 6:20,8.43,20.2,21661344,HOBO,HOBO DO,copper,4
1398,7/30/2023 6:25,8.45,20.18,21661344,HOBO,HOBO DO,copper,4
1399,7/30/2023 6:30,8.46,20.18,21661344,HOBO,HOBO DO,copper,4
1400,7/30/2023 6:35,8.48,20.18,21661344,HOBO,HOBO DO,copper,4
1401,7/30/2023 6:40,8.47,20.18,21661344,HOBO,HOBO DO,copper,4
1402,7/30/2023 6:45,8.46,20.18,21661344,HOBO,HOBO DO,copper,4
1403,7/30/2023 6:50,8.46,20.2,21661344,HOBO,HOBO DO,copper,4
1404,7/30/2023 6:55,8.42,20.2,21661344,HOBO,HOBO DO,copper,4
1405,7/30/2023 7:00,8.37,20.2,21661344,HOBO,HOBO DO,copper,4
1406,7/30/2023 7:05,8.36,20.2,21661344,HOBO,HOBO DO,copper,4
1407,7/30/2023 7:10,8.33,20.2,21661344,HOBO,HOBO DO,copper,4
1408,7/30/2023 7:15,8.3,20.22,21661344,HOBO,HOBO DO,copper,4
1409,7/30/2023 7:20,8.33,20.22,21661344,HOBO,HOBO DO,copper,4
1410,7/30/2023 7:25,8.38,20.22,21661344,HOBO,HOBO DO,copper,4
1411,7/30/2023 7:30,8.39,20.2,21661344,HOBO,HOBO DO,copper,4
1412,7/30/2023 7:35,8.42,20.2,21661344,HOBO,HOBO DO,copper,4
1413,7/30/2023 7:40,8.45,20.18,21661344,HOBO,HOBO DO,copper,4
1414,7/30/2023 7:45,8.47,20.18,21661344,HOBO,HOBO DO,copper,4
1415,7/30/2023 7:50,8.49,20.18,21661344,HOBO,HOBO DO,copper,4
1416,7/30/2023 7:55,8.49,20.18,21661344,HOBO,HOBO DO,copper,4
1417,7/30/2023 8:00,8.49,20.18,21661344,HOBO,HOBO DO,copper,4
1418,7/30/2023 8:05,8.49,20.18,21661344,HOBO,HOBO DO,copper,4
1419,7/30/2023 8:10,8.48,20.18,21661344,HOBO,HOBO DO,copper,4
1420,7/30/2023 8:15,8.42,20.18,21661344,HOBO,HOBO DO,copper,4
1421,7/30/2023 8:20,8.36,20.2,21661344,HOBO,HOBO DO,copper,4
1422,7/30/2023 8:25,8.35,20.2,21661344,HOBO,HOBO DO,copper,4
1423,7/30/2023 8:30,8.35,20.2,21661344,HOBO,HOBO DO,copper,4
1424,7/30/2023 8:35,8.35,20.22,21661344,HOBO,HOBO DO,copper,4
1425,7/30/2023 8:40,8.35,20.22,21661344,HOBO,HOBO DO,copper,4
1426,7/30/2023 8:45,8.37,20.22,21661344,HOBO,HOBO DO,copper,4
1427,7/30/2023 8:50,8.43,20.22,21661344,HOBO,HOBO DO,copper,4
1428,7/30/2023 8:55,8.43,20.2,21661344,HOBO,HOBO DO,copper,4
1429,7/30/2023 9:00,8.46,20.2,21661344,HOBO,HOBO DO,copper,4
1430,7/30/2023 9:05,8.48,20.18,21661344,HOBO,HOBO DO,copper,4
1431,7/30/2023 9:10,8.5,20.18,21661344,HOBO,HOBO DO,copper,4
1432,7/30/2023 9:15,8.65,20.18,21661344,HOBO,HOBO DO,copper,4
1433,7/30/2023 9:20,8.93,21,21661344,HOBO,HOBO DO,copper,4
1434,7/30/2023 9:25,8.95,21.16,21661344,HOBO,HOBO DO,copper,4
1435,7/30/2023 9:30,8.84,21.5,21661344,HOBO,HOBO DO,copper,4
1436,7/30/2023 9:35,8.84,21.48,21661344,HOBO,HOBO DO,copper,4
1437,7/30/2023 9:40,8.84,21.44,21661344,HOBO,HOBO DO,copper,4
1438,7/30/2023 9:45,8.8,21.58,21661344,HOBO,HOBO DO,copper,4
1439,7/30/2023 9:50,8.8,21.58,21661344,HOBO,HOBO DO,copper,4
1440,7/30/2023 9:53,,,21661344,HOBO,HOBO DO,copper,4
1441,7/30/2023 9:53,,,21661344,HOBO,HOBO DO,copper,4
1442,7/30/2023 9:53,,,21661344,HOBO,HOBO DO,copper,4
