#,date_time,temp,mV_RAW,pH_RAW,serial,brand,model,treatment,day,pH1,mV,pH2
1,7/25/2023 10:00,49.11,198.94,3.62,21657438,HOBO,HOBO pH,control,4,6.029114,89.2357,5.438297165
2,7/25/2023 10:10,53.85,201.08,3.63,21657438,HOBO,HOBO pH,control,4,6.033111,90.1452,5.422380119
3,7/25/2023 10:20,56.42,202.6,3.63,21657438,HOBO,HOBO pH,control,4,6.033111,90.7912,5.411074554
4,7/25/2023 10:30,59.58,204.1,3.64,21657438,HOBO,HOBO pH,control,4,6.037108,91.4287,5.399917746
5,7/25/2023 10:40,62.49,204.69,3.66,21657438,HOBO,HOBO pH,control,4,6.045102,91.67945,5.395529401
6,7/25/2023 10:50,64.5,204.69,3.68,21657438,HOBO,HOBO pH,control,4,6.053096,91.67945,5.395529401
7,7/25/2023 11:00,40.49,-68.86,7.9,21657438,HOBO,HOBO pH,control,4,7.73983,-24.5793,7.430159258
8,7/25/2023 11:10,35.64,-72.53,7.98,21657438,HOBO,HOBO pH,control,4,7.771806,-26.13905,7.457456248
9,7/25/2023 11:20,35,-73.88,8,21657438,HOBO,HOBO pH,control,4,7.7798,-26.7128,7.467497375
10,7/25/2023 11:30,34.76,-74.74,8.02,21657438,HOBO,HOBO pH,control,4,7.787794,-27.0783,7.473893945
11,7/25/2023 11:40,34.73,-74.71,8.02,21657438,HOBO,HOBO pH,control,4,7.787794,-27.06555,7.473670809
12,7/25/2023 11:50,34.7,-75.22,8.03,21657438,HOBO,HOBO pH,control,4,7.791791,-27.2823,7.477464123
13,7/25/2023 12:00,34.84,-75.28,8.03,21657438,HOBO,HOBO pH,control,4,7.791791,-27.3078,7.477910396
14,7/25/2023 12:10,34.94,-75.39,8.03,21657438,HOBO,HOBO pH,control,4,7.791791,-27.35455,7.478728561
15,7/25/2023 12:20,35.02,-75.74,8.03,21657438,HOBO,HOBO pH,control,4,7.791791,-27.5033,7.481331817
16,7/25/2023 12:30,34.78,-74.5,8.01,21657438,HOBO,HOBO pH,control,4,7.783797,-26.9763,7.472108855
17,7/25/2023 12:40,34.65,-74.3,8.01,21657438,HOBO,HOBO pH,control,4,7.783797,-26.8913,7.470621281
18,7/25/2023 12:50,34.68,-74.56,8.01,21657438,HOBO,HOBO pH,control,4,7.783797,-27.0018,7.472555128
19,7/25/2023 13:00,34.62,-74.49,8.01,21657438,HOBO,HOBO pH,control,4,7.783797,-26.97205,7.472034477
20,7/25/2023 13:10,34.65,-74.56,8.01,21657438,HOBO,HOBO pH,control,4,7.783797,-27.0018,7.472555128
21,7/25/2023 13:20,34.65,-74.21,8.01,21657438,HOBO,HOBO pH,control,4,7.783797,-26.85305,7.469951873
22,7/25/2023 13:30,34.6,-73.83,8,21657438,HOBO,HOBO pH,control,4,7.7798,-26.69155,7.467125481
23,7/25/2023 13:40,34.73,-74.13,8.01,21657438,HOBO,HOBO pH,control,4,7.783797,-26.81905,7.469356843
24,7/25/2023 13:50,35,-75.42,8.03,21657438,HOBO,HOBO pH,control,4,7.791791,-27.3673,7.478951698
25,7/25/2023 14:00,35.16,-74.81,8.02,21657438,HOBO,HOBO pH,control,4,7.787794,-27.10805,7.474414596
26,7/25/2023 14:10,35.23,-75.02,8.02,21657438,HOBO,HOBO pH,control,4,7.787794,-27.1973,7.475976549
27,7/25/2023 14:20,35.31,-76.05,8.04,21657438,HOBO,HOBO pH,control,4,7.795788,-27.63505,7.483637557
28,7/25/2023 14:30,35.5,-76.49,8.04,21657438,HOBO,HOBO pH,control,4,7.795788,-27.82205,7.486910221
29,7/25/2023 14:40,35.61,-76.66,8.05,21657438,HOBO,HOBO pH,control,4,7.799785,-27.8943,7.488174659
30,7/25/2023 14:50,35.64,-76.11,8.04,21657438,HOBO,HOBO pH,control,4,7.795788,-27.66055,7.484083829
31,7/25/2023 15:00,35.74,-76.92,8.05,21657438,HOBO,HOBO pH,control,4,7.799785,-28.0048,7.490108505
32,7/25/2023 15:10,35.72,-76.78,8.05,21657438,HOBO,HOBO pH,control,4,7.799785,-27.9453,7.489067203
33,7/25/2023 15:20,35.77,-76.75,8.05,21657438,HOBO,HOBO pH,control,4,7.799785,-27.93255,7.488844067
34,7/25/2023 15:30,35.96,-77.83,8.06,21657438,HOBO,HOBO pH,control,4,7.803782,-28.39155,7.496876969
35,7/25/2023 15:40,36.07,-77.75,8.06,21657438,HOBO,HOBO pH,control,4,7.803782,-28.35755,7.496281939
36,7/25/2023 15:50,35.88,-76.83,8.05,21657438,HOBO,HOBO pH,control,4,7.799785,-27.96655,7.489439097
37,7/25/2023 16:00,35.96,-77.21,8.05,21657438,HOBO,HOBO pH,control,4,7.799785,-28.12805,7.492265488
38,7/25/2023 16:10,35.85,-77.02,8.05,21657438,HOBO,HOBO pH,control,4,7.799785,-28.0473,7.490852293
39,7/25/2023 16:20,35.77,-76.08,8.04,21657438,HOBO,HOBO pH,control,4,7.795788,-27.6478,7.483860693
40,7/25/2023 16:30,35.72,-76.58,8.04,21657438,HOBO,HOBO pH,control,4,7.795788,-27.8603,7.487579629
41,7/25/2023 16:40,35.69,-76.21,8.04,21657438,HOBO,HOBO pH,control,4,7.795788,-27.70305,7.484827616
42,7/25/2023 16:50,35.56,-76.02,8.04,21657438,HOBO,HOBO pH,control,4,7.795788,-27.6223,7.483414421
43,7/25/2023 17:00,35.48,-75.64,8.03,21657438,HOBO,HOBO pH,control,4,7.791791,-27.4608,7.480588029
44,7/25/2023 17:10,35.42,-75.28,8.02,21657438,HOBO,HOBO pH,control,4,7.787794,-27.3078,7.477910396
45,7/25/2023 17:20,35.37,-75.41,8.03,21657438,HOBO,HOBO pH,control,4,7.791791,-27.36305,7.478877319
46,7/25/2023 17:30,35.21,-74.69,8.01,21657438,HOBO,HOBO pH,control,4,7.783797,-27.05705,7.473522051
47,7/25/2023 17:40,35.31,-75.96,8.04,21657438,HOBO,HOBO pH,control,4,7.795788,-27.5968,7.482968148
48,7/25/2023 17:50,35,-73.49,8,21657438,HOBO,HOBO pH,control,4,7.7798,-26.54705,7.464596605
49,7/25/2023 18:00,34.92,-73.19,7.99,21657438,HOBO,HOBO pH,control,4,7.775803,-26.41955,7.462365243
50,7/25/2023 18:10,35.16,-75.08,8.02,21657438,HOBO,HOBO pH,control,4,7.787794,-27.2228,7.476422821
51,7/25/2023 18:20,35.13,-74.31,8.01,21657438,HOBO,HOBO pH,control,4,7.783797,-26.89555,7.47069566
52,7/25/2023 18:30,35.02,-73.81,8,21657438,HOBO,HOBO pH,control,4,7.7798,-26.68305,7.466976724
53,7/25/2023 18:40,35,-74.46,8.01,21657438,HOBO,HOBO pH,control,4,7.783797,-26.9593,7.471811341
54,7/25/2023 18:50,34.86,-72.97,7.99,21657438,HOBO,HOBO pH,control,4,7.775803,-26.32605,7.460728911
55,7/25/2023 19:00,34.7,-72.56,7.98,21657438,HOBO,HOBO pH,control,4,7.771806,-26.1518,7.457679384
56,7/25/2023 19:10,34.73,-74.56,8.01,21657438,HOBO,HOBO pH,control,4,7.783797,-27.0018,7.472555128
57,7/25/2023 19:20,34.62,-75.21,8.03,21657438,HOBO,HOBO pH,control,4,7.791791,-27.27805,7.477389744
58,7/25/2023 19:30,34.52,-74.02,8.01,21657438,HOBO,HOBO pH,control,4,7.783797,-26.7723,7.468538677
59,7/25/2023 19:40,34.26,-72.05,7.97,21657438,HOBO,HOBO pH,control,4,7.767809,-25.93505,7.453886069
60,7/25/2023 19:50,34.18,-70.71,7.95,21657438,HOBO,HOBO pH,control,4,7.759815,-25.36555,7.443919321
61,7/25/2023 20:00,34.04,-69.91,7.94,21657438,HOBO,HOBO pH,control,4,7.755818,-25.02555,7.437969023
62,7/25/2023 20:10,34.02,-69.74,7.94,21657438,HOBO,HOBO pH,control,4,7.755818,-24.9533,7.436704585
63,7/25/2023 20:20,33.97,-69.97,7.94,21657438,HOBO,HOBO pH,control,4,7.755818,-25.05105,7.438415296
64,7/25/2023 20:30,33.94,-71.78,7.97,21657438,HOBO,HOBO pH,control,4,7.767809,-25.8203,7.451877844
65,7/25/2023 20:40,33.86,-70.53,7.95,21657438,HOBO,HOBO pH,control,4,7.759815,-25.28905,7.442580504
66,7/25/2023 20:50,33.78,-70.05,7.94,21657438,HOBO,HOBO pH,control,4,7.755818,-25.08505,7.439010326
67,7/25/2023 21:00,33.73,-69.14,7.93,21657438,HOBO,HOBO pH,control,4,7.751821,-24.6983,7.432241862
68,7/25/2023 21:10,33.7,-69.27,7.93,21657438,HOBO,HOBO pH,control,4,7.751821,-24.75355,7.433208785
69,7/25/2023 21:20,33.68,-69.17,7.93,21657438,HOBO,HOBO pH,control,4,7.751821,-24.71105,7.432464998
70,7/25/2023 21:30,33.68,-69.31,7.93,21657438,HOBO,HOBO pH,control,4,7.751821,-24.77055,7.4335063
71,7/25/2023 21:40,33.73,-70.33,7.95,21657438,HOBO,HOBO pH,control,4,7.759815,-25.20405,7.44109293
72,7/25/2023 21:50,33.76,-70.47,7.95,21657438,HOBO,HOBO pH,control,4,7.759815,-25.26355,7.442134232
73,7/25/2023 22:00,33.76,-70.28,7.95,21657438,HOBO,HOBO pH,control,4,7.759815,-25.1828,7.440721036
74,7/25/2023 22:10,33.76,-71.27,7.96,21657438,HOBO,HOBO pH,control,4,7.763812,-25.60355,7.448084529
75,7/25/2023 22:20,33.76,-71.27,7.96,21657438,HOBO,HOBO pH,control,4,7.763812,-25.60355,7.448084529
76,7/25/2023 22:30,33.73,-71.05,7.96,21657438,HOBO,HOBO pH,control,4,7.763812,-25.51005,7.446448197
77,7/25/2023 22:40,33.68,-71.08,7.96,21657438,HOBO,HOBO pH,control,4,7.763812,-25.5228,7.446671334
78,7/25/2023 22:50,33.65,-71,7.96,21657438,HOBO,HOBO pH,control,4,7.763812,-25.4888,7.446076304
79,7/25/2023 23:00,33.63,-71.05,7.96,21657438,HOBO,HOBO pH,control,4,7.763812,-25.51005,7.446448197
80,7/25/2023 23:10,33.63,-70.89,7.96,21657438,HOBO,HOBO pH,control,4,7.763812,-25.44205,7.445258138
81,7/25/2023 23:20,33.63,-70.72,7.95,21657438,HOBO,HOBO pH,control,4,7.759815,-25.3698,7.4439937
82,7/25/2023 23:30,33.68,-69.89,7.94,21657438,HOBO,HOBO pH,control,4,7.755818,-25.01705,7.437820266
83,7/25/2023 23:40,33.73,-70.49,7.95,21657438,HOBO,HOBO pH,control,4,7.759815,-25.27205,7.442282989
84,7/25/2023 23:50,33.76,-71.36,7.96,21657438,HOBO,HOBO pH,control,4,7.763812,-25.6418,7.448753938
85,7/26/2023 0:00,33.76,-71.5,7.97,21657438,HOBO,HOBO pH,control,4,7.767809,-25.7013,7.44979524
86,7/26/2023 0:10,33.84,-70.61,7.95,21657438,HOBO,HOBO pH,control,4,7.759815,-25.32305,7.443175534
87,7/26/2023 0:20,33.86,-69.55,7.93,21657438,HOBO,HOBO pH,control,4,7.751821,-24.87255,7.43529139
88,7/26/2023 0:30,33.78,-69.36,7.93,21657438,HOBO,HOBO pH,control,4,7.751821,-24.7918,7.433878194
89,7/26/2023 0:40,33.63,-69.31,7.93,21657438,HOBO,HOBO pH,control,4,7.751821,-24.77055,7.4335063
90,7/26/2023 0:50,33.55,-69.31,7.93,21657438,HOBO,HOBO pH,control,4,7.751821,-24.77055,7.4335063
91,7/26/2023 1:00,33.57,-69.77,7.94,21657438,HOBO,HOBO pH,control,4,7.755818,-24.96605,7.436927721
92,7/26/2023 1:10,33.57,-70.53,7.95,21657438,HOBO,HOBO pH,control,4,7.759815,-25.28905,7.442580504
93,7/26/2023 1:20,33.52,-70.56,7.95,21657438,HOBO,HOBO pH,control,4,7.759815,-25.3018,7.44280364
94,7/26/2023 1:30,33.52,-70.41,7.95,21657438,HOBO,HOBO pH,control,4,7.759815,-25.23805,7.441687959
95,7/26/2023 1:40,33.5,-70.33,7.95,21657438,HOBO,HOBO pH,control,4,7.759815,-25.20405,7.44109293
96,7/26/2023 1:50,33.52,-68.81,7.92,21657438,HOBO,HOBO pH,control,4,7.747824,-24.55805,7.429787364
97,7/26/2023 2:00,33.47,-68.44,7.92,21657438,HOBO,HOBO pH,control,4,7.747824,-24.4008,7.427035352
98,7/26/2023 2:10,33.23,-72.11,7.98,21657438,HOBO,HOBO pH,control,4,7.771806,-25.96055,7.454332342
99,7/26/2023 2:20,33.05,-72.21,7.98,21657438,HOBO,HOBO pH,control,4,7.771806,-26.00305,7.455076129
100,7/26/2023 2:30,33.03,-71.77,7.97,21657438,HOBO,HOBO pH,control,4,7.767809,-25.81605,7.451803465
101,7/26/2023 2:40,32.98,-71.39,7.97,21657438,HOBO,HOBO pH,control,4,7.767809,-25.65455,7.448977074
102,7/26/2023 2:50,32.92,-71.16,7.96,21657438,HOBO,HOBO pH,control,4,7.763812,-25.5568,7.447266363
103,7/26/2023 3:00,32.9,-70.44,7.95,21657438,HOBO,HOBO pH,control,4,7.759815,-25.2508,7.441911096
104,7/26/2023 3:10,32.9,-70.25,7.95,21657438,HOBO,HOBO pH,control,4,7.759815,-25.17005,7.4404979
105,7/26/2023 3:20,32.9,-70.05,7.94,21657438,HOBO,HOBO pH,control,4,7.755818,-25.08505,7.439010326
106,7/26/2023 3:30,32.9,-69.78,7.94,21657438,HOBO,HOBO pH,control,4,7.755818,-24.9703,7.4370021
107,7/26/2023 3:40,32.9,-69.6,7.94,21657438,HOBO,HOBO pH,control,4,7.755818,-24.8938,7.435663283
108,7/26/2023 3:50,32.92,-69.05,7.93,21657438,HOBO,HOBO pH,control,4,7.751821,-24.66005,7.431572454
109,7/26/2023 4:00,32.9,-68.77,7.92,21657438,HOBO,HOBO pH,control,4,7.747824,-24.54105,7.429489849
110,7/26/2023 4:10,32.9,-68.3,7.92,21657438,HOBO,HOBO pH,control,4,7.747824,-24.3413,7.42599405
111,7/26/2023 4:20,32.9,-68.47,7.92,21657438,HOBO,HOBO pH,control,4,7.747824,-24.41355,7.427258488
112,7/26/2023 4:30,32.87,-68.22,7.91,21657438,HOBO,HOBO pH,control,4,7.743827,-24.3073,7.42539902
113,7/26/2023 4:40,32.87,-68.27,7.92,21657438,HOBO,HOBO pH,control,4,7.747824,-24.32855,7.425770914
114,7/26/2023 4:50,32.82,-68.28,7.92,21657438,HOBO,HOBO pH,control,4,7.747824,-24.3328,7.425845292
115,7/26/2023 5:00,32.82,-67.91,7.91,21657438,HOBO,HOBO pH,control,4,7.743827,-24.17555,7.42309328
116,7/26/2023 5:10,32.82,-67.78,7.91,21657438,HOBO,HOBO pH,control,4,7.743827,-24.1203,7.422126356
117,7/26/2023 5:20,32.85,-67.63,7.9,21657438,HOBO,HOBO pH,control,4,7.73983,-24.05655,7.421010676
118,7/26/2023 5:30,32.87,-67.81,7.91,21657438,HOBO,HOBO pH,control,4,7.743827,-24.13305,7.422349492
119,7/26/2023 5:40,32.9,-68.22,7.91,21657438,HOBO,HOBO pH,control,4,7.743827,-24.3073,7.42539902
120,7/26/2023 5:50,32.9,-68.14,7.91,21657438,HOBO,HOBO pH,control,4,7.743827,-24.2733,7.42480399
121,7/26/2023 6:00,32.87,-67.99,7.91,21657438,HOBO,HOBO pH,control,4,7.743827,-24.20955,7.423688309
122,7/26/2023 6:10,32.85,-67.85,7.91,21657438,HOBO,HOBO pH,control,4,7.743827,-24.15005,7.422647007
123,7/26/2023 6:20,32.9,-67.67,7.9,21657438,HOBO,HOBO pH,control,4,7.73983,-24.07355,7.42130819
124,7/26/2023 6:30,32.85,-67.52,7.9,21657438,HOBO,HOBO pH,control,4,7.73983,-24.0098,7.42019251
125,7/26/2023 6:40,32.85,-67.56,7.9,21657438,HOBO,HOBO pH,control,4,7.73983,-24.0268,7.420490025
126,7/26/2023 6:50,32.82,-67.19,7.9,21657438,HOBO,HOBO pH,control,4,7.73983,-23.86955,7.417738012
127,7/26/2023 7:00,32.85,-67.19,7.9,21657438,HOBO,HOBO pH,control,4,7.73983,-23.86955,7.417738012
128,7/26/2023 7:10,32.85,-67.3,7.9,21657438,HOBO,HOBO pH,control,4,7.73983,-23.9163,7.418556178
129,7/26/2023 7:20,32.87,-67.3,7.9,21657438,HOBO,HOBO pH,control,4,7.73983,-23.9163,7.418556178
130,7/26/2023 7:30,32.87,-67.3,7.9,21657438,HOBO,HOBO pH,control,4,7.73983,-23.9163,7.418556178
131,7/26/2023 7:40,32.9,-67.27,7.9,21657438,HOBO,HOBO pH,control,4,7.73983,-23.90355,7.418333042
132,7/26/2023 7:50,32.92,-67.28,7.9,21657438,HOBO,HOBO pH,control,4,7.73983,-23.9078,7.41840742
133,7/26/2023 8:00,32.98,-67.28,7.9,21657438,HOBO,HOBO pH,control,4,7.73983,-23.9078,7.41840742
134,7/26/2023 8:10,33.03,-67.19,7.9,21657438,HOBO,HOBO pH,control,4,7.73983,-23.86955,7.417738012
135,7/26/2023 8:20,33.03,-67.13,7.9,21657438,HOBO,HOBO pH,control,4,7.73983,-23.84405,7.41729174
136,7/26/2023 8:30,33.03,-67.14,7.9,21657438,HOBO,HOBO pH,control,4,7.73983,-23.8483,7.417366118
137,7/26/2023 8:40,33.03,-67.03,7.89,21657438,HOBO,HOBO pH,control,4,7.735833,-23.80155,7.416547952
138,7/26/2023 8:50,33.05,-66.99,7.89,21657438,HOBO,HOBO pH,control,4,7.735833,-23.78455,7.416250438
139,7/26/2023 9:00,33.21,-67.19,7.9,21657438,HOBO,HOBO pH,control,4,7.73983,-23.86955,7.417738012
140,7/26/2023 9:10,33.26,-67.11,7.89,21657438,HOBO,HOBO pH,control,4,7.735833,-23.83555,7.417142982
141,7/26/2023 9:20,33.34,-67.22,7.9,21657438,HOBO,HOBO pH,control,4,7.73983,-23.8823,7.417961148
142,7/26/2023 9:30,33.42,-67.31,7.9,21657438,HOBO,HOBO pH,control,4,7.73983,-23.92055,7.418630557
143,7/26/2023 9:40,33.42,-67.46,7.9,21657438,HOBO,HOBO pH,control,4,7.73983,-23.9843,7.419746237
144,7/26/2023 9:50,33.44,-67.55,7.9,21657438,HOBO,HOBO pH,control,4,7.73983,-24.02255,7.420415646
145,7/26/2023 10:00,33.57,-67.94,7.91,21657438,HOBO,HOBO pH,control,4,7.743827,-24.1883,7.423316416
146,7/26/2023 10:10,33.7,-68.11,7.91,21657438,HOBO,HOBO pH,control,4,7.743827,-24.26055,7.424580854
147,7/26/2023 10:20,33.81,-68.25,7.91,21657438,HOBO,HOBO pH,control,4,7.743827,-24.32005,7.425622156
148,7/26/2023 10:30,33.86,-68.08,7.91,21657438,HOBO,HOBO pH,control,4,7.743827,-24.2478,7.424357718
149,7/26/2023 10:40,33.97,-68.24,7.91,21657438,HOBO,HOBO pH,control,4,7.743827,-24.3158,7.425547777
150,7/26/2023 10:50,34.04,-68.91,7.92,21657438,HOBO,HOBO pH,control,4,7.747824,-24.60055,7.430531152
151,7/26/2023 11:00,34.1,-69.08,7.92,21657438,HOBO,HOBO pH,control,4,7.747824,-24.6728,7.43179559
152,7/26/2023 11:10,34.1,-69.02,7.92,21657438,HOBO,HOBO pH,control,4,7.747824,-24.6473,7.431349317
153,7/26/2023 11:20,34.15,-69.35,7.93,21657438,HOBO,HOBO pH,control,4,7.751821,-24.78755,7.433803815
154,7/26/2023 11:30,34.33,-69.75,7.94,21657438,HOBO,HOBO pH,control,4,7.755818,-24.95755,7.436778964
155,7/26/2023 11:40,34.39,-69.83,7.94,21657438,HOBO,HOBO pH,control,4,7.755818,-24.99155,7.437373994
156,7/26/2023 11:50,34.36,-70.16,7.94,21657438,HOBO,HOBO pH,control,4,7.755818,-25.1318,7.439828491
157,7/26/2023 12:00,34.33,-70.3,7.94,21657438,HOBO,HOBO pH,control,4,7.755818,-25.1913,7.440869793
158,7/26/2023 12:10,34.31,-70.52,7.95,21657438,HOBO,HOBO pH,control,4,7.759815,-25.2848,7.442506125
159,7/26/2023 12:20,34.36,-70.44,7.95,21657438,HOBO,HOBO pH,control,4,7.759815,-25.2508,7.441911096
160,7/26/2023 12:30,34.41,-70.33,7.94,21657438,HOBO,HOBO pH,control,4,7.755818,-25.20405,7.44109293
161,7/26/2023 12:40,34.49,-70.42,7.95,21657438,HOBO,HOBO pH,control,4,7.759815,-25.2423,7.441762338
162,7/26/2023 12:50,34.73,-70.85,7.95,21657438,HOBO,HOBO pH,control,4,7.759815,-25.42505,7.444960623
163,7/26/2023 13:00,34.94,-71.52,7.96,21657438,HOBO,HOBO pH,control,4,7.763812,-25.7098,7.449943997
164,7/26/2023 13:10,35.1,-72.46,7.98,21657438,HOBO,HOBO pH,control,4,7.771806,-26.1093,7.456935597
165,7/26/2023 13:20,35.23,-72.85,7.98,21657438,HOBO,HOBO pH,control,4,7.771806,-26.27505,7.459836367
166,7/26/2023 13:30,35.31,-72.67,7.98,21657438,HOBO,HOBO pH,control,4,7.771806,-26.19855,7.45849755
167,7/26/2023 13:40,35.45,-73.27,7.99,21657438,HOBO,HOBO pH,control,4,7.775803,-26.45355,7.462960273
168,7/26/2023 13:50,35.56,-73.58,8,21657438,HOBO,HOBO pH,control,4,7.7798,-26.5853,7.465266013
169,7/26/2023 14:00,35.61,-73.52,7.99,21657438,HOBO,HOBO pH,control,4,7.775803,-26.5598,7.464819741
170,7/26/2023 14:10,35.72,-73.67,8,21657438,HOBO,HOBO pH,control,4,7.7798,-26.62355,7.465935422
171,7/26/2023 14:20,35.8,-73.96,8,21657438,HOBO,HOBO pH,control,4,7.7798,-26.7468,7.468092405
172,7/26/2023 14:30,35.8,-73.96,8,21657438,HOBO,HOBO pH,control,4,7.7798,-26.7468,7.468092405
173,7/26/2023 14:40,35.88,-73.63,8,21657438,HOBO,HOBO pH,control,4,7.7798,-26.60655,7.465637907
174,7/26/2023 14:50,35.88,-74,8,21657438,HOBO,HOBO pH,control,4,7.7798,-26.7638,7.468389919
175,7/26/2023 15:00,35.93,-74.13,8,21657438,HOBO,HOBO pH,control,4,7.7798,-26.81905,7.469356843
176,7/26/2023 15:10,35.98,-74.85,8.01,21657438,HOBO,HOBO pH,control,4,7.783797,-27.12505,7.474712111
177,7/26/2023 15:20,35.9,-74.86,8.02,21657438,HOBO,HOBO pH,control,4,7.787794,-27.1293,7.474786489
178,7/26/2023 15:30,35.88,-74.97,8.02,21657438,HOBO,HOBO pH,control,4,7.787794,-27.17605,7.475604655
179,7/26/2023 15:40,35.96,-75.28,8.02,21657438,HOBO,HOBO pH,control,4,7.787794,-27.3078,7.477910396
180,7/26/2023 15:50,35.88,-75.33,8.02,21657438,HOBO,HOBO pH,control,4,7.787794,-27.32905,7.478282289
181,7/26/2023 16:00,35.88,-75.36,8.02,21657438,HOBO,HOBO pH,control,4,7.787794,-27.3418,7.478505425
182,7/26/2023 16:10,35.82,-75.28,8.02,21657438,HOBO,HOBO pH,control,4,7.787794,-27.3078,7.477910396
183,7/26/2023 16:20,35.82,-75.27,8.02,21657438,HOBO,HOBO pH,control,4,7.787794,-27.30355,7.477836017
184,7/26/2023 16:30,35.69,-75.21,8.02,21657438,HOBO,HOBO pH,control,4,7.787794,-27.27805,7.477389744
185,7/26/2023 16:40,35.56,-75.16,8.02,21657438,HOBO,HOBO pH,control,4,7.787794,-27.2568,7.477017851
186,7/26/2023 16:50,35.5,-75.17,8.02,21657438,HOBO,HOBO pH,control,4,7.787794,-27.26105,7.47709223
187,7/26/2023 17:00,35.34,-75,8.02,21657438,HOBO,HOBO pH,control,4,7.787794,-27.1888,7.475827791
188,7/26/2023 17:10,35.34,-75.69,8.03,21657438,HOBO,HOBO pH,control,4,7.791791,-27.48205,7.480959923
189,7/26/2023 17:20,35.39,-75.74,8.03,21657438,HOBO,HOBO pH,control,4,7.791791,-27.5033,7.481331817
190,7/26/2023 17:30,35.26,-75.46,8.03,21657438,HOBO,HOBO pH,control,4,7.791791,-27.3843,7.479249212
191,7/26/2023 17:40,35.13,-75.38,8.03,21657438,HOBO,HOBO pH,control,4,7.791791,-27.3503,7.478654183
192,7/26/2023 17:50,34.97,-75.3,8.03,21657438,HOBO,HOBO pH,control,4,7.791791,-27.3163,7.478059153
193,7/26/2023 18:00,34.73,-74.75,8.02,21657438,HOBO,HOBO pH,control,4,7.787794,-27.08255,7.473968323
194,7/26/2023 18:10,34.6,-74.83,8.02,21657438,HOBO,HOBO pH,control,4,7.787794,-27.11655,7.474563353
195,7/26/2023 18:20,34.55,-74.97,8.02,21657438,HOBO,HOBO pH,control,4,7.787794,-27.17605,7.475604655
196,7/26/2023 18:30,34.44,-74.71,8.02,21657438,HOBO,HOBO pH,control,4,7.787794,-27.06555,7.473670809
197,7/26/2023 18:40,34.33,-74.67,8.02,21657438,HOBO,HOBO pH,control,4,7.787794,-27.04855,7.473373294
198,7/26/2023 18:50,34.31,-74.6,8.02,21657438,HOBO,HOBO pH,control,4,7.787794,-27.0188,7.472852643
199,7/26/2023 19:00,34.23,-74.41,8.01,21657438,HOBO,HOBO pH,control,4,7.783797,-26.93805,7.471439447
200,7/26/2023 19:10,34.04,-74.17,8.01,21657438,HOBO,HOBO pH,control,4,7.783797,-26.83605,7.469654358
201,7/26/2023 19:20,33.94,-74.03,8.01,21657438,HOBO,HOBO pH,control,4,7.783797,-26.77655,7.468613056
202,7/26/2023 19:30,33.84,-73.53,8,21657438,HOBO,HOBO pH,control,4,7.7798,-26.56405,7.46489412
203,7/26/2023 19:40,33.7,-73.14,7.99,21657438,HOBO,HOBO pH,control,4,7.775803,-26.3983,7.46199335
204,7/26/2023 19:50,33.6,-72.85,7.99,21657438,HOBO,HOBO pH,control,4,7.775803,-26.27505,7.459836367
205,7/26/2023 20:00,33.52,-72.74,7.99,21657438,HOBO,HOBO pH,control,4,7.775803,-26.2283,7.459018201
206,7/26/2023 20:10,33.44,-72.53,7.98,21657438,HOBO,HOBO pH,control,4,7.771806,-26.13905,7.457456248
207,7/26/2023 20:20,33.42,-72.38,7.98,21657438,HOBO,HOBO pH,control,4,7.771806,-26.0753,7.456340567
208,7/26/2023 20:30,33.34,-72.21,7.98,21657438,HOBO,HOBO pH,control,4,7.771806,-26.00305,7.455076129
209,7/26/2023 20:40,33.31,-72.25,7.98,21657438,HOBO,HOBO pH,control,4,7.771806,-26.02005,7.455373644
210,7/26/2023 20:50,33.16,-70.81,7.96,21657438,HOBO,HOBO pH,control,4,7.763812,-25.40805,7.444663108
211,7/26/2023 21:00,33.08,-69.88,7.94,21657438,HOBO,HOBO pH,control,4,7.755818,-25.0128,7.437745887
212,7/26/2023 21:10,33,-69.05,7.93,21657438,HOBO,HOBO pH,control,4,7.751821,-24.66005,7.431572454
213,7/26/2023 21:20,32.95,-68.71,7.92,21657438,HOBO,HOBO pH,control,4,7.747824,-24.51555,7.429043577
214,7/26/2023 21:30,32.95,-68.16,7.91,21657438,HOBO,HOBO pH,control,4,7.743827,-24.2818,7.424952748
215,7/26/2023 21:40,32.92,-68.41,7.92,21657438,HOBO,HOBO pH,control,4,7.747824,-24.38805,7.426812216
216,7/26/2023 21:50,32.95,-68.41,7.92,21657438,HOBO,HOBO pH,control,4,7.747824,-24.38805,7.426812216
217,7/26/2023 22:00,32.95,-68.5,7.92,21657438,HOBO,HOBO pH,control,4,7.747824,-24.4263,7.427481624
218,7/26/2023 22:10,32.98,-68.58,7.92,21657438,HOBO,HOBO pH,control,4,7.747824,-24.4603,7.428076654
219,7/26/2023 22:20,33.03,-68.88,7.92,21657438,HOBO,HOBO pH,control,4,7.747824,-24.5878,7.430308015
220,7/26/2023 22:30,33.16,-69.64,7.94,21657438,HOBO,HOBO pH,control,4,7.755818,-24.9108,7.435960798
221,7/26/2023 22:40,33.11,-69.03,7.93,21657438,HOBO,HOBO pH,control,4,7.751821,-24.65155,7.431423696
222,7/26/2023 22:50,33.16,-69.19,7.93,21657438,HOBO,HOBO pH,control,4,7.751821,-24.71955,7.432613756
223,7/26/2023 23:00,33.11,-68.81,7.92,21657438,HOBO,HOBO pH,control,4,7.747824,-24.55805,7.429787364
224,7/26/2023 23:10,33.11,-68.31,7.92,21657438,HOBO,HOBO pH,control,4,7.747824,-24.34555,7.426068428
225,7/26/2023 23:20,33.16,-68.24,7.91,21657438,HOBO,HOBO pH,control,4,7.743827,-24.3158,7.425547777
226,7/26/2023 23:30,33.18,-67.81,7.91,21657438,HOBO,HOBO pH,control,4,7.743827,-24.13305,7.422349492
227,7/26/2023 23:40,33.21,-67.69,7.9,21657438,HOBO,HOBO pH,control,4,7.73983,-24.08205,7.421456948
228,7/26/2023 23:50,33.21,-67.39,7.9,21657438,HOBO,HOBO pH,control,4,7.73983,-23.95455,7.419225586
229,7/27/2023 0:00,33.21,-67.11,7.89,21657438,HOBO,HOBO pH,control,4,7.735833,-23.83555,7.417142982
230,7/27/2023 0:10,33.31,-66.67,7.89,21657438,HOBO,HOBO pH,control,4,7.735833,-23.64855,7.413870319
231,7/27/2023 0:20,33.26,-66.69,7.89,21657438,HOBO,HOBO pH,control,4,7.735833,-23.65705,7.414019076
232,7/27/2023 0:30,33.26,-66.08,7.88,21657438,HOBO,HOBO pH,control,4,7.731836,-23.3978,7.409481974
233,7/27/2023 0:40,33.26,-66,7.88,21657438,HOBO,HOBO pH,control,4,7.731836,-23.3638,7.408886944
234,7/27/2023 0:50,33.26,-65.74,7.87,21657438,HOBO,HOBO pH,control,4,7.727839,-23.2533,7.406953098
235,7/27/2023 1:00,33.23,-65.67,7.87,21657438,HOBO,HOBO pH,control,4,7.727839,-23.22355,7.406432447
236,7/27/2023 1:10,33.23,-66.08,7.88,21657438,HOBO,HOBO pH,control,4,7.731836,-23.3978,7.409481974
237,7/27/2023 1:20,33.21,-66.52,7.88,21657438,HOBO,HOBO pH,control,4,7.731836,-23.5848,7.412754638
238,7/27/2023 1:30,33.21,-66.44,7.88,21657438,HOBO,HOBO pH,control,4,7.731836,-23.5508,7.412159608
239,7/27/2023 1:40,33.21,-66.77,7.89,21657438,HOBO,HOBO pH,control,4,7.735833,-23.69105,7.414614106
240,7/27/2023 1:50,33.18,-66.66,7.89,21657438,HOBO,HOBO pH,control,4,7.735833,-23.6443,7.41379594
241,7/27/2023 2:00,33.13,-65.27,7.86,21657438,HOBO,HOBO pH,control,4,7.723842,-23.05355,7.403457298
242,7/27/2023 2:10,33.16,-66.35,7.88,21657438,HOBO,HOBO pH,control,4,7.731836,-23.51255,7.4114902
243,7/27/2023 2:20,33.23,-66.11,7.88,21657438,HOBO,HOBO pH,control,4,7.731836,-23.41055,7.40970511
244,7/27/2023 2:30,33.23,-65.71,7.87,21657438,HOBO,HOBO pH,control,4,7.727839,-23.24055,7.406729961
245,7/27/2023 2:40,33.29,-65.44,7.87,21657438,HOBO,HOBO pH,control,4,7.727839,-23.1258,7.404721736
246,7/27/2023 2:50,33.31,-65.27,7.86,21657438,HOBO,HOBO pH,control,4,7.723842,-23.05355,7.403457298
247,7/27/2023 3:00,33.34,-64.66,7.85,21657438,HOBO,HOBO pH,control,4,7.719845,-22.7943,7.398920196
248,7/27/2023 3:10,33.34,-64.74,7.85,21657438,HOBO,HOBO pH,control,4,7.719845,-22.8283,7.399515226
249,7/27/2023 3:20,33.37,-65.02,7.86,21657438,HOBO,HOBO pH,control,4,7.723842,-22.9473,7.40159783
250,7/27/2023 3:30,33.37,-65.39,7.87,21657438,HOBO,HOBO pH,control,4,7.727839,-23.10455,7.404349842
251,7/27/2023 3:40,33.34,-65.78,7.87,21657438,HOBO,HOBO pH,control,4,7.727839,-23.2703,7.407250613
252,7/27/2023 3:50,33.34,-65.58,7.87,21657438,HOBO,HOBO pH,control,4,7.727839,-23.1853,7.405763038
253,7/27/2023 4:00,33.34,-65.61,7.87,21657438,HOBO,HOBO pH,control,4,7.727839,-23.19805,7.405986174
254,7/27/2023 4:10,33.31,-66.14,7.88,21657438,HOBO,HOBO pH,control,4,7.731836,-23.4233,7.409928246
255,7/27/2023 4:20,33.29,-66.42,7.88,21657438,HOBO,HOBO pH,control,4,7.731836,-23.5423,7.412010851
256,7/27/2023 4:30,33.26,-66.22,7.88,21657438,HOBO,HOBO pH,control,4,7.731836,-23.4573,7.410523276
257,7/27/2023 4:40,33.16,-65.8,7.87,21657438,HOBO,HOBO pH,control,4,7.727839,-23.2788,7.40739937
258,7/27/2023 4:50,32.98,-65.11,7.86,21657438,HOBO,HOBO pH,control,4,7.723842,-22.98555,7.402267238
259,7/27/2023 5:00,32.87,-65.21,7.86,21657438,HOBO,HOBO pH,control,4,7.723842,-23.02805,7.403011026
260,7/27/2023 5:10,32.74,-65.25,7.86,21657438,HOBO,HOBO pH,control,4,7.723842,-23.04505,7.40330854
261,7/27/2023 5:20,32.69,-65.78,7.87,21657438,HOBO,HOBO pH,control,4,7.727839,-23.2703,7.407250613
262,7/27/2023 5:30,32.61,-65.56,7.87,21657438,HOBO,HOBO pH,control,4,7.727839,-23.1768,7.405614281
263,7/27/2023 5:40,32.54,-65.3,7.87,21657438,HOBO,HOBO pH,control,4,7.727839,-23.0663,7.403680434
264,7/27/2023 5:50,32.36,-64.3,7.85,21657438,HOBO,HOBO pH,control,4,7.719845,-22.6413,7.396242562
265,7/27/2023 6:00,32.23,-63.61,7.84,21657438,HOBO,HOBO pH,control,4,7.715848,-22.34805,7.391110431
266,7/27/2023 6:10,32.1,-63.36,7.83,21657438,HOBO,HOBO pH,control,4,7.711851,-22.2418,7.389250963
267,7/27/2023 6:20,31.94,-62.6,7.82,21657438,HOBO,HOBO pH,control,4,7.707854,-21.9188,7.38359818
268,7/27/2023 6:30,31.82,-62.33,7.82,21657438,HOBO,HOBO pH,control,4,7.707854,-21.80405,7.381589954
269,7/27/2023 6:40,31.71,-61.6,7.81,21657438,HOBO,HOBO pH,control,4,7.703857,-21.4938,7.376160308
270,7/27/2023 6:50,31.66,-60.42,7.79,21657438,HOBO,HOBO pH,control,4,7.695863,-20.9923,7.367383619
271,7/27/2023 7:00,31.59,-58.74,7.76,21657438,HOBO,HOBO pH,control,4,7.683872,-20.2783,7.354887994
272,7/27/2023 7:10,31.56,-58.81,7.76,21657438,HOBO,HOBO pH,control,4,7.683872,-20.30805,7.355408645
273,7/27/2023 7:20,31.66,-60.06,7.78,21657438,HOBO,HOBO pH,control,4,7.691866,-20.8393,7.364705985
274,7/27/2023 7:30,31.77,-60.06,7.78,21657438,HOBO,HOBO pH,control,4,7.691866,-20.8393,7.364705985
275,7/27/2023 7:40,31.97,-61.14,7.8,21657438,HOBO,HOBO pH,control,4,7.69986,-21.2983,7.372738887
276,7/27/2023 7:50,32.15,-61.25,7.8,21657438,HOBO,HOBO pH,control,4,7.69986,-21.34505,7.373557053
277,7/27/2023 8:00,32.33,-61.74,7.81,21657438,HOBO,HOBO pH,control,4,7.703857,-21.5533,7.37720161
278,7/27/2023 8:10,32.48,-62.69,7.82,21657438,HOBO,HOBO pH,control,4,7.707854,-21.95705,7.384267588
279,7/27/2023 8:20,32.61,-63.53,7.84,21657438,HOBO,HOBO pH,control,4,7.715848,-22.31405,7.390515401
280,7/27/2023 8:30,32.77,-64.46,7.85,21657438,HOBO,HOBO pH,control,4,7.719845,-22.7093,7.397432622
281,7/27/2023 8:40,32.9,-65.1,7.86,21657438,HOBO,HOBO pH,control,4,7.723842,-22.9813,7.40219286
282,7/27/2023 8:50,33.03,-65.67,7.87,21657438,HOBO,HOBO pH,control,4,7.727839,-23.22355,7.406432447
283,7/27/2023 9:00,33.18,-66.22,7.88,21657438,HOBO,HOBO pH,control,4,7.731836,-23.4573,7.410523276
284,7/27/2023 9:10,33.29,-66.6,7.89,21657438,HOBO,HOBO pH,control,4,7.735833,-23.6188,7.413349667
285,7/27/2023 9:20,33.42,-66.94,7.89,21657438,HOBO,HOBO pH,control,4,7.735833,-23.7633,7.415878544
286,7/27/2023 9:30,33.55,-67.49,7.9,21657438,HOBO,HOBO pH,control,4,7.73983,-23.99705,7.419969373
287,7/27/2023 9:40,33.68,-67.75,7.9,21657438,HOBO,HOBO pH,control,4,7.73983,-24.10755,7.42190322
288,7/27/2023 9:50,33.81,-68.1,7.91,21657438,HOBO,HOBO pH,control,4,7.743827,-24.2563,7.424506475
289,7/27/2023 10:00,33.91,-68.39,7.91,21657438,HOBO,HOBO pH,control,4,7.743827,-24.37955,7.426663458
290,7/27/2023 10:10,34.02,-68.72,7.92,21657438,HOBO,HOBO pH,control,4,7.747824,-24.5198,7.429117956
291,7/27/2023 10:20,34.12,-68.92,7.92,21657438,HOBO,HOBO pH,control,4,7.747824,-24.6048,7.43060553
292,7/27/2023 10:30,34.2,-69.05,7.92,21657438,HOBO,HOBO pH,control,4,7.747824,-24.66005,7.431572454
293,7/27/2023 10:40,34.28,-69.3,7.93,21657438,HOBO,HOBO pH,control,4,7.751821,-24.7663,7.433431922
294,7/27/2023 10:50,34.33,-69.39,7.93,21657438,HOBO,HOBO pH,control,4,7.751821,-24.80455,7.43410133
295,7/27/2023 11:00,34.36,-69.53,7.93,21657438,HOBO,HOBO pH,control,4,7.751821,-24.86405,7.435142632
296,7/27/2023 11:10,34.41,-69.71,7.93,21657438,HOBO,HOBO pH,control,4,7.751821,-24.94055,7.436481449
297,7/27/2023 11:20,34.55,-70.35,7.94,21657438,HOBO,HOBO pH,control,4,7.755818,-25.21255,7.441241687
298,7/27/2023 11:30,34.7,-70.99,7.95,21657438,HOBO,HOBO pH,control,4,7.759815,-25.48455,7.446001925
299,7/27/2023 11:40,34.76,-70.89,7.95,21657438,HOBO,HOBO pH,control,4,7.759815,-25.44205,7.445258138
300,7/27/2023 11:50,34.7,-70.86,7.95,21657438,HOBO,HOBO pH,control,4,7.759815,-25.4293,7.445035002
301,7/27/2023 12:00,34.57,-70.58,7.95,21657438,HOBO,HOBO pH,control,4,7.759815,-25.3103,7.442952398
302,7/27/2023 12:10,34.68,-71.28,7.96,21657438,HOBO,HOBO pH,control,4,7.763812,-25.6078,7.448158908
303,7/27/2023 12:20,34.81,-71.88,7.97,21657438,HOBO,HOBO pH,control,4,7.767809,-25.8628,7.452621631
304,7/27/2023 12:30,34.94,-72.35,7.98,21657438,HOBO,HOBO pH,control,4,7.771806,-26.06255,7.456117431
305,7/27/2023 12:40,35.05,-72.5,7.98,21657438,HOBO,HOBO pH,control,4,7.771806,-26.1263,7.457233112
306,7/27/2023 12:50,35.18,-72.81,7.98,21657438,HOBO,HOBO pH,control,4,7.771806,-26.25805,7.459538852
307,7/27/2023 13:00,35.21,-72.89,7.99,21657438,HOBO,HOBO pH,control,4,7.775803,-26.29205,7.460133882
308,7/27/2023 13:10,35.39,-73.46,7.99,21657438,HOBO,HOBO pH,control,4,7.775803,-26.5343,7.464373469
309,7/27/2023 13:20,35.61,-74.47,8.01,21657438,HOBO,HOBO pH,control,4,7.783797,-26.96355,7.471885719
310,7/27/2023 13:30,35.9,-75.08,8.02,21657438,HOBO,HOBO pH,control,4,7.787794,-27.2228,7.476422821
311,7/27/2023 13:40,36.07,-75.1,8.02,21657438,HOBO,HOBO pH,control,4,7.787794,-27.2313,7.476571579
312,7/27/2023 13:50,36.15,-75.38,8.02,21657438,HOBO,HOBO pH,control,4,7.787794,-27.3503,7.478654183
313,7/27/2023 14:00,36.23,-75.72,8.03,21657438,HOBO,HOBO pH,control,4,7.791791,-27.4948,7.481183059
314,7/27/2023 14:10,36.12,-76.05,8.03,21657438,HOBO,HOBO pH,control,4,7.791791,-27.63505,7.483637557
315,7/27/2023 14:20,35.93,-75.56,8.03,21657438,HOBO,HOBO pH,control,4,7.791791,-27.4268,7.479993
316,7/27/2023 14:30,35.82,-75.71,8.03,21657438,HOBO,HOBO pH,control,4,7.791791,-27.49055,7.48110868
317,7/27/2023 14:40,35.72,-75.16,8.02,21657438,HOBO,HOBO pH,control,4,7.787794,-27.2568,7.477017851
318,7/27/2023 14:50,35.45,-74.28,8.01,21657438,HOBO,HOBO pH,control,4,7.783797,-26.8828,7.470472524
319,7/27/2023 15:00,35.29,-74.19,8.01,21657438,HOBO,HOBO pH,control,4,7.783797,-26.84455,7.469803115
320,7/27/2023 15:10,35.1,-73.58,8,21657438,HOBO,HOBO pH,control,4,7.7798,-26.5853,7.465266013
321,7/27/2023 15:20,34.89,-73.31,7.99,21657438,HOBO,HOBO pH,control,4,7.775803,-26.47055,7.463257788
322,7/27/2023 15:30,34.86,-73.36,7.99,21657438,HOBO,HOBO pH,control,4,7.775803,-26.4918,7.463629681
323,7/27/2023 15:40,34.73,-73.3,7.99,21657438,HOBO,HOBO pH,control,4,7.775803,-26.4663,7.463183409
324,7/27/2023 15:50,34.7,-73.24,7.99,21657438,HOBO,HOBO pH,control,4,7.775803,-26.4408,7.462737137
325,7/27/2023 16:00,34.6,-72.97,7.99,21657438,HOBO,HOBO pH,control,4,7.775803,-26.32605,7.460728911
326,7/27/2023 16:10,34.55,-73.02,7.99,21657438,HOBO,HOBO pH,control,4,7.775803,-26.3473,7.461100805
327,7/27/2023 16:20,34.44,-73.06,7.99,21657438,HOBO,HOBO pH,control,4,7.775803,-26.3643,7.46139832
328,7/27/2023 16:30,34.39,-72.83,7.99,21657438,HOBO,HOBO pH,control,4,7.775803,-26.26655,7.459687609
329,7/27/2023 16:40,34.33,-72.67,7.98,21657438,HOBO,HOBO pH,control,4,7.771806,-26.19855,7.45849755
330,7/27/2023 16:50,34.33,-72.77,7.99,21657438,HOBO,HOBO pH,control,4,7.775803,-26.24105,7.459241337
331,7/27/2023 17:00,34.26,-72.69,7.98,21657438,HOBO,HOBO pH,control,4,7.771806,-26.20705,7.458646307
332,7/27/2023 17:10,34.2,-72.28,7.98,21657438,HOBO,HOBO pH,control,4,7.771806,-26.0328,7.45559678
333,7/27/2023 17:20,34.18,-72.3,7.98,21657438,HOBO,HOBO pH,control,4,7.771806,-26.0413,7.455745537
334,7/27/2023 17:30,34.12,-72.22,7.98,21657438,HOBO,HOBO pH,control,4,7.771806,-26.0073,7.455150508
335,7/27/2023 17:40,34.07,-72.27,7.98,21657438,HOBO,HOBO pH,control,4,7.771806,-26.02855,7.455522401
336,7/27/2023 17:50,34.04,-72.14,7.98,21657438,HOBO,HOBO pH,control,4,7.771806,-25.9733,7.454555478
337,7/27/2023 18:00,33.99,-71.86,7.97,21657438,HOBO,HOBO pH,control,4,7.767809,-25.8543,7.452472874
338,7/27/2023 18:10,33.94,-71.78,7.97,21657438,HOBO,HOBO pH,control,4,7.767809,-25.8203,7.451877844
339,7/27/2023 18:20,33.86,-71.63,7.97,21657438,HOBO,HOBO pH,control,4,7.767809,-25.75655,7.450762163
340,7/27/2023 18:30,33.81,-71.49,7.97,21657438,HOBO,HOBO pH,control,4,7.767809,-25.69705,7.449720861
341,7/27/2023 18:40,33.78,-71.33,7.96,21657438,HOBO,HOBO pH,control,4,7.763812,-25.62905,7.448530802
342,7/27/2023 18:50,33.68,-71.13,7.96,21657438,HOBO,HOBO pH,control,4,7.763812,-25.54405,7.447043227
343,7/27/2023 19:00,33.6,-70.88,7.96,21657438,HOBO,HOBO pH,control,4,7.763812,-25.4378,7.445183759
344,7/27/2023 19:10,33.52,-70.69,7.95,21657438,HOBO,HOBO pH,control,4,7.759815,-25.35705,7.443770564
345,7/27/2023 19:20,33.42,-70.42,7.95,21657438,HOBO,HOBO pH,control,4,7.759815,-25.2423,7.441762338
346,7/27/2023 19:30,33.31,-70.19,7.95,21657438,HOBO,HOBO pH,control,4,7.759815,-25.14455,7.440051628
347,7/27/2023 19:40,33.23,-69.94,7.94,21657438,HOBO,HOBO pH,control,4,7.755818,-25.0383,7.43819216
348,7/27/2023 19:50,33.13,-69.56,7.94,21657438,HOBO,HOBO pH,control,4,7.755818,-24.8768,7.435365768
349,7/27/2023 20:00,32.98,-68.77,7.92,21657438,HOBO,HOBO pH,control,4,7.747824,-24.54105,7.429489849
350,7/27/2023 20:10,32.87,-68.27,7.92,21657438,HOBO,HOBO pH,control,4,7.747824,-24.32855,7.425770914
351,7/27/2023 20:20,32.85,-67.94,7.91,21657438,HOBO,HOBO pH,control,4,7.743827,-24.1883,7.423316416
352,7/27/2023 20:30,32.77,-67.83,7.91,21657438,HOBO,HOBO pH,control,4,7.743827,-24.14155,7.42249825
353,7/27/2023 20:40,32.74,-67.49,7.9,21657438,HOBO,HOBO pH,control,4,7.73983,-23.99705,7.419969373
354,7/27/2023 20:50,32.74,-67.27,7.9,21657438,HOBO,HOBO pH,control,4,7.73983,-23.90355,7.418333042
355,7/27/2023 21:00,32.69,-65.75,7.87,21657438,HOBO,HOBO pH,control,4,7.727839,-23.25755,7.407027476
356,7/27/2023 21:10,32.66,-65.6,7.87,21657438,HOBO,HOBO pH,control,4,7.727839,-23.1938,7.405911796
357,7/27/2023 21:20,32.64,-65.24,7.86,21657438,HOBO,HOBO pH,control,4,7.723842,-23.0408,7.403234162
358,7/27/2023 21:30,32.64,-65.13,7.86,21657438,HOBO,HOBO pH,control,4,7.723842,-22.99405,7.402415996
359,7/27/2023 21:40,32.66,-65,7.86,21657438,HOBO,HOBO pH,control,4,7.723842,-22.9388,7.401449072
360,7/27/2023 21:50,32.66,-64.74,7.86,21657438,HOBO,HOBO pH,control,4,7.723842,-22.8283,7.399515226
361,7/27/2023 22:00,32.64,-64.08,7.85,21657438,HOBO,HOBO pH,control,4,7.719845,-22.5478,7.39460623
362,7/27/2023 22:10,32.64,-63.69,7.84,21657438,HOBO,HOBO pH,control,4,7.715848,-22.38205,7.39170546
363,7/27/2023 22:20,32.64,-63.61,7.84,21657438,HOBO,HOBO pH,control,4,7.715848,-22.34805,7.391110431
364,7/27/2023 22:30,32.72,-64.08,7.85,21657438,HOBO,HOBO pH,control,4,7.719845,-22.5478,7.39460623
365,7/27/2023 22:40,32.87,-64.97,7.86,21657438,HOBO,HOBO pH,control,4,7.723842,-22.92605,7.401225936
366,7/27/2023 22:50,32.98,-64.69,7.85,21657438,HOBO,HOBO pH,control,4,7.719845,-22.80705,7.399143332
367,7/27/2023 23:00,32.98,-64.3,7.85,21657438,HOBO,HOBO pH,control,4,7.719845,-22.6413,7.396242562
368,7/27/2023 23:10,33.03,-64.31,7.85,21657438,HOBO,HOBO pH,control,4,7.719845,-22.64555,7.396316941
369,7/27/2023 23:20,33.11,-64.47,7.85,21657438,HOBO,HOBO pH,control,4,7.719845,-22.71355,7.397507
370,7/27/2023 23:30,33.11,-63.74,7.84,21657438,HOBO,HOBO pH,control,4,7.715848,-22.4033,7.392077354
371,7/27/2023 23:40,33.05,-63.46,7.83,21657438,HOBO,HOBO pH,control,4,7.711851,-22.2843,7.38999475
372,7/27/2023 23:50,33.05,-63.91,7.84,21657438,HOBO,HOBO pH,control,4,7.715848,-22.47555,7.393341792
373,7/28/2023 0:00,33.05,-62.88,7.82,21657438,HOBO,HOBO pH,control,4,7.707854,-22.0378,7.385680784
374,7/28/2023 0:10,33.08,-62.52,7.82,21657438,HOBO,HOBO pH,control,4,7.707854,-21.8848,7.38300315
375,7/28/2023 0:20,33.13,-62.02,7.81,21657438,HOBO,HOBO pH,control,4,7.703857,-21.6723,7.379284214
376,7/28/2023 0:30,33.26,-62.88,7.82,21657438,HOBO,HOBO pH,control,4,7.707854,-22.0378,7.385680784
377,7/28/2023 0:40,33.42,-63.89,7.84,21657438,HOBO,HOBO pH,control,4,7.715848,-22.46705,7.393193035
378,7/28/2023 0:50,33.29,-61.74,7.8,21657438,HOBO,HOBO pH,control,4,7.69986,-21.5533,7.37720161
379,7/28/2023 1:00,33.31,-62.3,7.81,21657438,HOBO,HOBO pH,control,4,7.703857,-21.7913,7.381366818
380,7/28/2023 1:10,33.29,-60.64,7.79,21657438,HOBO,HOBO pH,control,4,7.695863,-21.0858,7.369019951
381,7/28/2023 1:20,33.29,-60.89,7.79,21657438,HOBO,HOBO pH,control,4,7.695863,-21.19205,7.370879419
382,7/28/2023 1:30,33.42,-63.58,7.83,21657438,HOBO,HOBO pH,control,4,7.711851,-22.3353,7.390887294
383,7/28/2023 1:40,33.31,-60.03,7.78,21657438,HOBO,HOBO pH,control,4,7.691866,-20.82655,7.364482849
384,7/28/2023 1:50,33.42,-62.89,7.82,21657438,HOBO,HOBO pH,control,4,7.707854,-22.04205,7.385755163
385,7/28/2023 2:00,33.42,-63.33,7.83,21657438,HOBO,HOBO pH,control,4,7.711851,-22.22905,7.389027826
386,7/28/2023 2:10,33.34,-61.31,7.8,21657438,HOBO,HOBO pH,control,4,7.69986,-21.37055,7.374003325
387,7/28/2023 2:20,33.23,-59.7,7.77,21657438,HOBO,HOBO pH,control,4,7.687869,-20.6863,7.362028351
388,7/28/2023 2:30,33.31,-65.63,7.87,21657438,HOBO,HOBO pH,control,4,7.727839,-23.20655,7.406134932
389,7/28/2023 2:40,33.37,-65.3,7.86,21657438,HOBO,HOBO pH,control,4,7.723842,-23.0663,7.403680434
390,7/28/2023 2:50,33.37,-65.17,7.86,21657438,HOBO,HOBO pH,control,4,7.723842,-23.01105,7.402713511
391,7/28/2023 3:00,33.37,-63.81,7.84,21657438,HOBO,HOBO pH,control,4,7.715848,-22.43305,7.392598005
392,7/28/2023 3:10,33.31,-62.83,7.82,21657438,HOBO,HOBO pH,control,4,7.707854,-22.01655,7.38530889
393,7/28/2023 3:20,33.34,-64.47,7.85,21657438,HOBO,HOBO pH,control,4,7.719845,-22.71355,7.397507
394,7/28/2023 3:30,33.34,-64,7.84,21657438,HOBO,HOBO pH,control,4,7.715848,-22.5138,7.394011201
395,7/28/2023 3:40,33.34,-64.72,7.85,21657438,HOBO,HOBO pH,control,4,7.719845,-22.8198,7.399366468
396,7/28/2023 3:50,33.34,-64.71,7.85,21657438,HOBO,HOBO pH,control,4,7.719845,-22.81555,7.39929209
397,7/28/2023 4:00,33.37,-64.5,7.85,21657438,HOBO,HOBO pH,control,4,7.719845,-22.7263,7.397730137
398,7/28/2023 4:10,33.37,-64.39,7.85,21657438,HOBO,HOBO pH,control,4,7.719845,-22.67955,7.396911971
399,7/28/2023 4:20,33.34,-64.67,7.85,21657438,HOBO,HOBO pH,control,4,7.719845,-22.79855,7.398994575
400,7/28/2023 4:30,33.31,-65.03,7.86,21657438,HOBO,HOBO pH,control,4,7.723842,-22.95155,7.401672209
401,7/28/2023 4:40,33.29,-64.88,7.86,21657438,HOBO,HOBO pH,control,4,7.723842,-22.8878,7.400556528
402,7/28/2023 4:50,33.21,-65.27,7.86,21657438,HOBO,HOBO pH,control,4,7.723842,-23.05355,7.403457298
403,7/28/2023 5:00,33.03,-64.78,7.86,21657438,HOBO,HOBO pH,control,4,7.723842,-22.8453,7.399812741
404,7/28/2023 5:10,32.82,-64.33,7.85,21657438,HOBO,HOBO pH,control,4,7.719845,-22.65405,7.396465698
405,7/28/2023 5:20,32.69,-64.17,7.85,21657438,HOBO,HOBO pH,control,4,7.719845,-22.58605,7.395275639
406,7/28/2023 5:30,32.51,-64.16,7.85,21657438,HOBO,HOBO pH,control,4,7.719845,-22.5818,7.39520126
407,7/28/2023 5:40,32.36,-64.19,7.85,21657438,HOBO,HOBO pH,control,4,7.719845,-22.59455,7.395424396
408,7/28/2023 5:50,32.23,-63.69,7.84,21657438,HOBO,HOBO pH,control,4,7.715848,-22.38205,7.39170546
409,7/28/2023 6:00,32.18,-62.91,7.83,21657438,HOBO,HOBO pH,control,4,7.711851,-22.05055,7.38590392
410,7/28/2023 6:10,32.07,-61.53,7.8,21657438,HOBO,HOBO pH,control,4,7.69986,-21.46405,7.375639657
411,7/28/2023 6:20,32,-61.64,7.81,21657438,HOBO,HOBO pH,control,4,7.703857,-21.5108,7.376457823
412,7/28/2023 6:30,31.89,-61.56,7.81,21657438,HOBO,HOBO pH,control,4,7.703857,-21.4768,7.375862793
413,7/28/2023 6:40,31.84,-61.31,7.8,21657438,HOBO,HOBO pH,control,4,7.69986,-21.37055,7.374003325
414,7/28/2023 6:50,31.82,-60.89,7.79,21657438,HOBO,HOBO pH,control,4,7.695863,-21.19205,7.370879419
415,7/28/2023 7:00,31.74,-60.22,7.78,21657438,HOBO,HOBO pH,control,4,7.691866,-20.9073,7.365896045
416,7/28/2023 7:10,31.66,-59.91,7.78,21657438,HOBO,HOBO pH,control,4,7.691866,-20.77555,7.363590305
417,7/28/2023 7:20,31.64,-58.31,7.75,21657438,HOBO,HOBO pH,control,4,7.679875,-20.09555,7.351689709
418,7/28/2023 7:30,31.66,-58.89,7.76,21657438,HOBO,HOBO pH,control,4,7.683872,-20.34205,7.356003675
419,7/28/2023 7:40,31.74,-59.6,7.77,21657438,HOBO,HOBO pH,control,4,7.687869,-20.6438,7.361284564
420,7/28/2023 7:50,31.87,-60.44,7.79,21657438,HOBO,HOBO pH,control,4,7.695863,-21.0008,7.367532377
421,7/28/2023 8:00,32.02,-61,7.8,21657438,HOBO,HOBO pH,control,4,7.69986,-21.2388,7.371697585
422,7/28/2023 8:10,32.15,-60.85,7.79,21657438,HOBO,HOBO pH,control,4,7.695863,-21.17505,7.370581904
423,7/28/2023 8:20,32.38,-61.24,7.8,21657438,HOBO,HOBO pH,control,4,7.69986,-21.3408,7.373482674
424,7/28/2023 8:30,32.61,-62.3,7.82,21657438,HOBO,HOBO pH,control,4,7.707854,-21.7913,7.381366818
425,7/28/2023 8:40,32.85,-63.77,7.84,21657438,HOBO,HOBO pH,control,4,7.715848,-22.41605,7.39230049
426,7/28/2023 8:50,33,-64.8,7.86,21657438,HOBO,HOBO pH,control,4,7.723842,-22.8538,7.399961498
427,7/28/2023 9:00,33.16,-65.31,7.86,21657438,HOBO,HOBO pH,control,4,7.723842,-23.07055,7.403754813
428,7/28/2023 9:10,33.29,-65.58,7.87,21657438,HOBO,HOBO pH,control,4,7.727839,-23.1853,7.405763038
429,7/28/2023 9:20,33.39,-66.02,7.88,21657438,HOBO,HOBO pH,control,4,7.731836,-23.3723,7.409035702
430,7/28/2023 9:30,33.52,-66.41,7.88,21657438,HOBO,HOBO pH,control,4,7.731836,-23.53805,7.411936472
431,7/28/2023 9:40,33.65,-67.03,7.89,21657438,HOBO,HOBO pH,control,4,7.735833,-23.80155,7.416547952
432,7/28/2023 9:50,33.78,-67.42,7.9,21657438,HOBO,HOBO pH,control,4,7.73983,-23.9673,7.419448722
433,7/28/2023 10:00,33.94,-67.91,7.91,21657438,HOBO,HOBO pH,control,4,7.743827,-24.17555,7.42309328
434,7/28/2023 10:10,34.04,-68.3,7.91,21657438,HOBO,HOBO pH,control,4,7.743827,-24.3413,7.42599405
435,7/28/2023 10:20,34.12,-68.44,7.91,21657438,HOBO,HOBO pH,control,4,7.743827,-24.4008,7.427035352
436,7/28/2023 10:30,34.2,-68.53,7.92,21657438,HOBO,HOBO pH,control,4,7.747824,-24.43905,7.42770476
437,7/28/2023 10:40,34.23,-68.67,7.92,21657438,HOBO,HOBO pH,control,4,7.747824,-24.49855,7.428746062
438,7/28/2023 10:50,34.26,-68.75,7.92,21657438,HOBO,HOBO pH,control,4,7.747824,-24.53255,7.429341092
439,7/28/2023 11:00,34.23,-68.77,7.92,21657438,HOBO,HOBO pH,control,4,7.747824,-24.54105,7.429489849
440,7/28/2023 11:10,34.18,-68.63,7.92,21657438,HOBO,HOBO pH,control,4,7.747824,-24.48155,7.428448547
441,7/28/2023 11:20,34.23,-68.88,7.92,21657438,HOBO,HOBO pH,control,4,7.747824,-24.5878,7.430308015
442,7/28/2023 11:30,34.33,-69.74,7.94,21657438,HOBO,HOBO pH,control,4,7.755818,-24.9533,7.436704585
443,7/28/2023 11:40,34.6,-71.69,7.97,21657438,HOBO,HOBO pH,control,4,7.767809,-25.78205,7.451208435
444,7/28/2023 11:50,34.78,-72.46,7.98,21657438,HOBO,HOBO pH,control,4,7.771806,-26.1093,7.456935597
445,7/28/2023 12:00,34.94,-73.6,8,21657438,HOBO,HOBO pH,control,4,7.7798,-26.5938,7.465414771
446,7/28/2023 12:10,35.02,-73.67,8,21657438,HOBO,HOBO pH,control,4,7.7798,-26.62355,7.465935422
447,7/28/2023 12:20,35.05,-73.63,8,21657438,HOBO,HOBO pH,control,4,7.7798,-26.60655,7.465637907
448,7/28/2023 12:30,35.1,-73.71,8,21657438,HOBO,HOBO pH,control,4,7.7798,-26.64055,7.466232937
449,7/28/2023 12:40,35.21,-73.92,8,21657438,HOBO,HOBO pH,control,4,7.7798,-26.7298,7.46779489
450,7/28/2023 12:50,35.29,-74.21,8.01,21657438,HOBO,HOBO pH,control,4,7.783797,-26.85305,7.469951873
451,7/28/2023 13:00,35.39,-74.47,8.01,21657438,HOBO,HOBO pH,control,4,7.783797,-26.96355,7.471885719
452,7/28/2023 13:10,35.45,-74.64,8.01,21657438,HOBO,HOBO pH,control,4,7.783797,-27.0358,7.473150158
453,7/28/2023 13:20,35.48,-74.88,8.02,21657438,HOBO,HOBO pH,control,4,7.787794,-27.1378,7.474935247
454,7/28/2023 13:30,35.53,-74.99,8.02,21657438,HOBO,HOBO pH,control,4,7.787794,-27.18455,7.475753413
455,7/28/2023 13:40,35.53,-75.13,8.02,21657438,HOBO,HOBO pH,control,4,7.787794,-27.24405,7.476794715
456,7/28/2023 13:50,35.53,-75.13,8.02,21657438,HOBO,HOBO pH,control,4,7.787794,-27.24405,7.476794715
457,7/28/2023 14:00,35.53,-75.05,8.02,21657438,HOBO,HOBO pH,control,4,7.787794,-27.21005,7.476199685
458,7/28/2023 14:10,35.56,-75.38,8.03,21657438,HOBO,HOBO pH,control,4,7.791791,-27.3503,7.478654183
459,7/28/2023 14:20,35.61,-75.52,8.03,21657438,HOBO,HOBO pH,control,4,7.791791,-27.4098,7.479695485
460,7/28/2023 14:30,35.66,-75.77,8.03,21657438,HOBO,HOBO pH,control,4,7.791791,-27.51605,7.481554953
461,7/28/2023 14:40,35.66,-75.97,8.03,21657438,HOBO,HOBO pH,control,4,7.791791,-27.60105,7.483042527
462,7/28/2023 14:50,35.64,-75.66,8.03,21657438,HOBO,HOBO pH,control,4,7.791791,-27.4693,7.480736787
463,7/28/2023 15:00,35.58,-75.86,8.03,21657438,HOBO,HOBO pH,control,4,7.791791,-27.5543,7.482224361
464,7/28/2023 15:10,35.53,-75.52,8.03,21657438,HOBO,HOBO pH,control,4,7.791791,-27.4098,7.479695485
465,7/28/2023 15:20,35.45,-75.16,8.02,21657438,HOBO,HOBO pH,control,4,7.787794,-27.2568,7.477017851
466,7/28/2023 15:30,35.34,-74.6,8.01,21657438,HOBO,HOBO pH,control,4,7.783797,-27.0188,7.472852643
467,7/28/2023 15:40,35.31,-74.74,8.02,21657438,HOBO,HOBO pH,control,4,7.787794,-27.0783,7.473893945
468,7/28/2023 15:50,35.29,-74.8,8.02,21657438,HOBO,HOBO pH,control,4,7.787794,-27.1038,7.474340217
469,7/28/2023 16:00,35.23,-74.36,8.01,21657438,HOBO,HOBO pH,control,4,7.783797,-26.9168,7.471067553
470,7/28/2023 16:10,35.21,-74.41,8.01,21657438,HOBO,HOBO pH,control,4,7.783797,-26.93805,7.471439447
471,7/28/2023 16:20,35.18,-74.3,8.01,21657438,HOBO,HOBO pH,control,4,7.783797,-26.8913,7.470621281
472,7/28/2023 16:30,35.16,-74.77,8.02,21657438,HOBO,HOBO pH,control,4,7.787794,-27.09105,7.474117081
473,7/28/2023 16:40,35.16,-74.85,8.02,21657438,HOBO,HOBO pH,control,4,7.787794,-27.12505,7.474712111
474,7/28/2023 16:50,35.13,-74.67,8.01,21657438,HOBO,HOBO pH,control,4,7.783797,-27.04855,7.473373294
475,7/28/2023 17:00,35.08,-74.49,8.01,21657438,HOBO,HOBO pH,control,4,7.783797,-26.97205,7.472034477
476,7/28/2023 17:10,34.94,-74.19,8.01,21657438,HOBO,HOBO pH,control,4,7.783797,-26.84455,7.469803115
477,7/28/2023 17:20,34.76,-73.74,8,21657438,HOBO,HOBO pH,control,4,7.7798,-26.6533,7.466456073
478,7/28/2023 17:30,34.68,-73.88,8,21657438,HOBO,HOBO pH,control,4,7.7798,-26.7128,7.467497375
479,7/28/2023 17:40,34.6,-74,8.01,21657438,HOBO,HOBO pH,control,4,7.783797,-26.7638,7.468389919
480,7/28/2023 17:50,34.55,-73.69,8,21657438,HOBO,HOBO pH,control,4,7.7798,-26.63205,7.466084179
481,7/28/2023 18:00,34.44,-73.38,8,21657438,HOBO,HOBO pH,control,4,7.7798,-26.5003,7.463778439
482,7/28/2023 18:10,34.33,-73.02,7.99,21657438,HOBO,HOBO pH,control,4,7.775803,-26.3473,7.461100805
483,7/28/2023 18:20,34.2,-72.44,7.98,21657438,HOBO,HOBO pH,control,4,7.771806,-26.1008,7.456786839
484,7/28/2023 18:30,34.07,-72.52,7.98,21657438,HOBO,HOBO pH,control,4,7.771806,-26.1348,7.457381869
485,7/28/2023 18:40,33.89,-72.02,7.97,21657438,HOBO,HOBO pH,control,4,7.767809,-25.9223,7.453662933
486,7/28/2023 18:50,33.7,-71.33,7.96,21657438,HOBO,HOBO pH,control,4,7.763812,-25.62905,7.448530802
487,7/28/2023 19:00,33.57,-70.75,7.95,21657438,HOBO,HOBO pH,control,4,7.759815,-25.38255,7.444216836
488,7/28/2023 19:10,33.5,-70.41,7.95,21657438,HOBO,HOBO pH,control,4,7.759815,-25.23805,7.441687959
489,7/28/2023 19:20,33.31,-70.02,7.94,21657438,HOBO,HOBO pH,control,4,7.755818,-25.0723,7.438787189
490,7/28/2023 19:30,33.18,-69.19,7.93,21657438,HOBO,HOBO pH,control,4,7.751821,-24.71955,7.432613756
491,7/28/2023 19:40,33.11,-68.83,7.92,21657438,HOBO,HOBO pH,control,4,7.747824,-24.56655,7.429936122
492,7/28/2023 19:50,32.98,-68.49,7.92,21657438,HOBO,HOBO pH,control,4,7.747824,-24.42205,7.427407245
493,7/28/2023 20:00,32.9,-67.78,7.91,21657438,HOBO,HOBO pH,control,4,7.743827,-24.1203,7.422126356
494,7/28/2023 20:10,32.79,-67.33,7.9,21657438,HOBO,HOBO pH,control,4,7.73983,-23.92905,7.418779314
495,7/28/2023 20:20,32.72,-66.81,7.89,21657438,HOBO,HOBO pH,control,4,7.735833,-23.70805,7.414911621
496,7/28/2023 20:30,32.66,-66.39,7.88,21657438,HOBO,HOBO pH,control,4,7.731836,-23.52955,7.411787714
497,7/28/2023 20:40,32.64,-65.86,7.88,21657438,HOBO,HOBO pH,control,4,7.731836,-23.3043,7.407845642
498,7/28/2023 20:50,32.56,-65.31,7.87,21657438,HOBO,HOBO pH,control,4,7.727839,-23.07055,7.403754813
499,7/28/2023 21:00,32.54,-64.77,7.86,21657438,HOBO,HOBO pH,control,4,7.723842,-22.84105,7.399738362
500,7/28/2023 21:10,32.54,-64.42,7.85,21657438,HOBO,HOBO pH,control,4,7.719845,-22.6923,7.397135107
501,7/28/2023 21:20,32.51,-64.28,7.85,21657438,HOBO,HOBO pH,control,4,7.719845,-22.6328,7.396093805
502,7/28/2023 21:30,32.48,-63.83,7.84,21657438,HOBO,HOBO pH,control,4,7.715848,-22.44155,7.392746762
503,7/28/2023 21:40,32.43,-63.36,7.83,21657438,HOBO,HOBO pH,control,4,7.711851,-22.2418,7.389250963
504,7/28/2023 21:50,32.43,-62.83,7.83,21657438,HOBO,HOBO pH,control,4,7.711851,-22.01655,7.38530889
505,7/28/2023 22:00,32.41,-62.33,7.82,21657438,HOBO,HOBO pH,control,4,7.707854,-21.80405,7.381589954
506,7/28/2023 22:10,32.38,-61.35,7.8,21657438,HOBO,HOBO pH,control,4,7.69986,-21.38755,7.37430084
507,7/28/2023 22:20,32.36,-60.64,7.79,21657438,HOBO,HOBO pH,control,4,7.695863,-21.0858,7.369019951
508,7/28/2023 22:30,32.36,-60.52,7.79,21657438,HOBO,HOBO pH,control,4,7.695863,-21.0348,7.368127406
509,7/28/2023 22:40,32.41,-60.83,7.79,21657438,HOBO,HOBO pH,control,4,7.695863,-21.16655,7.370433147
510,7/28/2023 22:50,32.41,-61.24,7.8,21657438,HOBO,HOBO pH,control,4,7.69986,-21.3408,7.373482674
511,7/28/2023 23:00,32.43,-61.02,7.79,21657438,HOBO,HOBO pH,control,4,7.695863,-21.2473,7.371846342
512,7/28/2023 23:10,32.48,-61,7.79,21657438,HOBO,HOBO pH,control,4,7.695863,-21.2388,7.371697585
513,7/28/2023 23:20,32.64,-61.19,7.8,21657438,HOBO,HOBO pH,control,4,7.69986,-21.31955,7.373110781
514,7/28/2023 23:30,32.72,-61.99,7.81,21657438,HOBO,HOBO pH,control,4,7.703857,-21.65955,7.379061078
515,7/28/2023 23:40,32.72,-61.39,7.8,21657438,HOBO,HOBO pH,control,4,7.69986,-21.40455,7.374598355
516,7/28/2023 23:50,32.66,-60.53,7.79,21657438,HOBO,HOBO pH,control,4,7.695863,-21.03905,7.368201785
517,7/29/2023 0:00,32.72,-60.56,7.79,21657438,HOBO,HOBO pH,control,4,7.695863,-21.0518,7.368424921
518,7/29/2023 0:10,32.82,-61.14,7.8,21657438,HOBO,HOBO pH,control,4,7.69986,-21.2983,7.372738887
519,7/29/2023 0:20,32.77,-60.03,7.78,21657438,HOBO,HOBO pH,control,4,7.691866,-20.82655,7.364482849
520,7/29/2023 0:30,32.79,-60.63,7.79,21657438,HOBO,HOBO pH,control,4,7.695863,-21.08155,7.368945572
521,7/29/2023 0:40,32.82,-60.8,7.79,21657438,HOBO,HOBO pH,control,4,7.695863,-21.1538,7.370210011
522,7/29/2023 0:50,32.95,-61.08,7.79,21657438,HOBO,HOBO pH,control,4,7.695863,-21.2728,7.372292615
523,7/29/2023 1:00,33.11,-60.56,7.79,21657438,HOBO,HOBO pH,control,4,7.695863,-21.0518,7.368424921
524,7/29/2023 1:10,33,-60.22,7.78,21657438,HOBO,HOBO pH,control,4,7.691866,-20.9073,7.365896045
525,7/29/2023 1:20,33.03,-61.2,7.8,21657438,HOBO,HOBO pH,control,4,7.69986,-21.3238,7.373185159
526,7/29/2023 1:30,33.03,-61.31,7.8,21657438,HOBO,HOBO pH,control,4,7.69986,-21.37055,7.374003325
527,7/29/2023 1:40,33.05,-61.74,7.81,21657438,HOBO,HOBO pH,control,4,7.703857,-21.5533,7.37720161
528,7/29/2023 1:50,33.08,-61.06,7.79,21657438,HOBO,HOBO pH,control,4,7.695863,-21.2643,7.372143857
529,7/29/2023 2:00,33.16,-61.88,7.81,21657438,HOBO,HOBO pH,control,4,7.703857,-21.6128,7.378242912
530,7/29/2023 2:10,33.39,-63.66,7.84,21657438,HOBO,HOBO pH,control,4,7.715848,-22.3693,7.391482324
531,7/29/2023 2:20,33.29,-60.77,7.79,21657438,HOBO,HOBO pH,control,4,7.695863,-21.14105,7.369986874
532,7/29/2023 2:30,33.18,-60.39,7.78,21657438,HOBO,HOBO pH,control,4,7.691866,-20.97955,7.367160483
533,7/29/2023 2:40,33.13,-59.8,7.77,21657438,HOBO,HOBO pH,control,4,7.687869,-20.7288,7.362772139
534,7/29/2023 2:50,33.05,-62.5,7.82,21657438,HOBO,HOBO pH,control,4,7.707854,-21.8763,7.382854393
535,7/29/2023 3:00,33.03,-64.41,7.85,21657438,HOBO,HOBO pH,control,4,7.719845,-22.68805,7.397060728
536,7/29/2023 3:10,33.08,-64.39,7.85,21657438,HOBO,HOBO pH,control,4,7.719845,-22.67955,7.396911971
537,7/29/2023 3:20,33.18,-64.46,7.85,21657438,HOBO,HOBO pH,control,4,7.719845,-22.7093,7.397432622
538,7/29/2023 3:30,33.18,-64.49,7.85,21657438,HOBO,HOBO pH,control,4,7.719845,-22.72205,7.397655758
539,7/29/2023 3:40,33.13,-65.49,7.87,21657438,HOBO,HOBO pH,control,4,7.727839,-23.14705,7.40509363
540,7/29/2023 3:50,33.13,-65.21,7.86,21657438,HOBO,HOBO pH,control,4,7.723842,-23.02805,7.403011026
541,7/29/2023 4:00,33.16,-65.42,7.87,21657438,HOBO,HOBO pH,control,4,7.727839,-23.1173,7.404572979
542,7/29/2023 4:10,33.13,-65.02,7.86,21657438,HOBO,HOBO pH,control,4,7.723842,-22.9473,7.40159783
543,7/29/2023 4:20,33.03,-64.42,7.85,21657438,HOBO,HOBO pH,control,4,7.719845,-22.6923,7.397135107
544,7/29/2023 4:30,32.98,-64.39,7.85,21657438,HOBO,HOBO pH,control,4,7.719845,-22.67955,7.396911971
545,7/29/2023 4:40,32.72,-63.46,7.83,21657438,HOBO,HOBO pH,control,4,7.711851,-22.2843,7.38999475
546,7/29/2023 4:50,32.61,-63.38,7.83,21657438,HOBO,HOBO pH,control,4,7.711851,-22.2503,7.38939972
547,7/29/2023 5:00,32.48,-63.28,7.83,21657438,HOBO,HOBO pH,control,4,7.711851,-22.2078,7.388655933
548,7/29/2023 5:10,32.28,-62.44,7.82,21657438,HOBO,HOBO pH,control,4,7.707854,-21.8508,7.38240812
549,7/29/2023 5:20,32.15,-61.28,7.8,21657438,HOBO,HOBO pH,control,4,7.69986,-21.3578,7.373780189
550,7/29/2023 5:30,32.02,-60.77,7.79,21657438,HOBO,HOBO pH,control,4,7.695863,-21.14105,7.369986874
551,7/29/2023 5:40,31.87,-60.08,7.78,21657438,HOBO,HOBO pH,control,4,7.691866,-20.8478,7.364854743
552,7/29/2023 5:50,31.77,-59.3,7.77,21657438,HOBO,HOBO pH,control,4,7.687869,-20.5163,7.359053203
553,7/29/2023 6:00,31.64,-59.75,7.78,21657438,HOBO,HOBO pH,control,4,7.691866,-20.70755,7.362400245
554,7/29/2023 6:10,31.56,-60.1,7.78,21657438,HOBO,HOBO pH,control,4,7.691866,-20.8563,7.3650035
555,7/29/2023 6:20,31.46,-60.1,7.78,21657438,HOBO,HOBO pH,control,4,7.691866,-20.8563,7.3650035
556,7/29/2023 6:30,31.38,-59.8,7.78,21657438,HOBO,HOBO pH,control,4,7.691866,-20.7288,7.362772139
557,7/29/2023 6:40,31.2,-59.41,7.77,21657438,HOBO,HOBO pH,control,4,7.687869,-20.56305,7.359871369
558,7/29/2023 6:50,31.1,-59.24,7.77,21657438,HOBO,HOBO pH,control,4,7.687869,-20.4908,7.35860693
559,7/29/2023 7:00,31.03,-59.36,7.77,21657438,HOBO,HOBO pH,control,4,7.687869,-20.5418,7.359499475
560,7/29/2023 7:10,30.95,-59.52,7.77,21657438,HOBO,HOBO pH,control,4,7.687869,-20.6098,7.360689534
561,7/29/2023 7:20,30.9,-59.88,7.78,21657438,HOBO,HOBO pH,control,4,7.691866,-20.7628,7.363367168
562,7/29/2023 7:30,30.9,-60.42,7.79,21657438,HOBO,HOBO pH,control,4,7.695863,-20.9923,7.367383619
563,7/29/2023 7:40,30.92,-61.5,7.81,21657438,HOBO,HOBO pH,control,4,7.703857,-21.4513,7.375416521
564,7/29/2023 7:50,30.98,-63.36,7.84,21657438,HOBO,HOBO pH,control,4,7.715848,-22.2418,7.389250963
565,7/29/2023 8:00,31.03,-65.14,7.87,21657438,HOBO,HOBO pH,control,4,7.727839,-22.9983,7.402490375
566,7/29/2023 8:10,31.1,-64.63,7.86,21657438,HOBO,HOBO pH,control,4,7.723842,-22.78155,7.39869706
567,7/29/2023 8:20,31.15,-65.96,7.88,21657438,HOBO,HOBO pH,control,4,7.731836,-23.3468,7.408589429
568,7/29/2023 8:30,31.26,-65.25,7.87,21657438,HOBO,HOBO pH,control,4,7.727839,-23.04505,7.40330854
569,7/29/2023 8:40,31.36,-68.13,7.92,21657438,HOBO,HOBO pH,control,4,7.747824,-24.26905,7.424729611
570,7/29/2023 8:50,31.48,-65.22,7.87,21657438,HOBO,HOBO pH,control,4,7.727839,-23.0323,7.403085404
571,7/29/2023 9:00,31.64,-72.46,7.99,21657438,HOBO,HOBO pH,control,4,7.775803,-26.1093,7.456935597
572,7/29/2023 9:10,31.84,-76.53,8.06,21657438,HOBO,HOBO pH,control,4,7.803782,-27.83905,7.487207735
573,7/29/2023 9:20,31.89,-74.86,8.03,21657438,HOBO,HOBO pH,control,4,7.791791,-27.1293,7.474786489
574,7/29/2023 9:30,32.23,-78.83,8.09,21657438,HOBO,HOBO pH,control,4,7.815773,-28.81655,7.504314841
575,7/29/2023 9:40,32.46,-74.69,8.02,21657438,HOBO,HOBO pH,control,4,7.787794,-27.05705,7.473522051
576,7/29/2023 9:50,32.69,-67,7.89,21657438,HOBO,HOBO pH,control,4,7.735833,-23.7888,7.416324816
577,7/29/2023 10:00,32.9,-72.33,7.98,21657438,HOBO,HOBO pH,control,4,7.771806,-26.05405,7.455968673
578,7/29/2023 10:10,32.51,132.47,4.55,21657438,HOBO,HOBO pH,control,4,6.400835,60.98595,5.93269251
579,7/29/2023 10:20,33.89,147.54,4.31,21657438,HOBO,HOBO pH,control,4,6.304907,67.3907,5.82060378
580,7/29/2023 10:30,34.18,160.02,4.1,21657438,HOBO,HOBO pH,control,4,6.22097,72.6947,5.727779139
581,7/29/2023 10:40,25.84,159.43,4.03,21657438,HOBO,HOBO pH,control,4,6.192991,72.44395,5.732167483
582,7/29/2023 10:50,23.47,159.85,4,21657438,HOBO,HOBO pH,control,4,6.181,72.62245,5.729043577
583,7/29/2023 11:00,22.7,159.94,3.99,21657438,HOBO,HOBO pH,control,4,6.177003,72.6607,5.728374169
584,7/29/2023 11:10,22.39,159.65,3.99,21657438,HOBO,HOBO pH,control,4,6.177003,72.53745,5.730531152
585,7/29/2023 11:20,22.2,159.35,4,21657438,HOBO,HOBO pH,control,4,6.181,72.40995,5.732762513
586,7/29/2023 11:30,22.03,159.02,4,21657438,HOBO,HOBO pH,control,4,6.181,72.2697,5.735217011
587,7/29/2023 11:40,21.91,158.6,4.01,21657438,HOBO,HOBO pH,control,4,6.184997,72.0912,5.738340917
588,7/29/2023 11:50,21.82,158.24,4.01,21657438,HOBO,HOBO pH,control,4,6.184997,71.9382,5.741018551
589,7/29/2023 12:00,21.72,157.94,4.02,21657438,HOBO,HOBO pH,control,4,6.188994,71.8107,5.743249912
590,7/29/2023 12:10,21.68,157.68,4.02,21657438,HOBO,HOBO pH,control,4,6.188994,71.7002,5.745183759
591,7/29/2023 12:20,21.6,157.43,4.02,21657438,HOBO,HOBO pH,control,4,6.188994,71.59395,5.747043227
592,7/29/2023 12:30,21.53,157.19,4.03,21657438,HOBO,HOBO pH,control,4,6.192991,71.49195,5.748828316
593,7/29/2023 12:40,21.46,156.85,4.03,21657438,HOBO,HOBO pH,control,4,6.192991,71.34745,5.751357193
594,7/29/2023 12:50,21.39,156.58,4.04,21657438,HOBO,HOBO pH,control,4,6.196988,71.2327,5.753365418
595,7/29/2023 13:00,21.29,156.47,4.04,21657438,HOBO,HOBO pH,control,4,6.196988,71.18595,5.754183584
596,7/29/2023 13:10,21.25,156.36,4.04,21657438,HOBO,HOBO pH,control,4,6.196988,71.1392,5.75500175
597,7/29/2023 13:20,21.2,156.24,4.04,21657438,HOBO,HOBO pH,control,4,6.196988,71.0882,5.755894295
598,7/29/2023 13:30,21.15,156.1,4.04,21657438,HOBO,HOBO pH,control,4,6.196988,71.0287,5.756935597
599,7/29/2023 13:40,21.08,155.88,4.04,21657438,HOBO,HOBO pH,control,4,6.196988,70.9352,5.758571929
600,7/29/2023 13:50,21.03,155.77,4.05,21657438,HOBO,HOBO pH,control,4,6.200985,70.88845,5.759390095
601,7/29/2023 14:00,20.98,155.71,4.05,21657438,HOBO,HOBO pH,control,4,6.200985,70.86295,5.759836367
602,7/29/2023 14:10,20.94,155.77,4.05,21657438,HOBO,HOBO pH,control,4,6.200985,70.88845,5.759390095
603,7/29/2023 14:20,20.89,155.57,4.05,21657438,HOBO,HOBO pH,control,4,6.200985,70.80345,5.760877669
604,7/29/2023 14:30,20.86,155.47,4.05,21657438,HOBO,HOBO pH,control,4,6.200985,70.76095,5.761621456
605,7/29/2023 14:40,20.84,155.41,4.05,21657438,HOBO,HOBO pH,control,4,6.200985,70.73545,5.762067728
606,7/29/2023 14:50,20.82,155.24,4.05,21657438,HOBO,HOBO pH,control,4,6.200985,70.6632,5.763332167
607,7/29/2023 15:00,20.75,155.1,4.06,21657438,HOBO,HOBO pH,control,4,6.204982,70.6037,5.764373469
608,7/29/2023 15:10,20.7,155.05,4.06,21657438,HOBO,HOBO pH,control,4,6.204982,70.58245,5.764745362
609,7/29/2023 15:20,20.67,155.04,4.06,21657438,HOBO,HOBO pH,control,4,6.204982,70.5782,5.764819741
610,7/29/2023 15:30,20.65,155,4.06,21657438,HOBO,HOBO pH,control,4,6.204982,70.5612,5.765117256
611,7/29/2023 15:40,20.63,154.94,4.06,21657438,HOBO,HOBO pH,control,4,6.204982,70.5357,5.765563528
612,7/29/2023 15:50,20.63,154.88,4.06,21657438,HOBO,HOBO pH,control,4,6.204982,70.5102,5.7660098
613,7/29/2023 16:00,20.6,154.82,4.06,21657438,HOBO,HOBO pH,control,4,6.204982,70.4847,5.766456073
614,7/29/2023 16:10,20.58,154.74,4.06,21657438,HOBO,HOBO pH,control,4,6.204982,70.4507,5.767051103
615,7/29/2023 16:20,20.58,154.66,4.06,21657438,HOBO,HOBO pH,control,4,6.204982,70.4167,5.767646132
616,7/29/2023 16:30,20.56,154.57,4.06,21657438,HOBO,HOBO pH,control,4,6.204982,70.37845,5.768315541
617,7/29/2023 16:40,20.51,154.44,4.06,21657438,HOBO,HOBO pH,control,4,6.204982,70.3232,5.769282464
618,7/29/2023 16:50,20.46,154.4,4.06,21657438,HOBO,HOBO pH,control,4,6.204982,70.3062,5.769579979
619,7/29/2023 17:00,20.46,154.41,4.06,21657438,HOBO,HOBO pH,control,4,6.204982,70.31045,5.7695056
620,7/29/2023 17:10,20.44,154.36,4.07,21657438,HOBO,HOBO pH,control,4,6.208979,70.2892,5.769877494
621,7/29/2023 17:20,20.44,154.32,4.07,21657438,HOBO,HOBO pH,control,4,6.208979,70.2722,5.770175009
622,7/29/2023 17:30,20.44,154.29,4.07,21657438,HOBO,HOBO pH,control,4,6.208979,70.25945,5.770398145
623,7/29/2023 17:40,20.44,154.24,4.07,21657438,HOBO,HOBO pH,control,4,6.208979,70.2382,5.770770039
624,7/29/2023 17:50,20.44,154.16,4.07,21657438,HOBO,HOBO pH,control,4,6.208979,70.2042,5.771365068
625,7/29/2023 18:00,20.39,154.07,4.07,21657438,HOBO,HOBO pH,control,4,6.208979,70.16595,5.772034477
626,7/29/2023 18:10,20.36,153.99,4.07,21657438,HOBO,HOBO pH,control,4,6.208979,70.13195,5.772629506
627,7/29/2023 18:20,20.34,153.94,4.07,21657438,HOBO,HOBO pH,control,4,6.208979,70.1107,5.7730014
628,7/29/2023 18:30,20.34,153.94,4.07,21657438,HOBO,HOBO pH,control,4,6.208979,70.1107,5.7730014
629,7/29/2023 18:40,20.32,153.9,4.07,21657438,HOBO,HOBO pH,control,4,6.208979,70.0937,5.773298915
630,7/29/2023 18:50,20.32,153.86,4.07,21657438,HOBO,HOBO pH,control,4,6.208979,70.0767,5.77359643
631,7/29/2023 19:00,20.32,153.83,4.07,21657438,HOBO,HOBO pH,control,4,6.208979,70.06395,5.773819566
632,7/29/2023 19:10,20.32,153.79,4.07,21657438,HOBO,HOBO pH,control,4,6.208979,70.04695,5.774117081
633,7/29/2023 19:20,20.29,153.69,4.08,21657438,HOBO,HOBO pH,control,4,6.212976,70.00445,5.774860868
634,7/29/2023 19:30,20.27,153.61,4.08,21657438,HOBO,HOBO pH,control,4,6.212976,69.97045,5.775455898
635,7/29/2023 19:40,20.25,153.55,4.08,21657438,HOBO,HOBO pH,control,4,6.212976,69.94495,5.77590217
636,7/29/2023 19:50,20.25,153.55,4.08,21657438,HOBO,HOBO pH,control,4,6.212976,69.94495,5.77590217
637,7/29/2023 20:00,20.25,153.54,4.08,21657438,HOBO,HOBO pH,control,4,6.212976,69.9407,5.775976549
638,7/29/2023 20:10,20.22,153.5,4.08,21657438,HOBO,HOBO pH,control,4,6.212976,69.9237,5.776274064
639,7/29/2023 20:20,20.22,153.46,4.08,21657438,HOBO,HOBO pH,control,4,6.212976,69.9067,5.776571579
640,7/29/2023 20:30,20.22,153.43,4.08,21657438,HOBO,HOBO pH,control,4,6.212976,69.89395,5.776794715
641,7/29/2023 20:40,20.22,153.38,4.08,21657438,HOBO,HOBO pH,control,4,6.212976,69.8727,5.777166608
642,7/29/2023 20:50,20.2,153.3,4.08,21657438,HOBO,HOBO pH,control,4,6.212976,69.8387,5.777761638
643,7/29/2023 21:00,20.2,153.22,4.08,21657438,HOBO,HOBO pH,control,4,6.212976,69.8047,5.778356668
644,7/29/2023 21:10,20.17,153.19,4.08,21657438,HOBO,HOBO pH,control,4,6.212976,69.79195,5.778579804
645,7/29/2023 21:20,20.17,153.19,4.08,21657438,HOBO,HOBO pH,control,4,6.212976,69.79195,5.778579804
646,7/29/2023 21:30,20.17,153.16,4.08,21657438,HOBO,HOBO pH,control,4,6.212976,69.7792,5.77880294
647,7/29/2023 21:40,20.17,153.16,4.08,21657438,HOBO,HOBO pH,control,4,6.212976,69.7792,5.77880294
648,7/29/2023 21:50,20.17,153.11,4.08,21657438,HOBO,HOBO pH,control,4,6.212976,69.75795,5.779174834
649,7/29/2023 22:00,20.17,153.1,4.08,21657438,HOBO,HOBO pH,control,4,6.212976,69.7537,5.779249212
650,7/29/2023 22:10,20.17,153.04,4.09,21657438,HOBO,HOBO pH,control,4,6.216973,69.7282,5.779695485
651,7/29/2023 22:20,20.15,152.94,4.09,21657438,HOBO,HOBO pH,control,4,6.216973,69.6857,5.780439272
652,7/29/2023 22:30,20.13,152.9,4.09,21657438,HOBO,HOBO pH,control,4,6.216973,69.6687,5.780736787
653,7/29/2023 22:40,20.13,152.86,4.09,21657438,HOBO,HOBO pH,control,4,6.216973,69.6517,5.781034302
654,7/29/2023 22:50,20.13,152.86,4.09,21657438,HOBO,HOBO pH,control,4,6.216973,69.6517,5.781034302
655,7/29/2023 23:00,20.13,152.86,4.09,21657438,HOBO,HOBO pH,control,4,6.216973,69.6517,5.781034302
656,7/29/2023 23:10,20.13,152.83,4.09,21657438,HOBO,HOBO pH,control,4,6.216973,69.63895,5.781257438
657,7/29/2023 23:20,20.13,152.8,4.09,21657438,HOBO,HOBO pH,control,4,6.216973,69.6262,5.781480574
658,7/29/2023 23:30,20.13,152.77,4.09,21657438,HOBO,HOBO pH,control,4,6.216973,69.61345,5.78170371
659,7/29/2023 23:40,20.1,152.69,4.09,21657438,HOBO,HOBO pH,control,4,6.216973,69.57945,5.78229874
660,7/29/2023 23:50,20.08,152.61,4.09,21657438,HOBO,HOBO pH,control,4,6.216973,69.54545,5.78289377
661,7/30/2023 0:00,20.08,152.6,4.09,21657438,HOBO,HOBO pH,control,4,6.216973,69.5412,5.782968148
662,7/30/2023 0:10,20.08,152.63,4.09,21657438,HOBO,HOBO pH,control,4,6.216973,69.55395,5.782745012
663,7/30/2023 0:20,20.08,152.6,4.09,21657438,HOBO,HOBO pH,control,4,6.216973,69.5412,5.782968148
664,7/30/2023 0:30,20.08,152.61,4.09,21657438,HOBO,HOBO pH,control,4,6.216973,69.54545,5.78289377
665,7/30/2023 0:40,20.1,152.58,4.09,21657438,HOBO,HOBO pH,control,4,6.216973,69.5327,5.783116906
666,7/30/2023 0:50,20.1,152.57,4.09,21657438,HOBO,HOBO pH,control,4,6.216973,69.52845,5.783191285
667,7/30/2023 1:00,20.08,152.5,4.09,21657438,HOBO,HOBO pH,control,4,6.216973,69.4987,5.783711936
668,7/30/2023 1:10,20.08,152.46,4.09,21657438,HOBO,HOBO pH,control,4,6.216973,69.4817,5.78400945
669,7/30/2023 1:20,20.08,152.41,4.1,21657438,HOBO,HOBO pH,control,4,6.22097,69.46045,5.784381344
670,7/30/2023 1:30,20.08,152.46,4.09,21657438,HOBO,HOBO pH,control,4,6.216973,69.4817,5.78400945
671,7/30/2023 1:40,20.1,152.46,4.09,21657438,HOBO,HOBO pH,control,4,6.216973,69.4817,5.78400945
672,7/30/2023 1:50,20.1,152.43,4.1,21657438,HOBO,HOBO pH,control,4,6.22097,69.46895,5.784232587
673,7/30/2023 2:00,20.1,152.38,4.1,21657438,HOBO,HOBO pH,control,4,6.22097,69.4477,5.78460448
674,7/30/2023 2:10,20.08,152.32,4.1,21657438,HOBO,HOBO pH,control,4,6.22097,69.4222,5.785050753
675,7/30/2023 2:20,20.08,152.27,4.1,21657438,HOBO,HOBO pH,control,4,6.22097,69.40095,5.785422646
676,7/30/2023 2:30,20.1,152.3,4.1,21657438,HOBO,HOBO pH,control,4,6.22097,69.4137,5.78519951
677,7/30/2023 2:40,20.1,152.3,4.1,21657438,HOBO,HOBO pH,control,4,6.22097,69.4137,5.78519951
678,7/30/2023 2:50,20.13,152.29,4.1,21657438,HOBO,HOBO pH,control,4,6.22097,69.40945,5.785273889
679,7/30/2023 3:00,20.13,152.29,4.1,21657438,HOBO,HOBO pH,control,4,6.22097,69.40945,5.785273889
680,7/30/2023 3:10,20.15,152.25,4.1,21657438,HOBO,HOBO pH,control,4,6.22097,69.39245,5.785571404
681,7/30/2023 3:20,20.13,152.19,4.1,21657438,HOBO,HOBO pH,control,4,6.22097,69.36695,5.786017676
682,7/30/2023 3:30,20.13,152.15,4.1,21657438,HOBO,HOBO pH,control,4,6.22097,69.34995,5.786315191
683,7/30/2023 3:40,20.1,152.11,4.1,21657438,HOBO,HOBO pH,control,4,6.22097,69.33295,5.786612706
684,7/30/2023 3:50,20.1,152.1,4.1,21657438,HOBO,HOBO pH,control,4,6.22097,69.3287,5.786687084
685,7/30/2023 4:00,20.13,152.11,4.1,21657438,HOBO,HOBO pH,control,4,6.22097,69.33295,5.786612706
686,7/30/2023 4:10,20.13,152.13,4.1,21657438,HOBO,HOBO pH,control,4,6.22097,69.34145,5.786463948
687,7/30/2023 4:20,20.15,152.08,4.1,21657438,HOBO,HOBO pH,control,4,6.22097,69.3202,5.786835842
688,7/30/2023 4:30,20.15,152.1,4.1,21657438,HOBO,HOBO pH,control,4,6.22097,69.3287,5.786687084
689,7/30/2023 4:40,20.15,152.04,4.1,21657438,HOBO,HOBO pH,control,4,6.22097,69.3032,5.787133357
690,7/30/2023 4:50,20.13,151.96,4.1,21657438,HOBO,HOBO pH,control,4,6.22097,69.2692,5.787728386
691,7/30/2023 5:00,20.13,151.93,4.1,21657438,HOBO,HOBO pH,control,4,6.22097,69.25645,5.787951523
692,7/30/2023 5:10,20.13,151.94,4.1,21657438,HOBO,HOBO pH,control,4,6.22097,69.2607,5.787877144
693,7/30/2023 5:20,20.13,151.96,4.1,21657438,HOBO,HOBO pH,control,4,6.22097,69.2692,5.787728386
694,7/30/2023 5:30,20.15,151.97,4.1,21657438,HOBO,HOBO pH,control,4,6.22097,69.27345,5.787654008
695,7/30/2023 5:40,20.15,151.94,4.1,21657438,HOBO,HOBO pH,control,4,6.22097,69.2607,5.787877144
696,7/30/2023 5:50,20.15,151.93,4.1,21657438,HOBO,HOBO pH,control,4,6.22097,69.25645,5.787951523
697,7/30/2023 6:00,20.15,151.91,4.11,21657438,HOBO,HOBO pH,control,4,6.224967,69.24795,5.78810028
698,7/30/2023 6:10,20.13,151.82,4.11,21657438,HOBO,HOBO pH,control,4,6.224967,69.2097,5.788769688
699,7/30/2023 6:20,20.13,151.74,4.11,21657438,HOBO,HOBO pH,control,4,6.224967,69.1757,5.789364718
700,7/30/2023 6:30,20.1,151.8,4.11,21657438,HOBO,HOBO pH,control,4,6.224967,69.2012,5.788918446
701,7/30/2023 6:40,20.13,151.82,4.11,21657438,HOBO,HOBO pH,control,4,6.224967,69.2097,5.788769688
702,7/30/2023 6:50,20.13,151.82,4.11,21657438,HOBO,HOBO pH,control,4,6.224967,69.2097,5.788769688
703,7/30/2023 7:00,20.15,151.82,4.11,21657438,HOBO,HOBO pH,control,4,6.224967,69.2097,5.788769688
704,7/30/2023 7:10,20.15,151.8,4.11,21657438,HOBO,HOBO pH,control,4,6.224967,69.2012,5.788918446
705,7/30/2023 7:20,20.15,151.77,4.11,21657438,HOBO,HOBO pH,control,4,6.224967,69.18845,5.789141582
706,7/30/2023 7:30,20.13,151.69,4.11,21657438,HOBO,HOBO pH,control,4,6.224967,69.15445,5.789736612
707,7/30/2023 7:40,20.1,151.65,4.11,21657438,HOBO,HOBO pH,control,4,6.224967,69.13745,5.790034127
708,7/30/2023 7:50,20.1,151.65,4.11,21657438,HOBO,HOBO pH,control,4,6.224967,69.13745,5.790034127
709,7/30/2023 8:00,20.1,151.69,4.11,21657438,HOBO,HOBO pH,control,4,6.224967,69.15445,5.789736612
710,7/30/2023 8:10,20.13,151.69,4.11,21657438,HOBO,HOBO pH,control,4,6.224967,69.15445,5.789736612
711,7/30/2023 8:20,20.13,151.66,4.11,21657438,HOBO,HOBO pH,control,4,6.224967,69.1417,5.789959748
712,7/30/2023 8:30,20.13,151.68,4.11,21657438,HOBO,HOBO pH,control,4,6.224967,69.1502,5.789810991
713,7/30/2023 8:40,20.15,151.66,4.11,21657438,HOBO,HOBO pH,control,4,6.224967,69.1417,5.789959748
714,7/30/2023 8:50,20.13,151.58,4.11,21657438,HOBO,HOBO pH,control,4,6.224967,69.1077,5.790554778
715,7/30/2023 9:00,20.13,151.54,4.11,21657438,HOBO,HOBO pH,control,4,6.224967,69.0907,5.790852293
716,7/30/2023 9:10,20.1,151.41,4.11,21657438,HOBO,HOBO pH,control,4,6.224967,69.03545,5.791819216
717,7/30/2023 9:20,20.2,150.86,4.12,21657438,HOBO,HOBO pH,control,4,6.228964,68.8017,5.795910046
718,7/30/2023 9:30,20.15,150.93,4.12,21657438,HOBO,HOBO pH,control,4,6.228964,68.83145,5.795389394
719,7/30/2023 9:40,20.29,150.94,4.12,21657438,HOBO,HOBO pH,control,4,6.228964,68.8357,5.795315016
