data2,data1,loggerUid,logDateTime,dateTime,PAR
30.19,14964,CBB9B630C491,1690268400,25-07-2023 10:00:00,405.0809
31.31,4708,CBB9B630C491,1690269000,25-07-2023 10:10:00,126.1177
32.06,4315,CBB9B630C491,1690269600,25-07-2023 10:20:00,115.4281
33.06,9723,CBB9B630C491,1690270200,25-07-2023 10:30:00,262.5257
34.88,20914,CBB9B630C491,1690270800,25-07-2023 10:40:00,566.9209
33.5,34587,CBB9B630C491,1690271400,25-07-2023 10:50:00,938.8265
33.5,41346,CBB9B630C491,1690272000,25-07-2023 11:00:00,1122.6713
33.5,39611,CBB9B630C491,1690272600,25-07-2023 11:10:00,1075.4793
33.69,44747,CBB9B630C491,1690273200,25-07-2023 11:20:00,1215.1785
33.81,45288,CBB9B630C491,1690273800,25-07-2023 11:30:00,1229.8937
34,46271,CBB9B630C491,1690274400,25-07-2023 11:40:00,1256.6313
34,45447,CBB9B630C491,1690275000,25-07-2023 11:50:00,1234.2185
34.19,46948,CBB9B630C491,1690275600,25-07-2023 12:00:00,1275.0457
34.31,47944,CBB9B630C491,1690276200,25-07-2023 12:10:00,1302.1369
34.38,47380,CBB9B630C491,1690276800,25-07-2023 12:20:00,1286.7961
34.13,47321,CBB9B630C491,1690277400,25-07-2023 12:30:00,1285.1913
34,46511,CBB9B630C491,1690278000,25-07-2023 12:40:00,1263.1593
34,46844,CBB9B630C491,1690278600,25-07-2023 12:50:00,1272.2169
33.88,46211,CBB9B630C491,1690279200,25-07-2023 13:00:00,1254.9993
33.94,45977,CBB9B630C491,1690279800,25-07-2023 13:10:00,1248.6345
34,45697,CBB9B630C491,1690280400,25-07-2023 13:20:00,1241.0185
34,44125,CBB9B630C491,1690281000,25-07-2023 13:30:00,1198.2601
34.13,41656,CBB9B630C491,1690281600,25-07-2023 13:40:00,1131.1033
34.31,41109,CBB9B630C491,1690282200,25-07-2023 13:50:00,1116.2249
34.63,40911,CBB9B630C491,1690282800,25-07-2023 14:00:00,1110.8393
34.75,40955,CBB9B630C491,1690283400,25-07-2023 14:10:00,1112.0361
34.63,38938,CBB9B630C491,1690284000,25-07-2023 14:20:00,1057.1737
34.75,37545,CBB9B630C491,1690284600,25-07-2023 14:30:00,1019.2841
34.88,33348,CBB9B630C491,1690285200,25-07-2023 14:40:00,905.1257
35,29536,CBB9B630C491,1690285800,25-07-2023 14:50:00,801.4393
35.19,28610,CBB9B630C491,1690286400,25-07-2023 15:00:00,776.2521
35.19,26683,CBB9B630C491,1690287000,25-07-2023 15:10:00,723.8377
35.13,23019,CBB9B630C491,1690287600,25-07-2023 15:20:00,624.1769
35.19,21548,CBB9B630C491,1690288200,25-07-2023 15:30:00,584.1657
35.25,18680,CBB9B630C491,1690288800,25-07-2023 15:40:00,506.1561
35.31,15814,CBB9B630C491,1690289400,25-07-2023 15:50:00,428.2009
35.25,13765,CBB9B630C491,1690290000,25-07-2023 16:00:00,372.4681
35,27655,CBB9B630C491,1690290600,25-07-2023 16:10:00,750.2761
35.06,25754,CBB9B630C491,1690291200,25-07-2023 16:20:00,698.5689
35,24844,CBB9B630C491,1690291800,25-07-2023 16:30:00,673.8169
34.94,22676,CBB9B630C491,1690292400,25-07-2023 16:40:00,614.8473
34.88,19818,CBB9B630C491,1690293000,25-07-2023 16:50:00,537.1097
34.81,17647,CBB9B630C491,1690293600,25-07-2023 17:00:00,478.0585
34.81,15428,CBB9B630C491,1690294200,25-07-2023 17:10:00,417.7017
34.81,13294,CBB9B630C491,1690294800,25-07-2023 17:20:00,359.6569
34.81,11859,CBB9B630C491,1690295400,25-07-2023 17:30:00,320.6249
34.69,11158,CBB9B630C491,1690296000,25-07-2023 17:40:00,301.5577
34.56,9705,CBB9B630C491,1690296600,25-07-2023 17:50:00,262.0361
34.5,8141,CBB9B630C491,1690297200,25-07-2023 18:00:00,219.4953
34.44,6348,CBB9B630C491,1690297800,25-07-2023 18:10:00,170.7257
34.38,4708,CBB9B630C491,1690298400,25-07-2023 18:20:00,126.1177
34.38,3433,CBB9B630C491,1690299000,25-07-2023 18:30:00,91.4377
34.44,2409,CBB9B630C491,1690299600,25-07-2023 18:40:00,63.5849
34.31,1468,CBB9B630C491,1690300200,25-07-2023 18:50:00,37.9897
34.13,711,CBB9B630C491,1690300800,25-07-2023 19:00:00,17.3993
34.06,236,CBB9B630C491,1690301400,25-07-2023 19:10:00,4.4793
34,62,CBB9B630C491,1690302000,25-07-2023 19:20:00,-0.2535
33.88,9,CBB9B630C491,1690302600,25-07-2023 19:30:00,-1.6951
33.56,0,CBB9B630C491,1690303200,25-07-2023 19:40:00,-1.9399
33.44,0,CBB9B630C491,1690303800,25-07-2023 19:50:00,-1.9399
33.25,0,CBB9B630C491,1690304400,25-07-2023 20:00:00,-1.9399
33.31,0,CBB9B630C491,1690305000,25-07-2023 20:10:00,-1.9399
33.19,0,CBB9B630C491,1690305600,25-07-2023 20:20:00,-1.9399
33.19,0,CBB9B630C491,1690306200,25-07-2023 20:30:00,-1.9399
33.13,0,CBB9B630C491,1690306800,25-07-2023 20:40:00,-1.9399
33,0,CBB9B630C491,1690307400,25-07-2023 20:50:00,-1.9399
32.94,0,CBB9B630C491,1690308000,25-07-2023 21:00:00,-1.9399
32.94,0,CBB9B630C491,1690308600,25-07-2023 21:10:00,-1.9399
32.94,0,CBB9B630C491,1690309200,25-07-2023 21:20:00,-1.9399
32.94,0,CBB9B630C491,1690309800,25-07-2023 21:30:00,-1.9399
32.94,0,CBB9B630C491,1690310400,25-07-2023 21:40:00,-1.9399
33,0,CBB9B630C491,1690311000,25-07-2023 21:50:00,-1.9399
33,0,CBB9B630C491,1690311600,25-07-2023 22:00:00,-1.9399
33,0,CBB9B630C491,1690312200,25-07-2023 22:10:00,-1.9399
32.94,0,CBB9B630C491,1690312800,25-07-2023 22:20:00,-1.9399
32.94,0,CBB9B630C491,1690313400,25-07-2023 22:30:00,-1.9399
32.94,0,CBB9B630C491,1690314000,25-07-2023 22:40:00,-1.9399
32.88,0,CBB9B630C491,1690314600,25-07-2023 22:50:00,-1.9399
32.88,0,CBB9B630C491,1690315200,25-07-2023 23:00:00,-1.9399
32.81,0,CBB9B630C491,1690315800,25-07-2023 23:10:00,-1.9399
32.88,0,CBB9B630C491,1690316400,25-07-2023 23:20:00,-1.9399
32.88,0,CBB9B630C491,1690317000,25-07-2023 23:30:00,-1.9399
32.94,0,CBB9B630C491,1690317600,25-07-2023 23:40:00,-1.9399
32.94,0,CBB9B630C491,1690318200,25-07-2023 23:50:00,-1.9399
33,0,CBB9B630C491,1690318800,26-07-2023 00:00:00,-1.9399
33,0,CBB9B630C491,1690319400,26-07-2023 00:10:00,-1.9399
33.06,0,CBB9B630C491,1690320000,26-07-2023 00:20:00,-1.9399
33,0,CBB9B630C491,1690320600,26-07-2023 00:30:00,-1.9399
32.88,0,CBB9B630C491,1690321200,26-07-2023 00:40:00,-1.9399
32.75,0,CBB9B630C491,1690321800,26-07-2023 00:50:00,-1.9399
32.75,0,CBB9B630C491,1690322400,26-07-2023 01:00:00,-1.9399
32.81,0,CBB9B630C491,1690323000,26-07-2023 01:10:00,-1.9399
32.75,0,CBB9B630C491,1690323600,26-07-2023 01:20:00,-1.9399
32.75,0,CBB9B630C491,1690324200,26-07-2023 01:30:00,-1.9399
32.69,0,CBB9B630C491,1690324800,26-07-2023 01:40:00,-1.9399
32.69,0,CBB9B630C491,1690325400,26-07-2023 01:50:00,-1.9399
32.69,0,CBB9B630C491,1690326000,26-07-2023 02:00:00,-1.9399
32.5,0,CBB9B630C491,1690326600,26-07-2023 02:10:00,-1.9399
32.38,0,CBB9B630C491,1690327200,26-07-2023 02:20:00,-1.9399
32.25,0,CBB9B630C491,1690327800,26-07-2023 02:30:00,-1.9399
32.19,0,CBB9B630C491,1690328400,26-07-2023 02:40:00,-1.9399
32.19,0,CBB9B630C491,1690329000,26-07-2023 02:50:00,-1.9399
32.13,0,CBB9B630C491,1690329600,26-07-2023 03:00:00,-1.9399
32.13,0,CBB9B630C491,1690330200,26-07-2023 03:10:00,-1.9399
32.13,0,CBB9B630C491,1690330800,26-07-2023 03:20:00,-1.9399
32.13,0,CBB9B630C491,1690331400,26-07-2023 03:30:00,-1.9399
32.13,0,CBB9B630C491,1690332000,26-07-2023 03:40:00,-1.9399
32.13,0,CBB9B630C491,1690332600,26-07-2023 03:50:00,-1.9399
32.13,0,CBB9B630C491,1690333200,26-07-2023 04:00:00,-1.9399
32.13,0,CBB9B630C491,1690333800,26-07-2023 04:10:00,-1.9399
32.13,0,CBB9B630C491,1690334400,26-07-2023 04:20:00,-1.9399
32.06,0,CBB9B630C491,1690335000,26-07-2023 04:30:00,-1.9399
32.13,0,CBB9B630C491,1690335600,26-07-2023 04:40:00,-1.9399
32.06,0,CBB9B630C491,1690336200,26-07-2023 04:50:00,-1.9399
32,0,CBB9B630C491,1690336800,26-07-2023 05:00:00,-1.9399
32.06,0,CBB9B630C491,1690337400,26-07-2023 05:10:00,-1.9399
32.06,0,CBB9B630C491,1690338000,26-07-2023 05:20:00,-1.9399
32.13,0,CBB9B630C491,1690338600,26-07-2023 05:30:00,-1.9399
32.13,5,CBB9B630C491,1690339200,26-07-2023 05:40:00,-1.8039
32.13,59,CBB9B630C491,1690339800,26-07-2023 05:50:00,-0.3351
32.13,233,CBB9B630C491,1690340400,26-07-2023 06:00:00,4.3977
32.13,728,CBB9B630C491,1690341000,26-07-2023 06:10:00,17.8617
32.13,1479,CBB9B630C491,1690341600,26-07-2023 06:20:00,38.2889
32.13,2379,CBB9B630C491,1690342200,26-07-2023 06:30:00,62.7689
32.13,3376,CBB9B630C491,1690342800,26-07-2023 06:40:00,89.8873
32.13,4444,CBB9B630C491,1690343400,26-07-2023 06:50:00,118.9369
32.13,5729,CBB9B630C491,1690344000,26-07-2023 07:00:00,153.8889
32.13,7110,CBB9B630C491,1690344600,26-07-2023 07:10:00,191.4521
32.13,8540,CBB9B630C491,1690345200,26-07-2023 07:20:00,230.3481
32.19,10535,CBB9B630C491,1690345800,26-07-2023 07:30:00,284.6121
32.19,12137,CBB9B630C491,1690346400,26-07-2023 07:40:00,328.1865
32.25,13834,CBB9B630C491,1690347000,26-07-2023 07:50:00,374.3449
32.31,16505,CBB9B630C491,1690347600,26-07-2023 08:00:00,446.9961
32.38,19157,CBB9B630C491,1690348200,26-07-2023 08:10:00,519.1305
32.44,21382,CBB9B630C491,1690348800,26-07-2023 08:20:00,579.6505
32.44,23341,CBB9B630C491,1690349400,26-07-2023 08:30:00,632.9353
32.38,25252,CBB9B630C491,1690350000,26-07-2023 08:40:00,684.9145
32.44,26991,CBB9B630C491,1690350600,26-07-2023 08:50:00,732.2153
32.63,29770,CBB9B630C491,1690351200,26-07-2023 09:00:00,807.8041
32.69,31938,CBB9B630C491,1690351800,26-07-2023 09:10:00,866.7737
32.81,33339,CBB9B630C491,1690352400,26-07-2023 09:20:00,904.8809
32.88,35263,CBB9B630C491,1690353000,26-07-2023 09:30:00,957.2137
32.88,35490,CBB9B630C491,1690353600,26-07-2023 09:40:00,963.3881
32.88,37591,CBB9B630C491,1690354200,26-07-2023 09:50:00,1020.5353
33,38906,CBB9B630C491,1690354800,26-07-2023 10:00:00,1056.3033
33.06,36567,CBB9B630C491,1690355400,26-07-2023 10:10:00,992.6825
33.19,38047,CBB9B630C491,1690356000,26-07-2023 10:20:00,1032.9385
33.25,36502,CBB9B630C491,1690356600,26-07-2023 10:30:00,990.9145
33.38,37075,CBB9B630C491,1690357200,26-07-2023 10:40:00,1006.5001
33.5,42561,CBB9B630C491,1690357800,26-07-2023 10:50:00,1155.7193
33.5,42788,CBB9B630C491,1690358400,26-07-2023 11:00:00,1161.8937
33.5,43282,CBB9B630C491,1690359000,26-07-2023 11:10:00,1175.3305
33.5,43949,CBB9B630C491,1690359600,26-07-2023 11:20:00,1193.4729
33.63,45041,CBB9B630C491,1690360200,26-07-2023 11:30:00,1223.1753
33.69,44898,CBB9B630C491,1690360800,26-07-2023 11:40:00,1219.2857
33.75,43479,CBB9B630C491,1690361400,26-07-2023 11:50:00,1180.6889
33.69,45721,CBB9B630C491,1690362000,26-07-2023 12:00:00,1241.6713
33.63,45566,CBB9B630C491,1690362600,26-07-2023 12:10:00,1237.4553
33.69,45370,CBB9B630C491,1690363200,26-07-2023 12:20:00,1232.1241
33.75,45154,CBB9B630C491,1690363800,26-07-2023 12:30:00,1226.2489
33.81,45447,CBB9B630C491,1690364400,26-07-2023 12:40:00,1234.2185
34,46058,CBB9B630C491,1690365000,26-07-2023 12:50:00,1250.8377
34.19,45373,CBB9B630C491,1690365600,26-07-2023 13:00:00,1232.2057
34.38,44521,CBB9B630C491,1690366200,26-07-2023 13:10:00,1209.0313
34.5,43854,CBB9B630C491,1690366800,26-07-2023 13:20:00,1190.8889
34.63,43909,CBB9B630C491,1690367400,26-07-2023 13:30:00,1192.3849
34.75,43646,CBB9B630C491,1690368000,26-07-2023 13:40:00,1185.2313
34.88,42501,CBB9B630C491,1690368600,26-07-2023 13:50:00,1154.0873
34.94,42022,CBB9B630C491,1690369200,26-07-2023 14:00:00,1141.0585
35,41009,CBB9B630C491,1690369800,26-07-2023 14:10:00,1113.5049
35.06,40469,CBB9B630C491,1690370400,26-07-2023 14:20:00,1098.8169
35.13,38961,CBB9B630C491,1690371000,26-07-2023 14:30:00,1057.7993
35.19,38189,CBB9B630C491,1690371600,26-07-2023 14:40:00,1036.8009
35.19,36778,CBB9B630C491,1690372200,26-07-2023 14:50:00,998.4217
35.25,35688,CBB9B630C491,1690372800,26-07-2023 15:00:00,968.7737
35.31,34471,CBB9B630C491,1690373400,26-07-2023 15:10:00,935.6713
35.25,32849,CBB9B630C491,1690374000,26-07-2023 15:20:00,891.5529
35.25,31876,CBB9B630C491,1690374600,26-07-2023 15:30:00,865.0873
35.25,30131,CBB9B630C491,1690375200,26-07-2023 15:40:00,817.6233
35.19,28711,CBB9B630C491,1690375800,26-07-2023 15:50:00,778.9993
35.19,26999,CBB9B630C491,1690376400,26-07-2023 16:00:00,732.4329
35.13,27698,CBB9B630C491,1690377000,26-07-2023 16:10:00,751.4457
35.13,25444,CBB9B630C491,1690377600,26-07-2023 16:20:00,690.1369
35,22969,CBB9B630C491,1690378200,26-07-2023 16:30:00,622.8169
34.88,20159,CBB9B630C491,1690378800,26-07-2023 16:40:00,546.3849
34.81,18004,CBB9B630C491,1690379400,26-07-2023 16:50:00,487.7689
34.63,15459,CBB9B630C491,1690380000,26-07-2023 17:00:00,418.5449
34.56,13312,CBB9B630C491,1690380600,26-07-2023 17:10:00,360.1465
34.63,13633,CBB9B630C491,1690381200,26-07-2023 17:20:00,368.8777
34.63,12615,CBB9B630C491,1690381800,26-07-2023 17:30:00,341.1881
34.38,10947,CBB9B630C491,1690382400,26-07-2023 17:40:00,295.8185
34.25,9231,CBB9B630C491,1690383000,26-07-2023 17:50:00,249.1433
34,7518,CBB9B630C491,1690383600,26-07-2023 18:00:00,202.5497
33.88,5971,CBB9B630C491,1690384200,26-07-2023 18:10:00,160.4713
33.75,4430,CBB9B630C491,1690384800,26-07-2023 18:20:00,118.5561
33.69,2884,CBB9B630C491,1690385400,26-07-2023 18:30:00,76.5049
33.56,1812,CBB9B630C491,1690386000,26-07-2023 18:40:00,47.3465
33.56,1013,CBB9B630C491,1690386600,26-07-2023 18:50:00,25.6137
33.5,598,CBB9B630C491,1690387200,26-07-2023 19:00:00,14.3257
33.31,243,CBB9B630C491,1690387800,26-07-2023 19:10:00,4.6697
33.19,51,CBB9B630C491,1690388400,26-07-2023 19:20:00,-0.5527
33.06,5,CBB9B630C491,1690389000,26-07-2023 19:30:00,-1.8039
32.94,1,CBB9B630C491,1690389600,26-07-2023 19:40:00,-1.9127
32.88,0,CBB9B630C491,1690390200,26-07-2023 19:50:00,-1.9399
32.75,0,CBB9B630C491,1690390800,26-07-2023 20:00:00,-1.9399
32.69,0,CBB9B630C491,1690391400,26-07-2023 20:10:00,-1.9399
32.63,0,CBB9B630C491,1690392000,26-07-2023 20:20:00,-1.9399
32.56,0,CBB9B630C491,1690392600,26-07-2023 20:30:00,-1.9399
32.56,0,CBB9B630C491,1690393200,26-07-2023 20:40:00,-1.9399
32.44,0,CBB9B630C491,1690393800,26-07-2023 20:50:00,-1.9399
32.31,0,CBB9B630C491,1690394400,26-07-2023 21:00:00,-1.9399
32.25,0,CBB9B630C491,1690395000,26-07-2023 21:10:00,-1.9399
32.19,0,CBB9B630C491,1690395600,26-07-2023 21:20:00,-1.9399
32.19,0,CBB9B630C491,1690396200,26-07-2023 21:30:00,-1.9399
32.13,0,CBB9B630C491,1690396800,26-07-2023 21:40:00,-1.9399
32.19,0,CBB9B630C491,1690397400,26-07-2023 21:50:00,-1.9399
32.19,0,CBB9B630C491,1690398000,26-07-2023 22:00:00,-1.9399
32.19,0,CBB9B630C491,1690398600,26-07-2023 22:10:00,-1.9399
32.25,0,CBB9B630C491,1690399200,26-07-2023 22:20:00,-1.9399
32.38,0,CBB9B630C491,1690399800,26-07-2023 22:30:00,-1.9399
32.5,0,CBB9B630C491,1690400400,26-07-2023 22:40:00,-1.9399
32.63,0,CBB9B630C491,1690401000,26-07-2023 22:50:00,-1.9399
32.63,0,CBB9B630C491,1690401600,26-07-2023 23:00:00,-1.9399
32.63,0,CBB9B630C491,1690402200,26-07-2023 23:10:00,-1.9399
32.56,0,CBB9B630C491,1690402800,26-07-2023 23:20:00,-1.9399
32.63,0,CBB9B630C491,1690403400,26-07-2023 23:30:00,-1.9399
32.69,0,CBB9B630C491,1690404000,26-07-2023 23:40:00,-1.9399
32.69,0,CBB9B630C491,1690404600,26-07-2023 23:50:00,-1.9399
32.63,0,CBB9B630C491,1690405200,27-07-2023 00:00:00,-1.9399
32.63,0,CBB9B630C491,1690405800,27-07-2023 00:10:00,-1.9399
32.56,0,CBB9B630C491,1690406400,27-07-2023 00:20:00,-1.9399
32.56,0,CBB9B630C491,1690407000,27-07-2023 00:30:00,-1.9399
32.5,0,CBB9B630C491,1690407600,27-07-2023 00:40:00,-1.9399
32.5,0,CBB9B630C491,1690408200,27-07-2023 00:50:00,-1.9399
32.5,0,CBB9B630C491,1690408800,27-07-2023 01:00:00,-1.9399
32.44,0,CBB9B630C491,1690409400,27-07-2023 01:10:00,-1.9399
32.44,0,CBB9B630C491,1690410000,27-07-2023 01:20:00,-1.9399
32.44,0,CBB9B630C491,1690410600,27-07-2023 01:30:00,-1.9399
32.44,0,CBB9B630C491,1690411200,27-07-2023 01:40:00,-1.9399
32.44,0,CBB9B630C491,1690411800,27-07-2023 01:50:00,-1.9399
32.38,0,CBB9B630C491,1690412400,27-07-2023 02:00:00,-1.9399
32.38,0,CBB9B630C491,1690413000,27-07-2023 02:10:00,-1.9399
32.44,0,CBB9B630C491,1690413600,27-07-2023 02:20:00,-1.9399
32.44,0,CBB9B630C491,1690414200,27-07-2023 02:30:00,-1.9399
32.5,0,CBB9B630C491,1690414800,27-07-2023 02:40:00,-1.9399
32.5,0,CBB9B630C491,1690415400,27-07-2023 02:50:00,-1.9399
32.5,0,CBB9B630C491,1690416000,27-07-2023 03:00:00,-1.9399
32.56,0,CBB9B630C491,1690416600,27-07-2023 03:10:00,-1.9399
32.56,0,CBB9B630C491,1690417200,27-07-2023 03:20:00,-1.9399
32.56,0,CBB9B630C491,1690417800,27-07-2023 03:30:00,-1.9399
32.56,0,CBB9B630C491,1690418400,27-07-2023 03:40:00,-1.9399
32.56,0,CBB9B630C491,1690419000,27-07-2023 03:50:00,-1.9399
32.56,0,CBB9B630C491,1690419600,27-07-2023 04:00:00,-1.9399
32.5,0,CBB9B630C491,1690420200,27-07-2023 04:10:00,-1.9399
32.5,0,CBB9B630C491,1690420800,27-07-2023 04:20:00,-1.9399
32.5,0,CBB9B630C491,1690421400,27-07-2023 04:30:00,-1.9399
32.38,0,CBB9B630C491,1690422000,27-07-2023 04:40:00,-1.9399
32.25,0,CBB9B630C491,1690422600,27-07-2023 04:50:00,-1.9399
32.13,0,CBB9B630C491,1690423200,27-07-2023 05:00:00,-1.9399
32,0,CBB9B630C491,1690423800,27-07-2023 05:10:00,-1.9399
31.94,0,CBB9B630C491,1690424400,27-07-2023 05:20:00,-1.9399
31.88,0,CBB9B630C491,1690425000,27-07-2023 05:30:00,-1.9399
31.81,7,CBB9B630C491,1690425600,27-07-2023 05:40:00,-1.7495
31.63,74,CBB9B630C491,1690426200,27-07-2023 05:50:00,0.0729
31.5,289,CBB9B630C491,1690426800,27-07-2023 06:00:00,5.9209
31.38,736,CBB9B630C491,1690427400,27-07-2023 06:10:00,18.0793
31.25,1407,CBB9B630C491,1690428000,27-07-2023 06:20:00,36.3305
31.06,2265,CBB9B630C491,1690428600,27-07-2023 06:30:00,59.6681
31,3281,CBB9B630C491,1690429200,27-07-2023 06:40:00,87.3033
30.94,4510,CBB9B630C491,1690429800,27-07-2023 06:50:00,120.7321
30.88,5905,CBB9B630C491,1690430400,27-07-2023 07:00:00,158.6761
30.81,7519,CBB9B630C491,1690431000,27-07-2023 07:10:00,202.5769
30.88,9352,CBB9B630C491,1690431600,27-07-2023 07:20:00,252.4345
31,11379,CBB9B630C491,1690432200,27-07-2023 07:30:00,307.5689
31.19,13636,CBB9B630C491,1690432800,27-07-2023 07:40:00,368.9593
31.44,15887,CBB9B630C491,1690433400,27-07-2023 07:50:00,430.1865
31.56,17721,CBB9B630C491,1690434000,27-07-2023 08:00:00,480.0713
31.75,19686,CBB9B630C491,1690434600,27-07-2023 08:10:00,533.5193
31.94,21738,CBB9B630C491,1690435200,27-07-2023 08:20:00,589.3337
32.06,23825,CBB9B630C491,1690435800,27-07-2023 08:30:00,646.1001
32.19,26002,CBB9B630C491,1690436400,27-07-2023 08:40:00,705.3145
32.38,27951,CBB9B630C491,1690437000,27-07-2023 08:50:00,758.3273
32.5,30110,CBB9B630C491,1690437600,27-07-2023 09:00:00,817.0521
32.63,31861,CBB9B630C491,1690438200,27-07-2023 09:10:00,864.6793
32.75,33826,CBB9B630C491,1690438800,27-07-2023 09:20:00,918.1273
32.88,35751,CBB9B630C491,1690439400,27-07-2023 09:30:00,970.4873
33,37676,CBB9B630C491,1690440000,27-07-2023 09:40:00,1022.8473
33.13,39324,CBB9B630C491,1690440600,27-07-2023 09:50:00,1067.6729
33.25,40774,CBB9B630C491,1690441200,27-07-2023 10:00:00,1107.1129
33.38,42533,CBB9B630C491,1690441800,27-07-2023 10:10:00,1154.9577
33.44,43979,CBB9B630C491,1690442400,27-07-2023 10:20:00,1194.2889
33.56,45122,CBB9B630C491,1690443000,27-07-2023 10:30:00,1225.3785
33.63,46041,CBB9B630C491,1690443600,27-07-2023 10:40:00,1250.3753
33.69,47126,CBB9B630C491,1690444200,27-07-2023 10:50:00,1279.8873
33.75,48197,CBB9B630C491,1690444800,27-07-2023 11:00:00,1309.0185
33.75,49148,CBB9B630C491,1690445400,27-07-2023 11:10:00,1334.8857
33.88,49695,CBB9B630C491,1690446000,27-07-2023 11:20:00,1349.7641
34.06,50262,CBB9B630C491,1690446600,27-07-2023 11:30:00,1365.1865
34.13,50781,CBB9B630C491,1690447200,27-07-2023 11:40:00,1379.3033
34.13,51037,CBB9B630C491,1690447800,27-07-2023 11:50:00,1386.2665
34,51517,CBB9B630C491,1690448400,27-07-2023 12:00:00,1399.3225
34,51559,CBB9B630C491,1690449000,27-07-2023 12:10:00,1400.4649
34.19,51681,CBB9B630C491,1690449600,27-07-2023 12:20:00,1403.7833
34.31,51644,CBB9B630C491,1690450200,27-07-2023 12:30:00,1402.7769
34.44,51710,CBB9B630C491,1690450800,27-07-2023 12:40:00,1404.5721
34.56,51559,CBB9B630C491,1690451400,27-07-2023 12:50:00,1400.4649
34.69,51204,CBB9B630C491,1690452000,27-07-2023 13:00:00,1390.8089
34.81,50407,CBB9B630C491,1690452600,27-07-2023 13:10:00,1369.1305
34.94,49436,CBB9B630C491,1690453200,27-07-2023 13:20:00,1342.7193
35.19,48509,CBB9B630C491,1690453800,27-07-2023 13:30:00,1317.5049
35.38,47901,CBB9B630C491,1690454400,27-07-2023 13:40:00,1300.9673
35.5,46870,CBB9B630C491,1690455000,27-07-2023 13:50:00,1272.9241
35.56,46079,CBB9B630C491,1690455600,27-07-2023 14:00:00,1251.4089
35.5,44842,CBB9B630C491,1690456200,27-07-2023 14:10:00,1217.7625
35.31,43855,CBB9B630C491,1690456800,27-07-2023 14:20:00,1190.9161
35.19,43131,CBB9B630C491,1690457400,27-07-2023 14:30:00,1171.2233
35.06,41999,CBB9B630C491,1690458000,27-07-2023 14:40:00,1140.4329
34.88,40634,CBB9B630C491,1690458600,27-07-2023 14:50:00,1103.3049
34.69,39201,CBB9B630C491,1690459200,27-07-2023 15:00:00,1064.3273
34.44,37533,CBB9B630C491,1690459800,27-07-2023 15:10:00,1018.9577
34.25,36285,CBB9B630C491,1690460400,27-07-2023 15:20:00,985.0121
34.19,34498,CBB9B630C491,1690461000,27-07-2023 15:30:00,936.4057
34.13,32884,CBB9B630C491,1690461600,27-07-2023 15:40:00,892.5049
34,31123,CBB9B630C491,1690462200,27-07-2023 15:50:00,844.6057
33.94,29308,CBB9B630C491,1690462800,27-07-2023 16:00:00,795.2377
33.81,25462,CBB9B630C491,1690463400,27-07-2023 16:10:00,690.6265
33.75,23627,CBB9B630C491,1690464000,27-07-2023 16:20:00,640.7145
33.69,21962,CBB9B630C491,1690464600,27-07-2023 16:30:00,595.4265
33.63,20103,CBB9B630C491,1690465200,27-07-2023 16:40:00,544.8617
33.63,18246,CBB9B630C491,1690465800,27-07-2023 16:50:00,494.3513
33.5,16338,CBB9B630C491,1690466400,27-07-2023 17:00:00,442.4537
33.5,14531,CBB9B630C491,1690467000,27-07-2023 17:10:00,393.3033
33.44,12675,CBB9B630C491,1690467600,27-07-2023 17:20:00,342.8201
33.38,10983,CBB9B630C491,1690468200,27-07-2023 17:30:00,296.7977
33.31,9343,CBB9B630C491,1690468800,27-07-2023 17:40:00,252.1897
33.25,7775,CBB9B630C491,1690469400,27-07-2023 17:50:00,209.5401
33.25,6282,CBB9B630C491,1690470000,27-07-2023 18:00:00,168.9305
33.19,4943,CBB9B630C491,1690470600,27-07-2023 18:10:00,132.5097
33.13,3757,CBB9B630C491,1690471200,27-07-2023 18:20:00,100.2505
33,2721,CBB9B630C491,1690471800,27-07-2023 18:30:00,72.0713
33,1839,CBB9B630C491,1690472400,27-07-2023 18:40:00,48.0809
32.94,1110,CBB9B630C491,1690473000,27-07-2023 18:50:00,28.2521
32.81,568,CBB9B630C491,1690473600,27-07-2023 19:00:00,13.5097
32.75,228,CBB9B630C491,1690474200,27-07-2023 19:10:00,4.2617
32.69,62,CBB9B630C491,1690474800,27-07-2023 19:20:00,-0.2535
32.56,9,CBB9B630C491,1690475400,27-07-2023 19:30:00,-1.6951
32.5,0,CBB9B630C491,1690476000,27-07-2023 19:40:00,-1.9399
32.38,0,CBB9B630C491,1690476600,27-07-2023 19:50:00,-1.9399
32.25,0,CBB9B630C491,1690477200,27-07-2023 20:00:00,-1.9399
32.13,0,CBB9B630C491,1690477800,27-07-2023 20:10:00,-1.9399
32.06,0,CBB9B630C491,1690478400,27-07-2023 20:20:00,-1.9399
32,0,CBB9B630C491,1690479000,27-07-2023 20:30:00,-1.9399
31.94,0,CBB9B630C491,1690479600,27-07-2023 20:40:00,-1.9399
31.94,0,CBB9B630C491,1690480200,27-07-2023 20:50:00,-1.9399
31.94,0,CBB9B630C491,1690480800,27-07-2023 21:00:00,-1.9399
31.94,0,CBB9B630C491,1690481400,27-07-2023 21:10:00,-1.9399
31.88,0,CBB9B630C491,1690482000,27-07-2023 21:20:00,-1.9399
31.88,0,CBB9B630C491,1690482600,27-07-2023 21:30:00,-1.9399
31.88,0,CBB9B630C491,1690483200,27-07-2023 21:40:00,-1.9399
31.88,0,CBB9B630C491,1690483800,27-07-2023 21:50:00,-1.9399
31.88,0,CBB9B630C491,1690484400,27-07-2023 22:00:00,-1.9399
31.88,0,CBB9B630C491,1690485000,27-07-2023 22:10:00,-1.9399
31.88,0,CBB9B630C491,1690485600,27-07-2023 22:20:00,-1.9399
32.13,0,CBB9B630C491,1690486200,27-07-2023 22:30:00,-1.9399
32.38,0,CBB9B630C491,1690486800,27-07-2023 22:40:00,-1.9399
32.44,0,CBB9B630C491,1690487400,27-07-2023 22:50:00,-1.9399
32.44,0,CBB9B630C491,1690488000,27-07-2023 23:00:00,-1.9399
32.44,0,CBB9B630C491,1690488600,27-07-2023 23:10:00,-1.9399
32.56,0,CBB9B630C491,1690489200,27-07-2023 23:20:00,-1.9399
32.69,0,CBB9B630C491,1690489800,27-07-2023 23:30:00,-1.9399
32.75,0,CBB9B630C491,1690490400,27-07-2023 23:40:00,-1.9399
32.75,0,CBB9B630C491,1690491000,27-07-2023 23:50:00,-1.9399
32.75,0,CBB9B630C491,1690491600,28-07-2023 00:00:00,-1.9399
32.81,0,CBB9B630C491,1690492200,28-07-2023 00:10:00,-1.9399
32.81,0,CBB9B630C491,1690492800,28-07-2023 00:20:00,-1.9399
32.81,0,CBB9B630C491,1690493400,28-07-2023 00:30:00,-1.9399
32.81,0,CBB9B630C491,1690494000,28-07-2023 00:40:00,-1.9399
32.81,0,CBB9B630C491,1690494600,28-07-2023 00:50:00,-1.9399
32.81,0,CBB9B630C491,1690495200,28-07-2023 01:00:00,-1.9399
32.81,0,CBB9B630C491,1690495800,28-07-2023 01:10:00,-1.9399
32.81,0,CBB9B630C491,1690496400,28-07-2023 01:20:00,-1.9399
32.75,0,CBB9B630C491,1690497000,28-07-2023 01:30:00,-1.9399
32.75,0,CBB9B630C491,1690497600,28-07-2023 01:40:00,-1.9399
32.75,0,CBB9B630C491,1690498200,28-07-2023 01:50:00,-1.9399
32.69,0,CBB9B630C491,1690498800,28-07-2023 02:00:00,-1.9399
32.69,0,CBB9B630C491,1690499400,28-07-2023 02:10:00,-1.9399
32.63,0,CBB9B630C491,1690500000,28-07-2023 02:20:00,-1.9399
32.56,0,CBB9B630C491,1690500600,28-07-2023 02:30:00,-1.9399
32.56,0,CBB9B630C491,1690501200,28-07-2023 02:40:00,-1.9399
32.56,0,CBB9B630C491,1690501800,28-07-2023 02:50:00,-1.9399
32.63,0,CBB9B630C491,1690502400,28-07-2023 03:00:00,-1.9399
32.63,0,CBB9B630C491,1690503000,28-07-2023 03:10:00,-1.9399
32.56,0,CBB9B630C491,1690503600,28-07-2023 03:20:00,-1.9399
32.56,0,CBB9B630C491,1690504200,28-07-2023 03:30:00,-1.9399
32.56,0,CBB9B630C491,1690504800,28-07-2023 03:40:00,-1.9399
32.5,0,CBB9B630C491,1690505400,28-07-2023 03:50:00,-1.9399
32.56,0,CBB9B630C491,1690506000,28-07-2023 04:00:00,-1.9399
32.56,0,CBB9B630C491,1690506600,28-07-2023 04:10:00,-1.9399
32.56,0,CBB9B630C491,1690507200,28-07-2023 04:20:00,-1.9399
32.5,0,CBB9B630C491,1690507800,28-07-2023 04:30:00,-1.9399
32.5,0,CBB9B630C491,1690508400,28-07-2023 04:40:00,-1.9399
32.44,0,CBB9B630C491,1690509000,28-07-2023 04:50:00,-1.9399
32.31,0,CBB9B630C491,1690509600,28-07-2023 05:00:00,-1.9399
32.06,0,CBB9B630C491,1690510200,28-07-2023 05:10:00,-1.9399
31.94,0,CBB9B630C491,1690510800,28-07-2023 05:20:00,-1.9399
31.75,0,CBB9B630C491,1690511400,28-07-2023 05:30:00,-1.9399
31.63,4,CBB9B630C491,1690512000,28-07-2023 05:40:00,-1.8311
31.5,43,CBB9B630C491,1690512600,28-07-2023 05:50:00,-0.7703
31.38,184,CBB9B630C491,1690513200,28-07-2023 06:00:00,3.0649
31.31,565,CBB9B630C491,1690513800,28-07-2023 06:10:00,13.4281
31.25,1117,CBB9B630C491,1690514400,28-07-2023 06:20:00,28.4425
31.19,1772,CBB9B630C491,1690515000,28-07-2023 06:30:00,46.2585
31.13,2673,CBB9B630C491,1690515600,28-07-2023 06:40:00,70.7657
31.06,3818,CBB9B630C491,1690516200,28-07-2023 06:50:00,101.9097
31,5146,CBB9B630C491,1690516800,28-07-2023 07:00:00,138.0313
30.88,6572,CBB9B630C491,1690517400,28-07-2023 07:10:00,176.8185
30.88,8178,CBB9B630C491,1690518000,28-07-2023 07:20:00,220.5017
30.88,9887,CBB9B630C491,1690518600,28-07-2023 07:30:00,266.9865
31,11745,CBB9B630C491,1690519200,28-07-2023 07:40:00,317.5241
31.13,13576,CBB9B630C491,1690519800,28-07-2023 07:50:00,367.3273
31.25,15511,CBB9B630C491,1690520400,28-07-2023 08:00:00,419.9593
31.38,17610,CBB9B630C491,1690521000,28-07-2023 08:10:00,477.0521
31.63,19709,CBB9B630C491,1690521600,28-07-2023 08:20:00,534.1449
31.94,21679,CBB9B630C491,1690522200,28-07-2023 08:30:00,587.7289
32.13,23817,CBB9B630C491,1690522800,28-07-2023 08:40:00,645.8825
32.31,26075,CBB9B630C491,1690523400,28-07-2023 08:50:00,707.3001
32.44,27888,CBB9B630C491,1690524000,28-07-2023 09:00:00,756.6137
32.56,29769,CBB9B630C491,1690524600,28-07-2023 09:10:00,807.7769
32.69,31799,CBB9B630C491,1690525200,28-07-2023 09:20:00,862.9929
32.81,33185,CBB9B630C491,1690525800,28-07-2023 09:30:00,900.6921
32.94,35254,CBB9B630C491,1690526400,28-07-2023 09:40:00,956.9689
33.13,36740,CBB9B630C491,1690527000,28-07-2023 09:50:00,997.3881
33.25,37731,CBB9B630C491,1690527600,28-07-2023 10:00:00,1024.3433
33.31,39705,CBB9B630C491,1690528200,28-07-2023 10:10:00,1078.0361
33.44,41172,CBB9B630C491,1690528800,28-07-2023 10:20:00,1117.9385
33.5,42550,CBB9B630C491,1690529400,28-07-2023 10:30:00,1155.4201
33.56,43533,CBB9B630C491,1690530000,28-07-2023 10:40:00,1182.1577
33.56,44357,CBB9B630C491,1690530600,28-07-2023 10:50:00,1204.5705
33.56,45651,CBB9B630C491,1690531200,28-07-2023 11:00:00,1239.7673
33.56,46850,CBB9B630C491,1690531800,28-07-2023 11:10:00,1272.3801
33.56,48322,CBB9B630C491,1690532400,28-07-2023 11:20:00,1312.4185
33.63,49232,CBB9B630C491,1690533000,28-07-2023 11:30:00,1337.1705
33.81,49287,CBB9B630C491,1690533600,28-07-2023 11:40:00,1338.6665
34,49917,CBB9B630C491,1690534200,28-07-2023 11:50:00,1355.8025
34.19,49994,CBB9B630C491,1690534800,28-07-2023 12:00:00,1357.8969
34.31,49575,CBB9B630C491,1690535400,28-07-2023 12:10:00,1346.5001
34.38,49655,CBB9B630C491,1690536000,28-07-2023 12:20:00,1348.6761
34.44,49953,CBB9B630C491,1690536600,28-07-2023 12:30:00,1356.7817
34.5,49738,CBB9B630C491,1690537200,28-07-2023 12:40:00,1350.9337
34.56,49618,CBB9B630C491,1690537800,28-07-2023 12:50:00,1347.6697
34.69,49345,CBB9B630C491,1690538400,28-07-2023 13:00:00,1340.2441
34.75,48968,CBB9B630C491,1690539000,28-07-2023 13:10:00,1329.9897
34.75,48047,CBB9B630C491,1690539600,28-07-2023 13:20:00,1304.9385
34.81,47618,CBB9B630C491,1690540200,28-07-2023 13:30:00,1293.2697
34.81,47285,CBB9B630C491,1690540800,28-07-2023 13:40:00,1284.2121
34.88,46295,CBB9B630C491,1690541400,28-07-2023 13:50:00,1257.2841
34.81,45020,CBB9B630C491,1690542000,28-07-2023 14:00:00,1222.6041
34.88,44053,CBB9B630C491,1690542600,28-07-2023 14:10:00,1196.3017
34.88,42711,CBB9B630C491,1690543200,28-07-2023 14:20:00,1159.7993
34.94,41507,CBB9B630C491,1690543800,28-07-2023 14:30:00,1127.0505
35,40326,CBB9B630C491,1690544400,28-07-2023 14:40:00,1094.9273
34.94,38686,CBB9B630C491,1690545000,28-07-2023 14:50:00,1050.3193
34.88,37338,CBB9B630C491,1690545600,28-07-2023 15:00:00,1013.6537
34.88,36458,CBB9B630C491,1690546200,28-07-2023 15:10:00,989.7177
34.81,34902,CBB9B630C491,1690546800,28-07-2023 15:20:00,947.3945
34.69,33625,CBB9B630C491,1690547400,28-07-2023 15:30:00,912.6601
34.63,31725,CBB9B630C491,1690548000,28-07-2023 15:40:00,860.9801
34.63,29923,CBB9B630C491,1690548600,28-07-2023 15:50:00,811.9657
34.56,28270,CBB9B630C491,1690549200,28-07-2023 16:00:00,767.0041
34.5,28297,CBB9B630C491,1690549800,28-07-2023 16:10:00,767.7385
34.5,26302,CBB9B630C491,1690550400,28-07-2023 16:20:00,713.4745
34.44,23866,CBB9B630C491,1690551000,28-07-2023 16:30:00,647.2153
34.44,22443,CBB9B630C491,1690551600,28-07-2023 16:40:00,608.5097
34.38,20344,CBB9B630C491,1690552200,28-07-2023 16:50:00,551.4169
34.31,18619,CBB9B630C491,1690552800,28-07-2023 17:00:00,504.4969
34.25,16687,CBB9B630C491,1690553400,28-07-2023 17:10:00,451.9465
34.06,14668,CBB9B630C491,1690554000,28-07-2023 17:20:00,397.0297
33.94,12585,CBB9B630C491,1690554600,28-07-2023 17:30:00,340.3721
33.88,10671,CBB9B630C491,1690555200,28-07-2023 17:40:00,288.3113
33.81,8760,CBB9B630C491,1690555800,28-07-2023 17:50:00,236.3321
33.69,7255,CBB9B630C491,1690556400,28-07-2023 18:00:00,195.3961
33.56,5814,CBB9B630C491,1690557000,28-07-2023 18:10:00,156.2009
33.5,4381,CBB9B630C491,1690557600,28-07-2023 18:20:00,117.2233
33.31,3144,CBB9B630C491,1690558200,28-07-2023 18:30:00,83.5769
33.19,2139,CBB9B630C491,1690558800,28-07-2023 18:40:00,56.2409
32.94,1332,CBB9B630C491,1690559400,28-07-2023 18:50:00,34.2905
32.81,672,CBB9B630C491,1690560000,28-07-2023 19:00:00,16.3385
32.69,223,CBB9B630C491,1690560600,28-07-2023 19:10:00,4.1257
32.63,72,CBB9B630C491,1690561200,28-07-2023 19:20:00,0.0185
32.44,9,CBB9B630C491,1690561800,28-07-2023 19:30:00,-1.6951
32.38,0,CBB9B630C491,1690562400,28-07-2023 19:40:00,-1.9399
32.25,0,CBB9B630C491,1690563000,28-07-2023 19:50:00,-1.9399
32.13,0,CBB9B630C491,1690563600,28-07-2023 20:00:00,-1.9399
32.06,0,CBB9B630C491,1690564200,28-07-2023 20:10:00,-1.9399
31.94,0,CBB9B630C491,1690564800,28-07-2023 20:20:00,-1.9399
31.88,0,CBB9B630C491,1690565400,28-07-2023 20:30:00,-1.9399
31.88,0,CBB9B630C491,1690566000,28-07-2023 20:40:00,-1.9399
31.81,0,CBB9B630C491,1690566600,28-07-2023 20:50:00,-1.9399
31.75,0,CBB9B630C491,1690567200,28-07-2023 21:00:00,-1.9399
31.75,0,CBB9B630C491,1690567800,28-07-2023 21:10:00,-1.9399
31.75,0,CBB9B630C491,1690568400,28-07-2023 21:20:00,-1.9399
31.69,0,CBB9B630C491,1690569000,28-07-2023 21:30:00,-1.9399
31.69,0,CBB9B630C491,1690569600,28-07-2023 21:40:00,-1.9399
31.63,0,CBB9B630C491,1690570200,28-07-2023 21:50:00,-1.9399
31.63,0,CBB9B630C491,1690570800,28-07-2023 22:00:00,-1.9399
31.63,0,CBB9B630C491,1690571400,28-07-2023 22:10:00,-1.9399
31.56,0,CBB9B630C491,1690572000,28-07-2023 22:20:00,-1.9399
31.56,0,CBB9B630C491,1690572600,28-07-2023 22:30:00,-1.9399
31.69,0,CBB9B630C491,1690573200,28-07-2023 22:40:00,-1.9399
31.69,0,CBB9B630C491,1690573800,28-07-2023 22:50:00,-1.9399
31.69,0,CBB9B630C491,1690574400,28-07-2023 23:00:00,-1.9399
31.94,0,CBB9B630C491,1690575000,28-07-2023 23:10:00,-1.9399
32.19,0,CBB9B630C491,1690575600,28-07-2023 23:20:00,-1.9399
32.38,0,CBB9B630C491,1690576200,28-07-2023 23:30:00,-1.9399
32.25,0,CBB9B630C491,1690576800,28-07-2023 23:40:00,-1.9399
32.13,0,CBB9B630C491,1690577400,28-07-2023 23:50:00,-1.9399
32.25,0,CBB9B630C491,1690578000,29-07-2023 00:00:00,-1.9399
32.5,0,CBB9B630C491,1690578600,29-07-2023 00:10:00,-1.9399
32.75,0,CBB9B630C491,1690579200,29-07-2023 00:20:00,-1.9399
32.75,0,CBB9B630C491,1690579800,29-07-2023 00:30:00,-1.9399
32.75,0,CBB9B630C491,1690580400,29-07-2023 00:40:00,-1.9399
32.81,0,CBB9B630C491,1690581000,29-07-2023 00:50:00,-1.9399
32.81,0,CBB9B630C491,1690581600,29-07-2023 01:00:00,-1.9399
32.81,0,CBB9B630C491,1690582200,29-07-2023 01:10:00,-1.9399
32.81,0,CBB9B630C491,1690582800,29-07-2023 01:20:00,-1.9399
32.75,0,CBB9B630C491,1690583400,29-07-2023 01:30:00,-1.9399
32.75,0,CBB9B630C491,1690584000,29-07-2023 01:40:00,-1.9399
32.69,0,CBB9B630C491,1690584600,29-07-2023 01:50:00,-1.9399
32.69,0,CBB9B630C491,1690585200,29-07-2023 02:00:00,-1.9399
32.69,0,CBB9B630C491,1690585800,29-07-2023 02:10:00,-1.9399
32.69,0,CBB9B630C491,1690586400,29-07-2023 02:20:00,-1.9399
32.63,0,CBB9B630C491,1690587000,29-07-2023 02:30:00,-1.9399
32.44,0,CBB9B630C491,1690587600,29-07-2023 02:40:00,-1.9399
32.31,0,CBB9B630C491,1690588200,29-07-2023 02:50:00,-1.9399
32.25,0,CBB9B630C491,1690588800,29-07-2023 03:00:00,-1.9399
32.25,0,CBB9B630C491,1690589400,29-07-2023 03:10:00,-1.9399
32.38,0,CBB9B630C491,1690590000,29-07-2023 03:20:00,-1.9399
32.44,0,CBB9B630C491,1690590600,29-07-2023 03:30:00,-1.9399
32.38,0,CBB9B630C491,1690591200,29-07-2023 03:40:00,-1.9399
32.31,0,CBB9B630C491,1690591800,29-07-2023 03:50:00,-1.9399
32.38,0,CBB9B630C491,1690592400,29-07-2023 04:00:00,-1.9399
32.38,0,CBB9B630C491,1690593000,29-07-2023 04:10:00,-1.9399
32.25,0,CBB9B630C491,1690593600,29-07-2023 04:20:00,-1.9399
32.25,0,CBB9B630C491,1690594200,29-07-2023 04:30:00,-1.9399
32,0,CBB9B630C491,1690594800,29-07-2023 04:40:00,-1.9399
31.88,0,CBB9B630C491,1690595400,29-07-2023 04:50:00,-1.9399
31.75,0,CBB9B630C491,1690596000,29-07-2023 05:00:00,-1.9399
31.56,0,CBB9B630C491,1690596600,29-07-2023 05:10:00,-1.9399
31.38,0,CBB9B630C491,1690597200,29-07-2023 05:20:00,-1.9399
31.25,0,CBB9B630C491,1690597800,29-07-2023 05:30:00,-1.9399
31.13,6,CBB9B630C491,1690598400,29-07-2023 05:40:00,-1.7767
31.06,61,CBB9B630C491,1690599000,29-07-2023 05:50:00,-0.2807
30.94,243,CBB9B630C491,1690599600,29-07-2023 06:00:00,4.6697
30.81,658,CBB9B630C491,1690600200,29-07-2023 06:10:00,15.9577
30.75,1300,CBB9B630C491,1690600800,29-07-2023 06:20:00,33.4201
30.63,2203,CBB9B630C491,1690601400,29-07-2023 06:30:00,57.9817
30.5,3304,CBB9B630C491,1690602000,29-07-2023 06:40:00,87.9289
30.38,4511,CBB9B630C491,1690602600,29-07-2023 06:50:00,120.7593
30.31,5935,CBB9B630C491,1690603200,29-07-2023 07:00:00,159.4921
30.25,7530,CBB9B630C491,1690603800,29-07-2023 07:10:00,202.8761
30.19,9282,CBB9B630C491,1690604400,29-07-2023 07:20:00,250.5305
30.19,11224,CBB9B630C491,1690605000,29-07-2023 07:30:00,303.3529
30.25,13277,CBB9B630C491,1690605600,29-07-2023 07:40:00,359.1945
30.31,15395,CBB9B630C491,1690606200,29-07-2023 07:50:00,416.8041
30.38,17614,CBB9B630C491,1690606800,29-07-2023 08:00:00,477.1609
30.44,19890,CBB9B630C491,1690607400,29-07-2023 08:10:00,539.0681
30.5,22122,CBB9B630C491,1690608000,29-07-2023 08:20:00,599.7785
30.63,24347,CBB9B630C491,1690608600,29-07-2023 08:30:00,660.2985
30.81,26598,CBB9B630C491,1690609200,29-07-2023 08:40:00,721.5257
30.81,28739,CBB9B630C491,1690609800,29-07-2023 08:50:00,779.7609
31.06,31097,CBB9B630C491,1690610400,29-07-2023 09:00:00,843.8985
31.31,33274,CBB9B630C491,1690611000,29-07-2023 09:10:00,903.1129
31.63,35484,CBB9B630C491,1690611600,29-07-2023 09:20:00,963.2249
32.06,37246,CBB9B630C491,1690612200,29-07-2023 09:30:00,1011.1513
32.38,39178,CBB9B630C491,1690612800,29-07-2023 09:40:00,1063.7017
32.56,37440,CBB9B630C491,1690613400,29-07-2023 09:50:00,1016.4281
31.63,12823,CBB9B630C491,1690614000,29-07-2023 10:00:00,346.8457
31,2476,CBB9B630C491,1690614600,29-07-2023 10:10:00,65.4073
30.31,929,CBB9B630C491,1690615200,29-07-2023 10:20:00,23.3289
29.56,856,CBB9B630C491,1690615800,29-07-2023 10:30:00,21.3433
23,51,CBB9B630C491,1690616400,29-07-2023 10:40:00,-0.5527
21.88,1,CBB9B630C491,1690617000,29-07-2023 10:50:00,-1.9127
21.63,0,CBB9B630C491,1690617600,29-07-2023 11:00:00,-1.9399
21.5,0,CBB9B630C491,1690618200,29-07-2023 11:10:00,-1.9399
21.31,0,CBB9B630C491,1690618800,29-07-2023 11:20:00,-1.9399
21.19,1,CBB9B630C491,1690619400,29-07-2023 11:30:00,-1.9127
21.13,0,CBB9B630C491,1690620000,29-07-2023 11:40:00,-1.9399
21,3,CBB9B630C491,1690620600,29-07-2023 11:50:00,-1.8583
21,2,CBB9B630C491,1690621200,29-07-2023 12:00:00,-1.8855
20.88,2,CBB9B630C491,1690621800,29-07-2023 12:10:00,-1.8855
20.88,2,CBB9B630C491,1690622400,29-07-2023 12:20:00,-1.8855
20.81,2,CBB9B630C491,1690623000,29-07-2023 12:30:00,-1.8855
20.69,2,CBB9B630C491,1690623600,29-07-2023 12:40:00,-1.8855
20.63,2,CBB9B630C491,1690624200,29-07-2023 12:50:00,-1.8855
20.56,2,CBB9B630C491,1690624800,29-07-2023 13:00:00,-1.8855
20.5,2,CBB9B630C491,1690625400,29-07-2023 13:10:00,-1.8855
20.44,2,CBB9B630C491,1690626000,29-07-2023 13:20:00,-1.8855
20.38,2,CBB9B630C491,1690626600,29-07-2023 13:30:00,-1.8855
20.31,2,CBB9B630C491,1690627200,29-07-2023 13:40:00,-1.8855
20.25,2,CBB9B630C491,1690627800,29-07-2023 13:50:00,-1.8855
20.25,2,CBB9B630C491,1690628400,29-07-2023 14:00:00,-1.8855
20.19,2,CBB9B630C491,1690629000,29-07-2023 14:10:00,-1.8855
20.19,2,CBB9B630C491,1690629600,29-07-2023 14:20:00,-1.8855
20.13,1,CBB9B630C491,1690630200,29-07-2023 14:30:00,-1.9127
20.13,0,CBB9B630C491,1690630800,29-07-2023 14:40:00,-1.9399
20.06,0,CBB9B630C491,1690631400,29-07-2023 14:50:00,-1.9399
20,1,CBB9B630C491,1690632000,29-07-2023 15:00:00,-1.9127
19.94,0,CBB9B630C491,1690632600,29-07-2023 15:10:00,-1.9399
19.94,0,CBB9B630C491,1690633200,29-07-2023 15:20:00,-1.9399
19.94,0,CBB9B630C491,1690633800,29-07-2023 15:30:00,-1.9399
19.88,0,CBB9B630C491,1690634400,29-07-2023 15:40:00,-1.9399
19.88,1,CBB9B630C491,1690635000,29-07-2023 15:50:00,-1.9127
19.88,0,CBB9B630C491,1690635600,29-07-2023 16:00:00,-1.9399
19.88,0,CBB9B630C491,1690636200,29-07-2023 16:10:00,-1.9399
19.88,0,CBB9B630C491,1690636800,29-07-2023 16:20:00,-1.9399
19.81,0,CBB9B630C491,1690637400,29-07-2023 16:30:00,-1.9399
19.81,1,CBB9B630C491,1690638000,29-07-2023 16:40:00,-1.9127
19.75,0,CBB9B630C491,1690638600,29-07-2023 16:50:00,-1.9399
19.75,0,CBB9B630C491,1690639200,29-07-2023 17:00:00,-1.9399
19.75,0,CBB9B630C491,1690639800,29-07-2023 17:10:00,-1.9399
19.75,0,CBB9B630C491,1690640400,29-07-2023 17:20:00,-1.9399
19.75,0,CBB9B630C491,1690641000,29-07-2023 17:30:00,-1.9399
19.75,1,CBB9B630C491,1690641600,29-07-2023 17:40:00,-1.9127
19.69,0,CBB9B630C491,1690642200,29-07-2023 17:50:00,-1.9399
19.69,0,CBB9B630C491,1690642800,29-07-2023 18:00:00,-1.9399
19.63,0,CBB9B630C491,1690643400,29-07-2023 18:10:00,-1.9399
19.63,0,CBB9B630C491,1690644000,29-07-2023 18:20:00,-1.9399
19.63,0,CBB9B630C491,1690644600,29-07-2023 18:30:00,-1.9399
19.63,0,CBB9B630C491,1690645200,29-07-2023 18:40:00,-1.9399
19.63,1,CBB9B630C491,1690645800,29-07-2023 18:50:00,-1.9127
19.63,0,CBB9B630C491,1690646400,29-07-2023 19:00:00,-1.9399
19.63,0,CBB9B630C491,1690647000,29-07-2023 19:10:00,-1.9399
19.56,0,CBB9B630C491,1690647600,29-07-2023 19:20:00,-1.9399
19.5,0,CBB9B630C491,1690648200,29-07-2023 19:30:00,-1.9399
19.5,0,CBB9B630C491,1690648800,29-07-2023 19:40:00,-1.9399
19.5,1,CBB9B630C491,1690649400,29-07-2023 19:50:00,-1.9127
19.5,0,CBB9B630C491,1690650000,29-07-2023 20:00:00,-1.9399
19.5,0,CBB9B630C491,1690650600,29-07-2023 20:10:00,-1.9399
19.5,0,CBB9B630C491,1690651200,29-07-2023 20:20:00,-1.9399
19.5,0,CBB9B630C491,1690651800,29-07-2023 20:30:00,-1.9399
19.5,0,CBB9B630C491,1690652400,29-07-2023 20:40:00,-1.9399
19.5,0,CBB9B630C491,1690653000,29-07-2023 20:50:00,-1.9399
19.44,1,CBB9B630C491,1690653600,29-07-2023 21:00:00,-1.9127
19.44,0,CBB9B630C491,1690654200,29-07-2023 21:10:00,-1.9399
19.44,0,CBB9B630C491,1690654800,29-07-2023 21:20:00,-1.9399
19.44,0,CBB9B630C491,1690655400,29-07-2023 21:30:00,-1.9399
19.44,0,CBB9B630C491,1690656000,29-07-2023 21:40:00,-1.9399
19.5,0,CBB9B630C491,1690656600,29-07-2023 21:50:00,-1.9399
19.5,1,CBB9B630C491,1690657200,29-07-2023 22:00:00,-1.9127
19.44,0,CBB9B630C491,1690657800,29-07-2023 22:10:00,-1.9399
19.38,0,CBB9B630C491,1690658400,29-07-2023 22:20:00,-1.9399
19.38,0,CBB9B630C491,1690659000,29-07-2023 22:30:00,-1.9399
19.38,0,CBB9B630C491,1690659600,29-07-2023 22:40:00,-1.9399
19.44,0,CBB9B630C491,1690660200,29-07-2023 22:50:00,-1.9399
19.38,0,CBB9B630C491,1690660800,29-07-2023 23:00:00,-1.9399
19.44,0,CBB9B630C491,1690661400,29-07-2023 23:10:00,-1.9399
19.44,1,CBB9B630C491,1690662000,29-07-2023 23:20:00,-1.9127
19.44,0,CBB9B630C491,1690662600,29-07-2023 23:30:00,-1.9399
19.38,0,CBB9B630C491,1690663200,29-07-2023 23:40:00,-1.9399
19.31,0,CBB9B630C491,1690663800,29-07-2023 23:50:00,-1.9399
