data2,data1,serial,logDateTime,date_time,PAR
34.63,442.77,DED5F6C0D093,1690268400,25-07-2023 10:00:00,1149.644576
36.13,191.86,DED5F6C0D093,1690269000,25-07-2023 10:10:00,497.579668
37,166.6,DED5F6C0D093,1690269600,25-07-2023 10:20:00,431.93398
37.75,180.16,DED5F6C0D093,1690270200,25-07-2023 10:30:00,467.173708
38.5,242.5,DED5F6C0D093,1690270800,25-07-2023 10:40:00,629.1829
34.38,348.64,DED5F6C0D093,1690271400,25-07-2023 10:50:00,905.019532
33.94,424.19,DED5F6C0D093,1690272000,25-07-2023 11:00:00,1101.358872
33.94,381.91,DED5F6C0D093,1690272600,25-07-2023 11:10:00,991.481608
34.06,438.05,DED5F6C0D093,1690273200,25-07-2023 11:20:00,1137.37824
34.19,435.29,DED5F6C0D093,1690273800,25-07-2023 11:30:00,1130.205552
34.38,444.79,DED5F6C0D093,1690274400,25-07-2023 11:40:00,1154.894152
34.38,458.03,DED5F6C0D093,1690275000,25-07-2023 11:50:00,1189.302264
34.5,471.99,DED5F6C0D093,1690275600,25-07-2023 12:00:00,1225.581512
34.63,485.6,DED5F6C0D093,1690276200,25-07-2023 12:10:00,1260.95118
34.69,484.59,DED5F6C0D093,1690276800,25-07-2023 12:20:00,1258.326392
34.44,485.7,DED5F6C0D093,1690277400,25-07-2023 12:30:00,1261.21106
34.38,478.09,DED5F6C0D093,1690278000,25-07-2023 12:40:00,1241.434192
34.38,485.75,DED5F6C0D093,1690278600,25-07-2023 12:50:00,1261.341
34.31,482.57,DED5F6C0D093,1690279200,25-07-2023 13:00:00,1253.076816
34.38,482.62,DED5F6C0D093,1690279800,25-07-2023 13:10:00,1253.206756
34.38,483.99,DED5F6C0D093,1690280400,25-07-2023 13:20:00,1256.767112
34.38,468.79,DED5F6C0D093,1690281000,25-07-2023 13:30:00,1217.265352
34.5,445.62,DED5F6C0D093,1690281600,25-07-2023 13:40:00,1157.051156
34.69,443.66,DED5F6C0D093,1690282200,25-07-2023 13:50:00,1151.957508
34.94,444.54,DED5F6C0D093,1690282800,25-07-2023 14:00:00,1154.244452
35.06,445.44,DED5F6C0D093,1690283400,25-07-2023 14:10:00,1156.583372
35,431.59,DED5F6C0D093,1690284000,25-07-2023 14:20:00,1120.589992
35.13,424.78,DED5F6C0D093,1690284600,25-07-2023 14:30:00,1102.892164
35.25,388.97,DED5F6C0D093,1690285200,25-07-2023 14:40:00,1009.829136
35.38,359.7,DED5F6C0D093,1690285800,25-07-2023 14:50:00,933.76226
35.56,364.53,DED5F6C0D093,1690286400,25-07-2023 15:00:00,946.314464
35.5,359.88,DED5F6C0D093,1690287000,25-07-2023 15:10:00,934.230044
35.44,330.85,DED5F6C0D093,1690287600,25-07-2023 15:20:00,858.78688
35.5,331.41,DED5F6C0D093,1690288200,25-07-2023 15:30:00,860.242208
35.5,306.84,DED5F6C0D093,1690288800,25-07-2023 15:40:00,796.389692
35.63,275.23,DED5F6C0D093,1690289400,25-07-2023 15:50:00,714.241624
35.56,250.55,DED5F6C0D093,1690290000,25-07-2023 16:00:00,650.10324
35.31,239.21,DED5F6C0D093,1690290600,25-07-2023 16:10:00,620.632848
35.38,215.28,DED5F6C0D093,1690291200,25-07-2023 16:20:00,558.443564
35.38,201.95,DED5F6C0D093,1690291800,25-07-2023 16:30:00,523.80156
35.31,178.38,DED5F6C0D093,1690292400,25-07-2023 16:40:00,462.547844
35.31,152.16,DED5F6C0D093,1690293000,25-07-2023 16:50:00,394.407308
35.19,131.85,DED5F6C0D093,1690293600,25-07-2023 17:00:00,341.62568
35.19,112.79,DED5F6C0D093,1690294200,25-07-2023 17:10:00,292.092552
35.13,96.3,DED5F6C0D093,1690294800,25-07-2023 17:20:00,249.23834
35.13,85.51,DED5F6C0D093,1690295400,25-07-2023 17:30:00,221.197288
35.06,79.84,DED5F6C0D093,1690296000,25-07-2023 17:40:00,206.462092
34.94,70.8,DED5F6C0D093,1690296600,25-07-2023 17:50:00,182.96894
34.88,60.68,DED5F6C0D093,1690297200,25-07-2023 18:00:00,156.669084
34.75,49.25,DED5F6C0D093,1690297800,25-07-2023 18:10:00,126.9648
34.75,38.45,DED5F6C0D093,1690298400,25-07-2023 18:20:00,98.89776
34.75,29.1,DED5F6C0D093,1690299000,25-07-2023 18:30:00,74.59898
34.75,20.96,DED5F6C0D093,1690299600,25-07-2023 18:40:00,53.444748
34.63,12.96,DED5F6C0D093,1690300200,25-07-2023 18:50:00,32.654348
34.44,6.29,DED5F6C0D093,1690300800,25-07-2023 19:00:00,15.320352
34.44,2.09,DED5F6C0D093,1690301400,25-07-2023 19:10:00,4.405392
34.38,0.56,DED5F6C0D093,1690302000,25-07-2023 19:20:00,0.429228
34.25,0.07,DED5F6C0D093,1690302600,25-07-2023 19:30:00,-0.844184
33.88,0.01,DED5F6C0D093,1690303200,25-07-2023 19:40:00,-1.000112
33.75,0,DED5F6C0D093,1690303800,25-07-2023 19:50:00,-1.0261
33.63,0,DED5F6C0D093,1690304400,25-07-2023 20:00:00,-1.0261
33.63,0,DED5F6C0D093,1690305000,25-07-2023 20:10:00,-1.0261
33.56,0,DED5F6C0D093,1690305600,25-07-2023 20:20:00,-1.0261
33.56,0,DED5F6C0D093,1690306200,25-07-2023 20:30:00,-1.0261
33.44,0,DED5F6C0D093,1690306800,25-07-2023 20:40:00,-1.0261
33.38,0,DED5F6C0D093,1690307400,25-07-2023 20:50:00,-1.0261
33.25,0,DED5F6C0D093,1690308000,25-07-2023 21:00:00,-1.0261
33.31,0,DED5F6C0D093,1690308600,25-07-2023 21:10:00,-1.0261
33.25,0,DED5F6C0D093,1690309200,25-07-2023 21:20:00,-1.0261
33.25,0,DED5F6C0D093,1690309800,25-07-2023 21:30:00,-1.0261
33.31,0,DED5F6C0D093,1690310400,25-07-2023 21:40:00,-1.0261
33.38,0,DED5F6C0D093,1690311000,25-07-2023 21:50:00,-1.0261
33.31,0,DED5F6C0D093,1690311600,25-07-2023 22:00:00,-1.0261
33.31,0,DED5F6C0D093,1690312200,25-07-2023 22:10:00,-1.0261
33.31,0,DED5F6C0D093,1690312800,25-07-2023 22:20:00,-1.0261
33.31,0,DED5F6C0D093,1690313400,25-07-2023 22:30:00,-1.0261
33.25,0,DED5F6C0D093,1690314000,25-07-2023 22:40:00,-1.0261
33.25,0,DED5F6C0D093,1690314600,25-07-2023 22:50:00,-1.0261
33.19,0,DED5F6C0D093,1690315200,25-07-2023 23:00:00,-1.0261
33.19,0,DED5F6C0D093,1690315800,25-07-2023 23:10:00,-1.0261
33.19,0,DED5F6C0D093,1690316400,25-07-2023 23:20:00,-1.0261
33.25,0,DED5F6C0D093,1690317000,25-07-2023 23:30:00,-1.0261
33.31,0,DED5F6C0D093,1690317600,25-07-2023 23:40:00,-1.0261
33.31,0,DED5F6C0D093,1690318200,25-07-2023 23:50:00,-1.0261
33.31,0,DED5F6C0D093,1690318800,26-07-2023 00:00:00,-1.0261
33.38,0,DED5F6C0D093,1690319400,26-07-2023 00:10:00,-1.0261
33.44,0,DED5F6C0D093,1690320000,26-07-2023 00:20:00,-1.0261
33.38,0,DED5F6C0D093,1690320600,26-07-2023 00:30:00,-1.0261
33.19,0,DED5F6C0D093,1690321200,26-07-2023 00:40:00,-1.0261
33.13,0,DED5F6C0D093,1690321800,26-07-2023 00:50:00,-1.0261
33.13,0,DED5F6C0D093,1690322400,26-07-2023 01:00:00,-1.0261
33.13,0,DED5F6C0D093,1690323000,26-07-2023 01:10:00,-1.0261
33.06,0,DED5F6C0D093,1690323600,26-07-2023 01:20:00,-1.0261
33.06,0,DED5F6C0D093,1690324200,26-07-2023 01:30:00,-1.0261
33.06,0,DED5F6C0D093,1690324800,26-07-2023 01:40:00,-1.0261
33.06,0,DED5F6C0D093,1690325400,26-07-2023 01:50:00,-1.0261
33.06,0,DED5F6C0D093,1690326000,26-07-2023 02:00:00,-1.0261
32.88,0,DED5F6C0D093,1690326600,26-07-2023 02:10:00,-1.0261
32.69,0,DED5F6C0D093,1690327200,26-07-2023 02:20:00,-1.0261
32.56,0,DED5F6C0D093,1690327800,26-07-2023 02:30:00,-1.0261
32.56,0,DED5F6C0D093,1690328400,26-07-2023 02:40:00,-1.0261
32.5,0,DED5F6C0D093,1690329000,26-07-2023 02:50:00,-1.0261
32.5,0,DED5F6C0D093,1690329600,26-07-2023 03:00:00,-1.0261
32.44,0,DED5F6C0D093,1690330200,26-07-2023 03:10:00,-1.0261
32.5,0,DED5F6C0D093,1690330800,26-07-2023 03:20:00,-1.0261
32.5,0,DED5F6C0D093,1690331400,26-07-2023 03:30:00,-1.0261
32.5,0,DED5F6C0D093,1690332000,26-07-2023 03:40:00,-1.0261
32.5,0,DED5F6C0D093,1690332600,26-07-2023 03:50:00,-1.0261
32.5,0,DED5F6C0D093,1690333200,26-07-2023 04:00:00,-1.0261
32.5,0,DED5F6C0D093,1690333800,26-07-2023 04:10:00,-1.0261
32.44,0,DED5F6C0D093,1690334400,26-07-2023 04:20:00,-1.0261
32.44,0,DED5F6C0D093,1690335000,26-07-2023 04:30:00,-1.0261
32.44,0,DED5F6C0D093,1690335600,26-07-2023 04:40:00,-1.0261
32.44,0,DED5F6C0D093,1690336200,26-07-2023 04:50:00,-1.0261
32.38,0,DED5F6C0D093,1690336800,26-07-2023 05:00:00,-1.0261
32.38,0,DED5F6C0D093,1690337400,26-07-2023 05:10:00,-1.0261
32.44,0,DED5F6C0D093,1690338000,26-07-2023 05:20:00,-1.0261
32.44,0,DED5F6C0D093,1690338600,26-07-2023 05:30:00,-1.0261
32.5,0.04,DED5F6C0D093,1690339200,26-07-2023 05:40:00,-0.922148
32.5,0.52,DED5F6C0D093,1690339800,26-07-2023 05:50:00,0.325276
32.5,2.04,DED5F6C0D093,1690340400,26-07-2023 06:00:00,4.275452
32.44,6.36,DED5F6C0D093,1690341000,26-07-2023 06:10:00,15.502268
32.5,12.9,DED5F6C0D093,1690341600,26-07-2023 06:20:00,32.49842
32.5,20.66,DED5F6C0D093,1690342200,26-07-2023 06:30:00,52.665108
32.56,29.15,DED5F6C0D093,1690342800,26-07-2023 06:40:00,74.72892
32.5,38.17,DED5F6C0D093,1690343400,26-07-2023 06:50:00,98.170096
32.44,48.97,DED5F6C0D093,1690344000,26-07-2023 07:00:00,126.237136
32.44,60.45,DED5F6C0D093,1690344600,26-07-2023 07:10:00,156.07136
32.5,72.16,DED5F6C0D093,1690345200,26-07-2023 07:20:00,186.503308
32.5,88.02,DED5F6C0D093,1690345800,26-07-2023 07:30:00,227.720276
32.5,101.21,DED5F6C0D093,1690346400,26-07-2023 07:40:00,261.998448
32.56,115.37,DED5F6C0D093,1690347000,26-07-2023 07:50:00,298.797456
32.63,137.56,DED5F6C0D093,1690347600,26-07-2023 08:00:00,356.464828
32.69,159.59,DED5F6C0D093,1690348200,26-07-2023 08:10:00,413.716392
32.75,178.03,DED5F6C0D093,1690348800,26-07-2023 08:20:00,461.638264
32.75,194.58,DED5F6C0D093,1690349400,26-07-2023 08:30:00,504.648404
32.75,210.9,DED5F6C0D093,1690350000,26-07-2023 08:40:00,547.06082
32.81,225.77,DED5F6C0D093,1690350600,26-07-2023 08:50:00,585.704976
32.88,249.19,DED5F6C0D093,1690351200,26-07-2023 09:00:00,646.568872
32.94,268.61,DED5F6C0D093,1690351800,26-07-2023 09:10:00,697.037568
33,282.28,DED5F6C0D093,1690352400,26-07-2023 09:20:00,732.563164
33.13,299.96,DED5F6C0D093,1690353000,26-07-2023 09:30:00,778.509948
33.13,302.54,DED5F6C0D093,1690353600,26-07-2023 09:40:00,785.214852
33.19,322.62,DED5F6C0D093,1690354200,26-07-2023 09:50:00,837.398756
33.31,335.4,DED5F6C0D093,1690354800,26-07-2023 10:00:00,870.61142
33.38,349.19,DED5F6C0D093,1690355400,26-07-2023 10:10:00,906.448872
33.5,364.5,DED5F6C0D093,1690356000,26-07-2023 10:20:00,946.2365
33.5,354.95,DED5F6C0D093,1690356600,26-07-2023 10:30:00,921.41796
33.56,363.8,DED5F6C0D093,1690357200,26-07-2023 10:40:00,944.41734
33.75,413.74,DED5F6C0D093,1690357800,26-07-2023 10:50:00,1074.201412
33.88,418.02,DED5F6C0D093,1690358400,26-07-2023 11:00:00,1085.324276
33.88,426.69,DED5F6C0D093,1690359000,26-07-2023 11:10:00,1107.855872
33.88,436.05,DED5F6C0D093,1690359600,26-07-2023 11:20:00,1132.18064
34,442.9,DED5F6C0D093,1690360200,26-07-2023 11:30:00,1149.98242
34.06,445.83,DED5F6C0D093,1690360800,26-07-2023 11:40:00,1157.596904
34.06,429.29,DED5F6C0D093,1690361400,26-07-2023 11:50:00,1114.612752
34.06,451.73,DED5F6C0D093,1690362000,26-07-2023 12:00:00,1172.929824
34,448.6,DED5F6C0D093,1690362600,26-07-2023 12:10:00,1164.79558
34.06,451.15,DED5F6C0D093,1690363200,26-07-2023 12:20:00,1171.42252
34.13,453.64,DED5F6C0D093,1690363800,26-07-2023 12:30:00,1177.893532
34.19,455.05,DED5F6C0D093,1690364400,26-07-2023 12:40:00,1181.55784
34.38,461.6,DED5F6C0D093,1690365000,26-07-2023 12:50:00,1198.57998
34.56,456.5,DED5F6C0D093,1690365600,26-07-2023 13:00:00,1185.3261
34.75,451.01,DED5F6C0D093,1690366200,26-07-2023 13:10:00,1171.058688
34.88,445.06,DED5F6C0D093,1690366800,26-07-2023 13:20:00,1155.595828
34.94,441.96,DED5F6C0D093,1690367400,26-07-2023 13:30:00,1147.539548
35.13,438.43,DED5F6C0D093,1690368000,26-07-2023 13:40:00,1138.365784
35.25,431.98,DED5F6C0D093,1690368600,26-07-2023 13:50:00,1121.603524
35.25,429.36,DED5F6C0D093,1690369200,26-07-2023 14:00:00,1114.794668
35.31,420.14,DED5F6C0D093,1690369800,26-07-2023 14:10:00,1090.833732
35.44,412.57,DED5F6C0D093,1690370400,26-07-2023 14:20:00,1071.160816
35.44,399.65,DED5F6C0D093,1690371000,26-07-2023 14:30:00,1037.58432
35.5,387.76,DED5F6C0D093,1690371600,26-07-2023 14:40:00,1006.684588
35.56,376.14,DED5F6C0D093,1690372200,26-07-2023 14:50:00,976.486532
35.56,362.54,DED5F6C0D093,1690372800,26-07-2023 15:00:00,941.142852
35.63,349.06,DED5F6C0D093,1690373400,26-07-2023 15:10:00,906.111028
35.56,332.85,DED5F6C0D093,1690374000,26-07-2023 15:20:00,863.98448
35.56,318.15,DED5F6C0D093,1690374600,26-07-2023 15:30:00,825.78212
35.56,300.56,DED5F6C0D093,1690375200,26-07-2023 15:40:00,780.069228
35.5,279.49,DED5F6C0D093,1690375800,26-07-2023 15:50:00,725.312512
35.5,258.47,DED5F6C0D093,1690376400,26-07-2023 16:00:00,670.685736
35.5,234.91,DED5F6C0D093,1690377000,26-07-2023 16:10:00,609.458008
35.44,209.85,DED5F6C0D093,1690377600,26-07-2023 16:20:00,544.33208
35.38,184.69,DED5F6C0D093,1690378200,26-07-2023 16:30:00,478.946272
35.19,159.17,DED5F6C0D093,1690378800,26-07-2023 16:40:00,412.624896
35.13,138.94,DED5F6C0D093,1690379400,26-07-2023 16:50:00,360.051172
34.94,114.92,DED5F6C0D093,1690380000,26-07-2023 17:00:00,297.627996
34.94,97.46,DED5F6C0D093,1690380600,26-07-2023 17:10:00,252.252948
35,95.8,DED5F6C0D093,1690381200,26-07-2023 17:20:00,247.93894
34.94,86.39,DED5F6C0D093,1690381800,26-07-2023 17:30:00,223.484232
34.75,74.76,DED5F6C0D093,1690382400,26-07-2023 17:40:00,193.260188
34.63,63.35,DED5F6C0D093,1690383000,26-07-2023 17:50:00,163.60788
34.38,52.68,DED5F6C0D093,1690383600,26-07-2023 18:00:00,135.878684
34.19,42.95,DED5F6C0D093,1690384200,26-07-2023 18:10:00,110.59236
34.13,33.59,DED5F6C0D093,1690384800,26-07-2023 18:20:00,86.267592
34.06,23.78,DED5F6C0D093,1690385400,26-07-2023 18:30:00,60.773364
33.94,15.41,DED5F6C0D093,1690386000,26-07-2023 18:40:00,39.021408
33.88,8.65,DED5F6C0D093,1690386600,26-07-2023 18:50:00,21.45352
33.81,5.12,DED5F6C0D093,1690387200,26-07-2023 19:00:00,12.279756
33.69,2.1,DED5F6C0D093,1690387800,26-07-2023 19:10:00,4.43138
33.5,0.43,DED5F6C0D093,1690388400,26-07-2023 19:20:00,0.091384
33.44,0.05,DED5F6C0D093,1690389000,26-07-2023 19:30:00,-0.89616
33.31,0,DED5F6C0D093,1690389600,26-07-2023 19:40:00,-1.0261
33.19,0,DED5F6C0D093,1690390200,26-07-2023 19:50:00,-1.0261
33.13,0,DED5F6C0D093,1690390800,26-07-2023 20:00:00,-1.0261
33,0,DED5F6C0D093,1690391400,26-07-2023 20:10:00,-1.0261
33,0,DED5F6C0D093,1690392000,26-07-2023 20:20:00,-1.0261
32.94,0,DED5F6C0D093,1690392600,26-07-2023 20:30:00,-1.0261
32.88,0,DED5F6C0D093,1690393200,26-07-2023 20:40:00,-1.0261
32.75,0,DED5F6C0D093,1690393800,26-07-2023 20:50:00,-1.0261
32.69,0,DED5F6C0D093,1690394400,26-07-2023 21:00:00,-1.0261
32.56,0,DED5F6C0D093,1690395000,26-07-2023 21:10:00,-1.0261
32.56,0,DED5F6C0D093,1690395600,26-07-2023 21:20:00,-1.0261
32.5,0,DED5F6C0D093,1690396200,26-07-2023 21:30:00,-1.0261
32.5,0,DED5F6C0D093,1690396800,26-07-2023 21:40:00,-1.0261
32.5,0,DED5F6C0D093,1690397400,26-07-2023 21:50:00,-1.0261
32.5,0,DED5F6C0D093,1690398000,26-07-2023 22:00:00,-1.0261
32.56,0,DED5F6C0D093,1690398600,26-07-2023 22:10:00,-1.0261
32.63,0,DED5F6C0D093,1690399200,26-07-2023 22:20:00,-1.0261
32.75,0,DED5F6C0D093,1690399800,26-07-2023 22:30:00,-1.0261
32.94,0,DED5F6C0D093,1690400400,26-07-2023 22:40:00,-1.0261
33,0,DED5F6C0D093,1690401000,26-07-2023 22:50:00,-1.0261
32.94,0,DED5F6C0D093,1690401600,26-07-2023 23:00:00,-1.0261
33,0,DED5F6C0D093,1690402200,26-07-2023 23:10:00,-1.0261
32.94,0,DED5F6C0D093,1690402800,26-07-2023 23:20:00,-1.0261
33,0,DED5F6C0D093,1690403400,26-07-2023 23:30:00,-1.0261
33,0,DED5F6C0D093,1690404000,26-07-2023 23:40:00,-1.0261
33,0,DED5F6C0D093,1690404600,26-07-2023 23:50:00,-1.0261
33,0,DED5F6C0D093,1690405200,27-07-2023 00:00:00,-1.0261
32.94,0,DED5F6C0D093,1690405800,27-07-2023 00:10:00,-1.0261
32.94,0,DED5F6C0D093,1690406400,27-07-2023 00:20:00,-1.0261
32.88,0,DED5F6C0D093,1690407000,27-07-2023 00:30:00,-1.0261
32.88,0,DED5F6C0D093,1690407600,27-07-2023 00:40:00,-1.0261
32.88,0,DED5F6C0D093,1690408200,27-07-2023 00:50:00,-1.0261
32.81,0,DED5F6C0D093,1690408800,27-07-2023 01:00:00,-1.0261
32.81,0,DED5F6C0D093,1690409400,27-07-2023 01:10:00,-1.0261
32.75,0,DED5F6C0D093,1690410000,27-07-2023 01:20:00,-1.0261
32.75,0,DED5F6C0D093,1690410600,27-07-2023 01:30:00,-1.0261
32.75,0,DED5F6C0D093,1690411200,27-07-2023 01:40:00,-1.0261
32.75,0,DED5F6C0D093,1690411800,27-07-2023 01:50:00,-1.0261
32.69,0,DED5F6C0D093,1690412400,27-07-2023 02:00:00,-1.0261
32.75,0,DED5F6C0D093,1690413000,27-07-2023 02:10:00,-1.0261
32.81,0,DED5F6C0D093,1690413600,27-07-2023 02:20:00,-1.0261
32.81,0,DED5F6C0D093,1690414200,27-07-2023 02:30:00,-1.0261
32.88,0,DED5F6C0D093,1690414800,27-07-2023 02:40:00,-1.0261
32.88,0,DED5F6C0D093,1690415400,27-07-2023 02:50:00,-1.0261
32.88,0,DED5F6C0D093,1690416000,27-07-2023 03:00:00,-1.0261
32.94,0,DED5F6C0D093,1690416600,27-07-2023 03:10:00,-1.0261
32.94,0,DED5F6C0D093,1690417200,27-07-2023 03:20:00,-1.0261
32.94,0,DED5F6C0D093,1690417800,27-07-2023 03:30:00,-1.0261
32.94,0,DED5F6C0D093,1690418400,27-07-2023 03:40:00,-1.0261
32.94,0,DED5F6C0D093,1690419000,27-07-2023 03:50:00,-1.0261
32.94,0,DED5F6C0D093,1690419600,27-07-2023 04:00:00,-1.0261
32.88,0,DED5F6C0D093,1690420200,27-07-2023 04:10:00,-1.0261
32.88,0,DED5F6C0D093,1690420800,27-07-2023 04:20:00,-1.0261
32.81,0,DED5F6C0D093,1690421400,27-07-2023 04:30:00,-1.0261
32.75,0,DED5F6C0D093,1690422000,27-07-2023 04:40:00,-1.0261
32.63,0,DED5F6C0D093,1690422600,27-07-2023 04:50:00,-1.0261
32.44,0,DED5F6C0D093,1690423200,27-07-2023 05:00:00,-1.0261
32.31,0,DED5F6C0D093,1690423800,27-07-2023 05:10:00,-1.0261
32.25,0,DED5F6C0D093,1690424400,27-07-2023 05:20:00,-1.0261
32.19,0,DED5F6C0D093,1690425000,27-07-2023 05:30:00,-1.0261
32.13,0.05,DED5F6C0D093,1690425600,27-07-2023 05:40:00,-0.89616
31.94,0.62,DED5F6C0D093,1690426200,27-07-2023 05:50:00,0.585156
31.88,2.43,DED5F6C0D093,1690426800,27-07-2023 06:00:00,5.288984
31.69,6.15,DED5F6C0D093,1690427400,27-07-2023 06:10:00,14.95652
31.56,11.65,DED5F6C0D093,1690428000,27-07-2023 06:20:00,29.24992
31.44,18.56,DED5F6C0D093,1690428600,27-07-2023 06:30:00,47.207628
31.31,26.57,DED5F6C0D093,1690429200,27-07-2023 06:40:00,68.024016
31.25,36.05,DED5F6C0D093,1690429800,27-07-2023 06:50:00,92.66064
31.19,46.7,DED5F6C0D093,1690430400,27-07-2023 07:00:00,120.33786
31.19,58.66,DED5F6C0D093,1690431000,27-07-2023 07:10:00,151.419508
31.25,72.5,DED5F6C0D093,1690431600,27-07-2023 07:20:00,187.3869
31.38,88.01,DED5F6C0D093,1690432200,27-07-2023 07:30:00,227.694288
31.56,105.57,DED5F6C0D093,1690432800,27-07-2023 07:40:00,273.329216
31.75,122.67,DED5F6C0D093,1690433400,27-07-2023 07:50:00,317.768696
31.94,137.01,DED5F6C0D093,1690434000,27-07-2023 08:00:00,355.035488
32.13,152.05,DED5F6C0D093,1690434600,27-07-2023 08:10:00,394.12144
32.25,167.79,DED5F6C0D093,1690435200,27-07-2023 08:20:00,435.026552
32.44,185.8,DED5F6C0D093,1690435800,27-07-2023 08:30:00,481.83094
32.56,202.23,DED5F6C0D093,1690436400,27-07-2023 08:40:00,524.529224
32.69,218.27,DED5F6C0D093,1690437000,27-07-2023 08:50:00,566.213976
32.81,236.23,DED5F6C0D093,1690437600,27-07-2023 09:00:00,612.888424
33,252.61,DED5F6C0D093,1690438200,27-07-2023 09:10:00,655.456768
33.13,268.48,DED5F6C0D093,1690438800,27-07-2023 09:20:00,696.699724
33.25,285.93,DED5F6C0D093,1690439400,27-07-2023 09:30:00,742.048784
33.38,302.55,DED5F6C0D093,1690440000,27-07-2023 09:40:00,785.24084
33.5,319.26,DED5F6C0D093,1690440600,27-07-2023 09:50:00,828.666788
33.56,332.24,DED5F6C0D093,1690441200,27-07-2023 10:00:00,862.399212
33.69,346.22,DED5F6C0D093,1690441800,27-07-2023 10:10:00,898.730436
33.81,360.7,DED5F6C0D093,1690442400,27-07-2023 10:20:00,936.36106
33.88,372.22,DED5F6C0D093,1690443000,27-07-2023 10:30:00,966.299236
34,381.83,DED5F6C0D093,1690443600,27-07-2023 10:40:00,991.273704
34.06,394.09,DED5F6C0D093,1690444200,27-07-2023 10:50:00,1023.134992
34.06,405.05,DED5F6C0D093,1690444800,27-07-2023 11:00:00,1051.61784
34.13,414,DED5F6C0D093,1690445400,27-07-2023 11:10:00,1074.8771
34.25,422.96,DED5F6C0D093,1690446000,27-07-2023 11:20:00,1098.162348
34.38,429.56,DED5F6C0D093,1690446600,27-07-2023 11:30:00,1115.314428
34.5,437.17,DED5F6C0D093,1690447200,27-07-2023 11:40:00,1135.091296
34.44,441.15,DED5F6C0D093,1690447800,27-07-2023 11:50:00,1145.43452
34.31,446.48,DED5F6C0D093,1690448400,27-07-2023 12:00:00,1159.286124
34.38,448.63,DED5F6C0D093,1690449000,27-07-2023 12:10:00,1164.873544
34.5,452.26,DED5F6C0D093,1690449600,27-07-2023 12:20:00,1174.307188
34.63,458.43,DED5F6C0D093,1690450200,27-07-2023 12:30:00,1190.341784
34.75,458.35,DED5F6C0D093,1690450800,27-07-2023 12:40:00,1190.13388
34.88,453.57,DED5F6C0D093,1690451400,27-07-2023 12:50:00,1177.711616
34.94,453.66,DED5F6C0D093,1690452000,27-07-2023 13:00:00,1177.945508
35.13,449.86,DED5F6C0D093,1690452600,27-07-2023 13:10:00,1168.070068
35.25,445.56,DED5F6C0D093,1690453200,27-07-2023 13:20:00,1156.895228
35.56,435.82,DED5F6C0D093,1690453800,27-07-2023 13:30:00,1131.582916
35.75,427.97,DED5F6C0D093,1690454400,27-07-2023 13:40:00,1111.182336
35.81,419,DED5F6C0D093,1690455000,27-07-2023 13:50:00,1087.8711
35.88,412.17,DED5F6C0D093,1690455600,27-07-2023 14:00:00,1070.121296
35.88,399.91,DED5F6C0D093,1690456200,27-07-2023 14:10:00,1038.260008
35.63,387.53,DED5F6C0D093,1690456800,27-07-2023 14:20:00,1006.086864
35.5,384.49,DED5F6C0D093,1690457400,27-07-2023 14:30:00,998.186512
35.44,369.39,DED5F6C0D093,1690458000,27-07-2023 14:40:00,958.944632
35.19,358.34,DED5F6C0D093,1690458600,27-07-2023 14:50:00,930.227892
35,342.21,DED5F6C0D093,1690459200,27-07-2023 15:00:00,888.309248
34.81,323.57,DED5F6C0D093,1690459800,27-07-2023 15:10:00,839.867616
34.63,308.85,DED5F6C0D093,1690460400,27-07-2023 15:20:00,801.61328
34.5,290.49,DED5F6C0D093,1690461000,27-07-2023 15:30:00,753.899312
34.44,271.29,DED5F6C0D093,1690461600,27-07-2023 15:40:00,704.002352
34.38,250.99,DED5F6C0D093,1690462200,27-07-2023 15:50:00,651.246712
34.25,231.29,DED5F6C0D093,1690462800,27-07-2023 16:00:00,600.050352
34.19,208.22,DED5F6C0D093,1690463400,27-07-2023 16:10:00,540.096036
34.13,188.96,DED5F6C0D093,1690464000,27-07-2023 16:20:00,490.043148
34,170.44,DED5F6C0D093,1690464600,27-07-2023 16:30:00,441.913372
33.94,152.73,DED5F6C0D093,1690465200,27-07-2023 16:40:00,395.888624
33.94,135,DED5F6C0D093,1690465800,27-07-2023 16:50:00,349.8119
33.88,118.66,DED5F6C0D093,1690466400,27-07-2023 17:00:00,307.347508
33.81,104.19,DED5F6C0D093,1690467000,27-07-2023 17:10:00,269.742872
33.81,90.34,DED5F6C0D093,1690467600,27-07-2023 17:20:00,233.749492
33.75,78.12,DED5F6C0D093,1690468200,27-07-2023 17:30:00,201.992156
33.69,67.41,DED5F6C0D093,1690468800,27-07-2023 17:40:00,174.159008
33.63,57.59,DED5F6C0D093,1690469400,27-07-2023 17:50:00,148.638792
33.56,48.32,DED5F6C0D093,1690470000,27-07-2023 18:00:00,124.547916
33.56,39.76,DED5F6C0D093,1690470600,27-07-2023 18:10:00,102.302188
33.44,31.85,DED5F6C0D093,1690471200,27-07-2023 18:20:00,81.74568
33.44,24.16,DED5F6C0D093,1690471800,27-07-2023 18:30:00,61.760908
33.38,17.01,DED5F6C0D093,1690472400,27-07-2023 18:40:00,43.179488
33.25,10.58,DED5F6C0D093,1690473000,27-07-2023 18:50:00,26.469204
33.19,5.53,DED5F6C0D093,1690473600,27-07-2023 19:00:00,13.345264
33.06,2.24,DED5F6C0D093,1690474200,27-07-2023 19:10:00,4.795212
33,0.61,DED5F6C0D093,1690474800,27-07-2023 19:20:00,0.559168
32.94,0.07,DED5F6C0D093,1690475400,27-07-2023 19:30:00,-0.844184
32.81,0,DED5F6C0D093,1690476000,27-07-2023 19:40:00,-1.0261
32.75,0,DED5F6C0D093,1690476600,27-07-2023 19:50:00,-1.0261
32.56,0,DED5F6C0D093,1690477200,27-07-2023 20:00:00,-1.0261
32.5,0,DED5F6C0D093,1690477800,27-07-2023 20:10:00,-1.0261
32.38,0,DED5F6C0D093,1690478400,27-07-2023 20:20:00,-1.0261
32.38,0,DED5F6C0D093,1690479000,27-07-2023 20:30:00,-1.0261
32.31,0,DED5F6C0D093,1690479600,27-07-2023 20:40:00,-1.0261
32.31,0,DED5F6C0D093,1690480200,27-07-2023 20:50:00,-1.0261
32.25,0,DED5F6C0D093,1690480800,27-07-2023 21:00:00,-1.0261
32.25,0,DED5F6C0D093,1690481400,27-07-2023 21:10:00,-1.0261
32.19,0,DED5F6C0D093,1690482000,27-07-2023 21:20:00,-1.0261
32.19,0,DED5F6C0D093,1690482600,27-07-2023 21:30:00,-1.0261
32.25,0,DED5F6C0D093,1690483200,27-07-2023 21:40:00,-1.0261
32.19,0,DED5F6C0D093,1690483800,27-07-2023 21:50:00,-1.0261
32.25,0,DED5F6C0D093,1690484400,27-07-2023 22:00:00,-1.0261
32.19,0,DED5F6C0D093,1690485000,27-07-2023 22:10:00,-1.0261
32.19,0,DED5F6C0D093,1690485600,27-07-2023 22:20:00,-1.0261
32.5,0,DED5F6C0D093,1690486200,27-07-2023 22:30:00,-1.0261
32.75,0,DED5F6C0D093,1690486800,27-07-2023 22:40:00,-1.0261
32.81,0,DED5F6C0D093,1690487400,27-07-2023 22:50:00,-1.0261
32.75,0,DED5F6C0D093,1690488000,27-07-2023 23:00:00,-1.0261
32.81,0,DED5F6C0D093,1690488600,27-07-2023 23:10:00,-1.0261
32.94,0,DED5F6C0D093,1690489200,27-07-2023 23:20:00,-1.0261
33.06,0,DED5F6C0D093,1690489800,27-07-2023 23:30:00,-1.0261
33.06,0,DED5F6C0D093,1690490400,27-07-2023 23:40:00,-1.0261
33.13,0,DED5F6C0D093,1690491000,27-07-2023 23:50:00,-1.0261
33.13,0,DED5F6C0D093,1690491600,28-07-2023 00:00:00,-1.0261
33.19,0,DED5F6C0D093,1690492200,28-07-2023 00:10:00,-1.0261
33.19,0,DED5F6C0D093,1690492800,28-07-2023 00:20:00,-1.0261
33.19,0,DED5F6C0D093,1690493400,28-07-2023 00:30:00,-1.0261
33.19,0,DED5F6C0D093,1690494000,28-07-2023 00:40:00,-1.0261
33.19,0,DED5F6C0D093,1690494600,28-07-2023 00:50:00,-1.0261
33.19,0,DED5F6C0D093,1690495200,28-07-2023 01:00:00,-1.0261
33.13,0,DED5F6C0D093,1690495800,28-07-2023 01:10:00,-1.0261
33.13,0,DED5F6C0D093,1690496400,28-07-2023 01:20:00,-1.0261
33.13,0,DED5F6C0D093,1690497000,28-07-2023 01:30:00,-1.0261
33.13,0,DED5F6C0D093,1690497600,28-07-2023 01:40:00,-1.0261
33.06,0,DED5F6C0D093,1690498200,28-07-2023 01:50:00,-1.0261
33.06,0,DED5F6C0D093,1690498800,28-07-2023 02:00:00,-1.0261
33.06,0,DED5F6C0D093,1690499400,28-07-2023 02:10:00,-1.0261
33,0,DED5F6C0D093,1690500000,28-07-2023 02:20:00,-1.0261
32.94,0,DED5F6C0D093,1690500600,28-07-2023 02:30:00,-1.0261
32.94,0,DED5F6C0D093,1690501200,28-07-2023 02:40:00,-1.0261
32.94,0,DED5F6C0D093,1690501800,28-07-2023 02:50:00,-1.0261
32.94,0,DED5F6C0D093,1690502400,28-07-2023 03:00:00,-1.0261
32.94,0,DED5F6C0D093,1690503000,28-07-2023 03:10:00,-1.0261
32.94,0,DED5F6C0D093,1690503600,28-07-2023 03:20:00,-1.0261
32.94,0,DED5F6C0D093,1690504200,28-07-2023 03:30:00,-1.0261
32.88,0,DED5F6C0D093,1690504800,28-07-2023 03:40:00,-1.0261
32.88,0,DED5F6C0D093,1690505400,28-07-2023 03:50:00,-1.0261
32.94,0,DED5F6C0D093,1690506000,28-07-2023 04:00:00,-1.0261
32.94,0,DED5F6C0D093,1690506600,28-07-2023 04:10:00,-1.0261
32.94,0,DED5F6C0D093,1690507200,28-07-2023 04:20:00,-1.0261
32.88,0,DED5F6C0D093,1690507800,28-07-2023 04:30:00,-1.0261
32.88,0,DED5F6C0D093,1690508400,28-07-2023 04:40:00,-1.0261
32.75,0,DED5F6C0D093,1690509000,28-07-2023 04:50:00,-1.0261
32.63,0,DED5F6C0D093,1690509600,28-07-2023 05:00:00,-1.0261
32.44,0,DED5F6C0D093,1690510200,28-07-2023 05:10:00,-1.0261
32.31,0,DED5F6C0D093,1690510800,28-07-2023 05:20:00,-1.0261
32.13,0,DED5F6C0D093,1690511400,28-07-2023 05:30:00,-1.0261
31.94,0.03,DED5F6C0D093,1690512000,28-07-2023 05:40:00,-0.948136
31.81,0.41,DED5F6C0D093,1690512600,28-07-2023 05:50:00,0.039408
31.75,1.81,DED5F6C0D093,1690513200,28-07-2023 06:00:00,3.677728
31.69,5.44,DED5F6C0D093,1690513800,28-07-2023 06:10:00,13.111372
31.56,10.63,DED5F6C0D093,1690514400,28-07-2023 06:20:00,26.599144
31.5,16.72,DED5F6C0D093,1690515000,28-07-2023 06:30:00,42.425836
31.44,24.64,DED5F6C0D093,1690515600,28-07-2023 06:40:00,63.008332
31.38,34.29,DED5F6C0D093,1690516200,28-07-2023 06:50:00,88.086752
31.38,45.12,DED5F6C0D093,1690516800,28-07-2023 07:00:00,116.231756
31.25,56.71,DED5F6C0D093,1690517400,28-07-2023 07:10:00,146.351848
31.25,68.95,DED5F6C0D093,1690518000,28-07-2023 07:20:00,178.16116
31.25,82.39,DED5F6C0D093,1690518600,28-07-2023 07:30:00,213.089032
31.38,97.05,DED5F6C0D093,1690519200,28-07-2023 07:40:00,251.18744
31.5,111.86,DED5F6C0D093,1690519800,28-07-2023 07:50:00,289.675668
31.63,126.7,DED5F6C0D093,1690520400,28-07-2023 08:00:00,328.24186
31.75,143.33,DED5F6C0D093,1690521000,28-07-2023 08:10:00,371.459904
32,160.56,DED5F6C0D093,1690521600,28-07-2023 08:20:00,416.237228
32.25,176.43,DED5F6C0D093,1690522200,28-07-2023 08:30:00,457.480184
32.5,194.48,DED5F6C0D093,1690522800,28-07-2023 08:40:00,504.388524
32.63,212.49,DED5F6C0D093,1690523400,28-07-2023 08:50:00,551.192912
32.81,229.44,DED5F6C0D093,1690524000,28-07-2023 09:00:00,595.242572
32.94,244.31,DED5F6C0D093,1690524600,28-07-2023 09:10:00,633.886728
33.06,262.18,DED5F6C0D093,1690525200,28-07-2023 09:20:00,680.327284
33.19,277.54,DED5F6C0D093,1690525800,28-07-2023 09:30:00,720.244852
33.31,294.81,DED5F6C0D093,1690526400,28-07-2023 09:40:00,765.126128
33.44,308.79,DED5F6C0D093,1690527000,28-07-2023 09:50:00,801.457352
33.56,319.77,DED5F6C0D093,1690527600,28-07-2023 10:00:00,829.992176
33.69,330.49,DED5F6C0D093,1690528200,28-07-2023 10:10:00,857.851312
33.81,344.29,DED5F6C0D093,1690528800,28-07-2023 10:20:00,893.714752
33.88,358.2,DED5F6C0D093,1690529400,28-07-2023 10:30:00,929.86406
33.94,370.49,DED5F6C0D093,1690530000,28-07-2023 10:40:00,961.803312
33.94,378.95,DED5F6C0D093,1690530600,28-07-2023 10:50:00,983.78916
33.94,390.5,DED5F6C0D093,1690531200,28-07-2023 11:00:00,1013.8053
33.88,401.76,DED5F6C0D093,1690531800,28-07-2023 11:10:00,1043.067788
33.94,413.7,DED5F6C0D093,1690532400,28-07-2023 11:20:00,1074.09746
34,425.31,DED5F6C0D093,1690533000,28-07-2023 11:30:00,1104.269528
34.19,429.21,DED5F6C0D093,1690533600,28-07-2023 11:40:00,1114.404848
34.44,434.91,DED5F6C0D093,1690534200,28-07-2023 11:50:00,1129.218008
34.56,435.61,DED5F6C0D093,1690534800,28-07-2023 12:00:00,1131.037168
34.69,438.32,DED5F6C0D093,1690535400,28-07-2023 12:10:00,1138.079916
34.75,439.44,DED5F6C0D093,1690536000,28-07-2023 12:20:00,1140.990572
34.75,442.93,DED5F6C0D093,1690536600,28-07-2023 12:30:00,1150.060384
34.88,441.56,DED5F6C0D093,1690537200,28-07-2023 12:40:00,1146.500028
34.94,440.93,DED5F6C0D093,1690537800,28-07-2023 12:50:00,1144.862784
35,440.49,DED5F6C0D093,1690538400,28-07-2023 13:00:00,1143.719312
35.13,433.9,DED5F6C0D093,1690539000,28-07-2023 13:10:00,1126.59322
35.13,431.95,DED5F6C0D093,1690539600,28-07-2023 13:20:00,1121.52556
35.19,425.78,DED5F6C0D093,1690540200,28-07-2023 13:30:00,1105.490964
35.19,420.58,DED5F6C0D093,1690540800,28-07-2023 13:40:00,1091.977204
35.19,410.43,DED5F6C0D093,1690541400,28-07-2023 13:50:00,1065.599384
35.19,397.68,DED5F6C0D093,1690542000,28-07-2023 14:00:00,1032.464684
35.19,381.28,DED5F6C0D093,1690542600,28-07-2023 14:10:00,989.844364
35.25,367.17,DED5F6C0D093,1690543200,28-07-2023 14:20:00,953.175296
35.25,349.18,DED5F6C0D093,1690543800,28-07-2023 14:30:00,906.422884
35.31,333.46,DED5F6C0D093,1690544400,28-07-2023 14:40:00,865.569748
35.25,308.89,DED5F6C0D093,1690545000,28-07-2023 14:50:00,801.717232
35.19,287.62,DED5F6C0D093,1690545600,28-07-2023 15:00:00,746.440756
35.19,267.63,DED5F6C0D093,1690546200,28-07-2023 15:10:00,694.490744
35.19,244.16,DED5F6C0D093,1690546800,28-07-2023 15:20:00,633.496908
35,224.03,DED5F6C0D093,1690547400,28-07-2023 15:30:00,581.183064
34.94,199.92,DED5F6C0D093,1690548000,28-07-2023 15:40:00,518.525996
34.94,179.24,DED5F6C0D093,1690548600,28-07-2023 15:50:00,464.782812
34.88,162.04,DED5F6C0D093,1690549200,28-07-2023 16:00:00,420.083452
34.88,149.03,DED5F6C0D093,1690549800,28-07-2023 16:10:00,386.273064
34.81,136.45,DED5F6C0D093,1690550400,28-07-2023 16:20:00,353.58016
34.75,121.77,DED5F6C0D093,1690551000,28-07-2023 16:30:00,315.429776
34.75,113.12,DED5F6C0D093,1690551600,28-07-2023 16:40:00,292.950156
34.75,102.66,DED5F6C0D093,1690552200,28-07-2023 16:50:00,265.766708
34.69,94.08,DED5F6C0D093,1690552800,28-07-2023 17:00:00,243.469004
34.63,86.03,DED5F6C0D093,1690553400,28-07-2023 17:10:00,222.548664
34.38,78,DED5F6C0D093,1690554000,28-07-2023 17:20:00,201.6803
34.25,69.71,DED5F6C0D093,1690554600,28-07-2023 17:30:00,180.136248
34.19,61.77,DED5F6C0D093,1690555200,28-07-2023 17:40:00,159.501776
34.13,53.74,DED5F6C0D093,1690555800,28-07-2023 17:50:00,138.633412
34.06,46.69,DED5F6C0D093,1690556400,28-07-2023 18:00:00,120.311872
33.94,39.03,DED5F6C0D093,1690557000,28-07-2023 18:10:00,100.405064
33.81,30.72,DED5F6C0D093,1690557600,28-07-2023 18:20:00,78.809036
33.63,22.78,DED5F6C0D093,1690558200,28-07-2023 18:30:00,58.174564
33.5,15.82,DED5F6C0D093,1690558800,28-07-2023 18:40:00,40.086916
33.25,9.96,DED5F6C0D093,1690559400,28-07-2023 18:50:00,24.857948
33.13,5.04,DED5F6C0D093,1690560000,28-07-2023 19:00:00,12.071852
33.06,1.67,DED5F6C0D093,1690560600,28-07-2023 19:10:00,3.313896
32.94,0.55,DED5F6C0D093,1690561200,28-07-2023 19:20:00,0.40324
32.75,0.06,DED5F6C0D093,1690561800,28-07-2023 19:30:00,-0.870172
32.69,0,DED5F6C0D093,1690562400,28-07-2023 19:40:00,-1.0261
32.56,0,DED5F6C0D093,1690563000,28-07-2023 19:50:00,-1.0261
32.5,0,DED5F6C0D093,1690563600,28-07-2023 20:00:00,-1.0261
32.38,0,DED5F6C0D093,1690564200,28-07-2023 20:10:00,-1.0261
32.31,0,DED5F6C0D093,1690564800,28-07-2023 20:20:00,-1.0261
32.25,0,DED5F6C0D093,1690565400,28-07-2023 20:30:00,-1.0261
32.19,0,DED5F6C0D093,1690566000,28-07-2023 20:40:00,-1.0261
32.13,0,DED5F6C0D093,1690566600,28-07-2023 20:50:00,-1.0261
32.13,0,DED5F6C0D093,1690567200,28-07-2023 21:00:00,-1.0261
32.13,0,DED5F6C0D093,1690567800,28-07-2023 21:10:00,-1.0261
32.06,0,DED5F6C0D093,1690568400,28-07-2023 21:20:00,-1.0261
32.06,0,DED5F6C0D093,1690569000,28-07-2023 21:30:00,-1.0261
32,0,DED5F6C0D093,1690569600,28-07-2023 21:40:00,-1.0261
32,0,DED5F6C0D093,1690570200,28-07-2023 21:50:00,-1.0261
32,0,DED5F6C0D093,1690570800,28-07-2023 22:00:00,-1.0261
31.94,0,DED5F6C0D093,1690571400,28-07-2023 22:10:00,-1.0261
31.94,0,DED5F6C0D093,1690572000,28-07-2023 22:20:00,-1.0261
31.94,0,DED5F6C0D093,1690572600,28-07-2023 22:30:00,-1.0261
32,0,DED5F6C0D093,1690573200,28-07-2023 22:40:00,-1.0261
32,0,DED5F6C0D093,1690573800,28-07-2023 22:50:00,-1.0261
32.06,0,DED5F6C0D093,1690574400,28-07-2023 23:00:00,-1.0261
32.31,0,DED5F6C0D093,1690575000,28-07-2023 23:10:00,-1.0261
32.56,0,DED5F6C0D093,1690575600,28-07-2023 23:20:00,-1.0261
32.75,0,DED5F6C0D093,1690576200,28-07-2023 23:30:00,-1.0261
32.69,0,DED5F6C0D093,1690576800,28-07-2023 23:40:00,-1.0261
32.56,0,DED5F6C0D093,1690577400,28-07-2023 23:50:00,-1.0261
32.63,0,DED5F6C0D093,1690578000,29-07-2023 00:00:00,-1.0261
32.81,0,DED5F6C0D093,1690578600,29-07-2023 00:10:00,-1.0261
33.06,0,DED5F6C0D093,1690579200,29-07-2023 00:20:00,-1.0261
33.13,0,DED5F6C0D093,1690579800,29-07-2023 00:30:00,-1.0261
33.13,0,DED5F6C0D093,1690580400,29-07-2023 00:40:00,-1.0261
33.19,0,DED5F6C0D093,1690581000,29-07-2023 00:50:00,-1.0261
33.19,0,DED5F6C0D093,1690581600,29-07-2023 01:00:00,-1.0261
33.19,0,DED5F6C0D093,1690582200,29-07-2023 01:10:00,-1.0261
33.19,0,DED5F6C0D093,1690582800,29-07-2023 01:20:00,-1.0261
33.13,0,DED5F6C0D093,1690583400,29-07-2023 01:30:00,-1.0261
33.13,0,DED5F6C0D093,1690584000,29-07-2023 01:40:00,-1.0261
33.13,0,DED5F6C0D093,1690584600,29-07-2023 01:50:00,-1.0261
33.06,0,DED5F6C0D093,1690585200,29-07-2023 02:00:00,-1.0261
33.06,0,DED5F6C0D093,1690585800,29-07-2023 02:10:00,-1.0261
33.06,0,DED5F6C0D093,1690586400,29-07-2023 02:20:00,-1.0261
32.94,0,DED5F6C0D093,1690587000,29-07-2023 02:30:00,-1.0261
32.75,0,DED5F6C0D093,1690587600,29-07-2023 02:40:00,-1.0261
32.63,0,DED5F6C0D093,1690588200,29-07-2023 02:50:00,-1.0261
32.63,0,DED5F6C0D093,1690588800,29-07-2023 03:00:00,-1.0261
32.63,0,DED5F6C0D093,1690589400,29-07-2023 03:10:00,-1.0261
32.69,0,DED5F6C0D093,1690590000,29-07-2023 03:20:00,-1.0261
32.75,0,DED5F6C0D093,1690590600,29-07-2023 03:30:00,-1.0261
32.69,0,DED5F6C0D093,1690591200,29-07-2023 03:40:00,-1.0261
32.69,0,DED5F6C0D093,1690591800,29-07-2023 03:50:00,-1.0261
32.75,0,DED5F6C0D093,1690592400,29-07-2023 04:00:00,-1.0261
32.69,0,DED5F6C0D093,1690593000,29-07-2023 04:10:00,-1.0261
32.63,0,DED5F6C0D093,1690593600,29-07-2023 04:20:00,-1.0261
32.56,0,DED5F6C0D093,1690594200,29-07-2023 04:30:00,-1.0261
32.38,0,DED5F6C0D093,1690594800,29-07-2023 04:40:00,-1.0261
32.19,0,DED5F6C0D093,1690595400,29-07-2023 04:50:00,-1.0261
32.13,0,DED5F6C0D093,1690596000,29-07-2023 05:00:00,-1.0261
31.88,0,DED5F6C0D093,1690596600,29-07-2023 05:10:00,-1.0261
31.75,0,DED5F6C0D093,1690597200,29-07-2023 05:20:00,-1.0261
31.63,0,DED5F6C0D093,1690597800,29-07-2023 05:30:00,-1.0261
31.44,0.04,DED5F6C0D093,1690598400,29-07-2023 05:40:00,-0.922148
31.38,0.44,DED5F6C0D093,1690599000,29-07-2023 05:50:00,0.117372
31.25,1.78,DED5F6C0D093,1690599600,29-07-2023 06:00:00,3.599764
31.19,4.79,DED5F6C0D093,1690600200,29-07-2023 06:10:00,11.422152
31.06,9.42,DED5F6C0D093,1690600800,29-07-2023 06:20:00,23.454596
30.94,15.75,DED5F6C0D093,1690601400,29-07-2023 06:30:00,39.905
30.88,23.28,DED5F6C0D093,1690602000,29-07-2023 06:40:00,59.473964
30.75,31.36,DED5F6C0D093,1690602600,29-07-2023 06:50:00,80.472268
30.63,40.8,DED5F6C0D093,1690603200,29-07-2023 07:00:00,105.00494
30.63,51.53,DED5F6C0D093,1690603800,29-07-2023 07:10:00,132.890064
30.5,63.09,DED5F6C0D093,1690604400,29-07-2023 07:20:00,162.932192
30.56,76.05,DED5F6C0D093,1690605000,29-07-2023 07:30:00,196.61264
30.56,89.76,DED5F6C0D093,1690605600,29-07-2023 07:40:00,232.242188
30.63,103.97,DED5F6C0D093,1690606200,29-07-2023 07:50:00,269.171136
30.69,119.22,DED5F6C0D093,1690606800,29-07-2023 08:00:00,308.802836
30.75,134.87,DED5F6C0D093,1690607400,29-07-2023 08:10:00,349.474056
30.81,150.6,DED5F6C0D093,1690608000,29-07-2023 08:20:00,390.35318
30.94,166.8,DED5F6C0D093,1690608600,29-07-2023 08:30:00,432.45374
31.06,183.4,DED5F6C0D093,1690609200,29-07-2023 08:40:00,475.59382
31.13,199.93,DED5F6C0D093,1690609800,29-07-2023 08:50:00,518.551984
31.38,217.03,DED5F6C0D093,1690610400,29-07-2023 09:00:00,562.991464
31.56,234.03,DED5F6C0D093,1690611000,29-07-2023 09:10:00,607.171064
31.81,251.5,DED5F6C0D093,1690611600,29-07-2023 09:20:00,652.5721
32.31,266.81,DED5F6C0D093,1690612200,29-07-2023 09:30:00,692.359728
32.63,282.23,DED5F6C0D093,1690612800,29-07-2023 09:40:00,732.433224
33.38,275.18,DED5F6C0D093,1690613400,29-07-2023 09:50:00,714.111684
33.69,140.56,DED5F6C0D093,1690614000,29-07-2023 10:00:00,364.261228
31.5,19.8,DED5F6C0D093,1690614600,29-07-2023 10:10:00,50.43014
30.44,3.26,DED5F6C0D093,1690615200,29-07-2023 10:20:00,7.445988
29.88,2.66,DED5F6C0D093,1690615800,29-07-2023 10:30:00,5.886708
23.13,0.67,DED5F6C0D093,1690616400,29-07-2023 10:40:00,0.715096
22.25,0.01,DED5F6C0D093,1690617000,29-07-2023 10:50:00,-1.000112
22,0,DED5F6C0D093,1690617600,29-07-2023 11:00:00,-1.0261
21.81,0.01,DED5F6C0D093,1690618200,29-07-2023 11:10:00,-1.000112
21.63,0,DED5F6C0D093,1690618800,29-07-2023 11:20:00,-1.0261
21.56,0.01,DED5F6C0D093,1690619400,29-07-2023 11:30:00,-1.000112
21.5,0.01,DED5F6C0D093,1690620000,29-07-2023 11:40:00,-1.000112
21.38,0.03,DED5F6C0D093,1690620600,29-07-2023 11:50:00,-0.948136
21.31,0.04,DED5F6C0D093,1690621200,29-07-2023 12:00:00,-0.922148
21.25,0.03,DED5F6C0D093,1690621800,29-07-2023 12:10:00,-0.948136
21.19,0.03,DED5F6C0D093,1690622400,29-07-2023 12:20:00,-0.948136
21.13,0.04,DED5F6C0D093,1690623000,29-07-2023 12:30:00,-0.922148
21.06,0.03,DED5F6C0D093,1690623600,29-07-2023 12:40:00,-0.948136
20.94,0.03,DED5F6C0D093,1690624200,29-07-2023 12:50:00,-0.948136
20.88,0.03,DED5F6C0D093,1690624800,29-07-2023 13:00:00,-0.948136
20.88,0.03,DED5F6C0D093,1690625400,29-07-2023 13:10:00,-0.948136
20.81,0.03,DED5F6C0D093,1690626000,29-07-2023 13:20:00,-0.948136
20.75,0.03,DED5F6C0D093,1690626600,29-07-2023 13:30:00,-0.948136
20.69,0.03,DED5F6C0D093,1690627200,29-07-2023 13:40:00,-0.948136
20.63,0.03,DED5F6C0D093,1690627800,29-07-2023 13:50:00,-0.948136
20.56,0.03,DED5F6C0D093,1690628400,29-07-2023 14:00:00,-0.948136
20.56,0.03,DED5F6C0D093,1690629000,29-07-2023 14:10:00,-0.948136
20.5,0.03,DED5F6C0D093,1690629600,29-07-2023 14:20:00,-0.948136
20.5,0.01,DED5F6C0D093,1690630200,29-07-2023 14:30:00,-1.000112
20.44,0.01,DED5F6C0D093,1690630800,29-07-2023 14:40:00,-1.000112
20.38,0,DED5F6C0D093,1690631400,29-07-2023 14:50:00,-1.0261
20.38,0.01,DED5F6C0D093,1690632000,29-07-2023 15:00:00,-1.000112
20.31,0,DED5F6C0D093,1690632600,29-07-2023 15:10:00,-1.0261
20.25,0.01,DED5F6C0D093,1690633200,29-07-2023 15:20:00,-1.000112
20.25,0,DED5F6C0D093,1690633800,29-07-2023 15:30:00,-1.0261
20.25,0.01,DED5F6C0D093,1690634400,29-07-2023 15:40:00,-1.000112
20.25,0,DED5F6C0D093,1690635000,29-07-2023 15:50:00,-1.0261
20.25,0.01,DED5F6C0D093,1690635600,29-07-2023 16:00:00,-1.000112
20.19,0,DED5F6C0D093,1690636200,29-07-2023 16:10:00,-1.0261
20.19,0.01,DED5F6C0D093,1690636800,29-07-2023 16:20:00,-1.000112
20.13,0,DED5F6C0D093,1690637400,29-07-2023 16:30:00,-1.0261
20.13,0.01,DED5F6C0D093,1690638000,29-07-2023 16:40:00,-1.000112
20.13,0,DED5F6C0D093,1690638600,29-07-2023 16:50:00,-1.0261
20.06,0.01,DED5F6C0D093,1690639200,29-07-2023 17:00:00,-1.000112
20.06,0,DED5F6C0D093,1690639800,29-07-2023 17:10:00,-1.0261
20.06,0,DED5F6C0D093,1690640400,29-07-2023 17:20:00,-1.0261
20.06,0.01,DED5F6C0D093,1690641000,29-07-2023 17:30:00,-1.000112
20.06,0,DED5F6C0D093,1690641600,29-07-2023 17:40:00,-1.0261
20.06,0.01,DED5F6C0D093,1690642200,29-07-2023 17:50:00,-1.000112
20,0,DED5F6C0D093,1690642800,29-07-2023 18:00:00,-1.0261
20,0,DED5F6C0D093,1690643400,29-07-2023 18:10:00,-1.0261
19.94,0.01,DED5F6C0D093,1690644000,29-07-2023 18:20:00,-1.000112
19.94,0,DED5F6C0D093,1690644600,29-07-2023 18:30:00,-1.0261
20,0.01,DED5F6C0D093,1690645200,29-07-2023 18:40:00,-1.000112
19.94,0,DED5F6C0D093,1690645800,29-07-2023 18:50:00,-1.0261
19.94,0.01,DED5F6C0D093,1690646400,29-07-2023 19:00:00,-1.000112
19.94,0,DED5F6C0D093,1690647000,29-07-2023 19:10:00,-1.0261
19.94,0,DED5F6C0D093,1690647600,29-07-2023 19:20:00,-1.0261
19.88,0.01,DED5F6C0D093,1690648200,29-07-2023 19:30:00,-1.000112
19.88,0,DED5F6C0D093,1690648800,29-07-2023 19:40:00,-1.0261
19.88,0.01,DED5F6C0D093,1690649400,29-07-2023 19:50:00,-1.000112
19.88,0,DED5F6C0D093,1690650000,29-07-2023 20:00:00,-1.0261
19.88,0,DED5F6C0D093,1690650600,29-07-2023 20:10:00,-1.0261
19.88,0.01,DED5F6C0D093,1690651200,29-07-2023 20:20:00,-1.000112
19.88,0,DED5F6C0D093,1690651800,29-07-2023 20:30:00,-1.0261
19.88,0.01,DED5F6C0D093,1690652400,29-07-2023 20:40:00,-1.000112
19.81,0,DED5F6C0D093,1690653000,29-07-2023 20:50:00,-1.0261
19.75,0.01,DED5F6C0D093,1690653600,29-07-2023 21:00:00,-1.000112
19.81,0,DED5F6C0D093,1690654200,29-07-2023 21:10:00,-1.0261
19.81,0,DED5F6C0D093,1690654800,29-07-2023 21:20:00,-1.0261
19.81,0.01,DED5F6C0D093,1690655400,29-07-2023 21:30:00,-1.000112
19.81,0,DED5F6C0D093,1690656000,29-07-2023 21:40:00,-1.0261
19.81,0.01,DED5F6C0D093,1690656600,29-07-2023 21:50:00,-1.000112
19.81,0,DED5F6C0D093,1690657200,29-07-2023 22:00:00,-1.0261
19.75,0,DED5F6C0D093,1690657800,29-07-2023 22:10:00,-1.0261
19.75,0.01,DED5F6C0D093,1690658400,29-07-2023 22:20:00,-1.000112
19.75,0,DED5F6C0D093,1690659000,29-07-2023 22:30:00,-1.0261
19.75,0.01,DED5F6C0D093,1690659600,29-07-2023 22:40:00,-1.000112
19.75,0,DED5F6C0D093,1690660200,29-07-2023 22:50:00,-1.0261
19.75,0,DED5F6C0D093,1690660800,29-07-2023 23:00:00,-1.0261
19.75,0.01,DED5F6C0D093,1690661400,29-07-2023 23:10:00,-1.000112
19.75,0,DED5F6C0D093,1690662000,29-07-2023 23:20:00,-1.0261
19.75,0.01,DED5F6C0D093,1690662600,29-07-2023 23:30:00,-1.000112
19.69,0,DED5F6C0D093,1690663200,29-07-2023 23:40:00,-1.0261
19.69,0,DED5F6C0D093,1690663800,29-07-2023 23:50:00,-1.0261
